{
  "pre": {
    "student_vs_teacher/top1": 0.9638919830322266,
    "student_vs_teacher/top5": 0.9549614787101746,
    "student_vs_teacher/top10": 0.9570011496543884,
    "student_vs_teacher/logit_l1_mean": 13593.982421875,
    "student_vs_teacher/logit_l1_p99": 31952.14453125,
    "student_vs_teacher/logit_mae_mean": 0.10599100589752197,
    "student_vs_teacher/logit_l2_mean": 47.514556884765625,
    "student_vs_teacher/logit_l2_p99": 109.63008117675781,
    "student_vs_teacher/logit_max_err_mean": 0.6764822602272034,
    "student_vs_teacher/logit_max_err_p99": 1.96875,
    "student_vs_teacher/logit_cosine_mean": 0.9983610510826111,
    "student_vs_teacher/logit_cosine_p01": 0.9923083186149597,
    "student_vs_teacher/kl_mean": 0.005544829647988081,
    "student_vs_teacher/kl_p99": 0.039301976561546326,
    "student_vs_teacher/margin_mean": 0.005706303287297487,
    "student_vs_teacher/margin_p99": 0.1675170660018921,
    "student_vs_teacher/n_positions": 3628,
    "student_vs_teacher/vocab_size": 128256,
    "step": 0,
    "lr": 0.0,
    "loss": NaN,
    "wall_s": 12.472107172012329
  },
  "post": {
    "student_vs_teacher/top1": 0.9655457735061646,
    "student_vs_teacher/top5": 0.9546307325363159,
    "student_vs_teacher/top10": 0.9574145674705505,
    "student_vs_teacher/logit_l1_mean": 13652.90625,
    "student_vs_teacher/logit_l1_p99": 32773.52734375,
    "student_vs_teacher/logit_mae_mean": 0.10645043104887009,
    "student_vs_teacher/logit_l2_mean": 47.709716796875,
    "student_vs_teacher/logit_l2_p99": 110.4835205078125,
    "student_vs_teacher/logit_max_err_mean": 0.678633451461792,
    "student_vs_teacher/logit_max_err_p99": 1.9489059448242188,
    "student_vs_teacher/logit_cosine_mean": 0.9983262419700623,
    "student_vs_teacher/logit_cosine_p01": 0.9917610287666321,
    "student_vs_teacher/kl_mean": 0.005488378927111626,
    "student_vs_teacher/kl_p99": 0.03585901856422424,
    "student_vs_teacher/margin_mean": 0.006154254078865051,
    "student_vs_teacher/margin_p99": 0.19158175587654114,
    "student_vs_teacher/n_positions": 3628,
    "student_vs_teacher/vocab_size": 128256,
    "step": -1,
    "lr": 0.0,
    "loss": NaN,
    "best_step": 100,
    "wall_s": 977.494647026062
  },
  "best_step": 100
}