{
  "n_positions": 14984,
  "n_prompts": 100,
  "all": {
    "top1_match": 0.9982648491859436,
    "top5_overlap": 0.998291552066803,
    "logit_l2": 1.7202662229537964,
    "kl_ref_cand": 7.0646869971824344e-06,
    "gumbel_margin": 7.4444387792027555e-06,
    "logit_l2_p50": 1.5071909427642822,
    "logit_l2_p99": 4.785059452056885,
    "logit_l2_max": 55.9903450012207,
    "kl_ref_cand_p50": 3.7339559639804065e-06,
    "kl_ref_cand_p99": 5.667517689289525e-05,
    "kl_ref_cand_max": 0.0007497826591134071,
    "gumbel_margin_p50": 0.0,
    "gumbel_margin_p99": 0.0,
    "gumbel_margin_max": 0.01690673828125
  },
  "last": {
    "top1_match": 1.0,
    "top5_overlap": 0.9959999918937683,
    "logit_l2": 1.9815376996994019,
    "kl_ref_cand": 1.3826703252561856e-05,
    "gumbel_margin": 3.313064371468499e-05,
    "logit_l2_p50": 1.7957863807678223,
    "logit_l2_p99": 4.879427433013916,
    "logit_l2_max": 4.992951393127441,
    "kl_ref_cand_p50": 1.0534509783610702e-05,
    "kl_ref_cand_p99": 5.709791730623692e-05,
    "kl_ref_cand_max": 0.00011859857477247715,
    "gumbel_margin_p50": 0.0,
    "gumbel_margin_p99": 3.3137723221443594e-05,
    "gumbel_margin_max": 0.0033130645751953125
  },
  "wallclock_s": 25.409573078155518,
  "config": {
    "model": "meta-llama/Llama-3.1-8B-Instruct",
    "dtype": "float32",
    "n_prompts": 100,
    "max_len": 512,
    "weight_bits": 24,
    "activation_bits": 24,
    "true_int_matmul": false,
    "quant_scheme": "symmetric",
    "group_size": 128,
    "matmul_dtype": "auto",
    "no_quant": false,
    "dataset": "Salesforce/wikitext",
    "dataset_config": "wikitext-103-raw-v1",
    "dataset_split": "train",
    "temperature": 1.0,
    "seed": 42,
    "device": "auto",
    "out": "experiments/train-nonmatmul-int/data/llama31_8b_PHASE5_A_full.json",
    "include_lm_head": true,
    "skip_substrings": [],
    "smoothquant_alpha": null,
    "smoothquant_n_calib": 16,
    "act_clip_quantile": null,
    "cached_bf16": false,
    "int_nonmatmul": true,
    "rmsnorm_bits": 24,
    "rmsnorm_nr_iter": 2,
    "softmax_lut_size": 1024,
    "softmax_x_min": -16.0,
    "silu_lut_size": 4096,
    "attn_matmul_bits": 24,
    "no_int_rmsnorm": false,
    "no_int_softmax": false,
    "no_int_silu": false,
    "no_int_attn_matmul": false,
    "true_int_nonmatmul": false,
    "int_embedding": true,
    "embedding_bits": 24
  },
  "replaced_module_count": 225
}