{
  "n_positions": 15348,
  "n_prompts": 100,
  "all": {
    "top1_match": 0.999348521232605,
    "top5_overlap": 0.9990488290786743,
    "logit_l2": 1.2726081609725952,
    "kl_ref_cand": 3.0919245546101592e-06,
    "gumbel_margin": 2.373187726334436e-06,
    "logit_l2_p50": 1.155255913734436,
    "logit_l2_p99": 2.9689154624938965,
    "logit_l2_max": 6.7022929191589355,
    "kl_ref_cand_p50": 1.9100771169178188e-06,
    "kl_ref_cand_p99": 2.2670399630442262e-05,
    "kl_ref_cand_max": 0.00014896527864038944,
    "gumbel_margin_p50": 0.0,
    "gumbel_margin_p99": 0.0,
    "gumbel_margin_max": 0.0063648223876953125
  },
  "last": {
    "top1_match": 1.0,
    "top5_overlap": 0.9980000257492065,
    "logit_l2": 1.0483263731002808,
    "kl_ref_cand": 2.1279745396896033e-06,
    "gumbel_margin": 2.367019624216482e-05,
    "logit_l2_p50": 0.9779618382453918,
    "logit_l2_p99": 1.652221918106079,
    "logit_l2_max": 1.6645725965499878,
    "kl_ref_cand_p50": 1.6838712326716632e-06,
    "kl_ref_cand_p99": 7.004385679465486e-06,
    "kl_ref_cand_max": 9.115494322031736e-06,
    "gumbel_margin_p50": 0.0,
    "gumbel_margin_p99": 2.3675253032706678e-05,
    "gumbel_margin_max": 0.0023670196533203125
  },
  "wallclock_s": 20.634697675704956,
  "config": {
    "model": "Qwen/Qwen2.5-0.5B",
    "dtype": "float32",
    "n_prompts": 100,
    "max_len": 512,
    "weight_bits": 24,
    "activation_bits": 24,
    "true_int_matmul": false,
    "quant_scheme": "symmetric",
    "group_size": 128,
    "matmul_dtype": "auto",
    "no_quant": false,
    "dataset": "Salesforce/wikitext",
    "dataset_config": "wikitext-103-raw-v1",
    "dataset_split": "train",
    "temperature": 1.0,
    "seed": 42,
    "device": "auto",
    "out": "experiments/train-nonmatmul-int/data/qwen25_0p5b_PHASE3_HIPREC.json",
    "include_lm_head": true,
    "skip_substrings": [],
    "smoothquant_alpha": null,
    "smoothquant_n_calib": 16,
    "act_clip_quantile": null,
    "cached_bf16": false,
    "int_nonmatmul": true,
    "rmsnorm_bits": 24,
    "rmsnorm_nr_iter": 3,
    "softmax_lut_size": 16384,
    "softmax_x_min": -16.0,
    "silu_lut_size": 4096,
    "attn_matmul_bits": 24,
    "no_int_rmsnorm": false,
    "no_int_softmax": false,
    "no_int_silu": false,
    "no_int_attn_matmul": false,
    "true_int_nonmatmul": false
  },
  "replaced_module_count": 169
}