{
  "n_positions": 15348,
  "n_prompts": 100,
  "all": {
    "top1_match": 0.9988924264907837,
    "top5_overlap": 0.9985014796257019,
    "logit_l2": 1.7633641958236694,
    "kl_ref_cand": 6.337296326819342e-06,
    "gumbel_margin": 3.6165433812129777e-06,
    "logit_l2_p50": 1.6168792247772217,
    "logit_l2_p99": 3.9865660667419434,
    "logit_l2_max": 17.605615615844727,
    "kl_ref_cand_p50": 3.882436431013048e-06,
    "kl_ref_cand_p99": 4.4006999814882874e-05,
    "kl_ref_cand_max": 0.0005143145099282265,
    "gumbel_margin_p50": 0.0,
    "gumbel_margin_p99": 0.0,
    "gumbel_margin_max": 0.010288238525390625
  },
  "last": {
    "top1_match": 1.0,
    "top5_overlap": 0.9980000257492065,
    "logit_l2": 1.4916704893112183,
    "kl_ref_cand": 4.541418093140237e-06,
    "gumbel_margin": 7.937430927995592e-05,
    "logit_l2_p50": 1.4286048412322998,
    "logit_l2_p99": 2.3081207275390625,
    "logit_l2_max": 3.013240098953247,
    "kl_ref_cand_p50": 3.7411664379760623e-06,
    "kl_ref_cand_p99": 1.528342363599222e-05,
    "kl_ref_cand_max": 1.703319139778614e-05,
    "gumbel_margin_p50": 0.0,
    "gumbel_margin_p99": 0.002399060409516096,
    "gumbel_margin_max": 0.005570411682128906
  },
  "wallclock_s": 18.82455801963806,
  "config": {
    "model": "Qwen/Qwen2.5-0.5B",
    "dtype": "float32",
    "n_prompts": 100,
    "max_len": 512,
    "weight_bits": 24,
    "activation_bits": 24,
    "true_int_matmul": false,
    "quant_scheme": "symmetric",
    "group_size": 128,
    "matmul_dtype": "auto",
    "no_quant": false,
    "dataset": "Salesforce/wikitext",
    "dataset_config": "wikitext-103-raw-v1",
    "dataset_split": "train",
    "temperature": 1.0,
    "seed": 42,
    "device": "auto",
    "out": "experiments/train-nonmatmul-int/data/qwen25_0p5b_PHASE3_no-attnmm.json",
    "include_lm_head": true,
    "skip_substrings": [],
    "smoothquant_alpha": null,
    "smoothquant_n_calib": 16,
    "act_clip_quantile": null,
    "cached_bf16": false,
    "int_nonmatmul": true,
    "rmsnorm_bits": 24,
    "rmsnorm_nr_iter": 2,
    "softmax_lut_size": 1024,
    "softmax_x_min": -16.0,
    "silu_lut_size": 4096,
    "attn_matmul_bits": 24,
    "no_int_rmsnorm": false,
    "no_int_softmax": false,
    "no_int_silu": false,
    "no_int_attn_matmul": true,
    "true_int_nonmatmul": false
  },
  "replaced_module_count": 169
}