{
  "n_positions": 15348,
  "n_prompts": 100,
  "all": {
    "top1_match": 0.9989575743675232,
    "top5_overlap": 0.998970627784729,
    "logit_l2": 1.2173266410827637,
    "kl_ref_cand": 3.306123971924535e-06,
    "gumbel_margin": 2.858848347386811e-06,
    "logit_l2_p50": 1.1276389360427856,
    "logit_l2_p99": 2.890413761138916,
    "logit_l2_max": 11.406061172485352,
    "kl_ref_cand_p50": 1.9440230971667916e-06,
    "kl_ref_cand_p99": 2.4162985937437043e-05,
    "kl_ref_cand_max": 0.000258047366514802,
    "gumbel_margin_p50": 0.0,
    "gumbel_margin_p99": 0.0,
    "gumbel_margin_max": 0.00823974609375
  },
  "last": {
    "top1_match": 1.0,
    "top5_overlap": 0.9980000257492065,
    "logit_l2": 1.0640815496444702,
    "kl_ref_cand": 2.4229732389358105e-06,
    "gumbel_margin": 0.0,
    "logit_l2_p50": 1.0385411977767944,
    "logit_l2_p99": 1.6549968719482422,
    "logit_l2_max": 1.961989402770996,
    "kl_ref_cand_p50": 1.933494786499068e-06,
    "kl_ref_cand_p99": 1.1490139513625763e-05,
    "kl_ref_cand_max": 2.06108670681715e-05,
    "gumbel_margin_p50": 0.0,
    "gumbel_margin_p99": 0.0,
    "gumbel_margin_max": 0.0
  },
  "wallclock_s": 19.289074897766113,
  "config": {
    "model": "Qwen/Qwen2.5-0.5B",
    "dtype": "float32",
    "n_prompts": 100,
    "max_len": 512,
    "weight_bits": 24,
    "activation_bits": 24,
    "true_int_matmul": false,
    "quant_scheme": "symmetric",
    "group_size": 128,
    "matmul_dtype": "auto",
    "no_quant": false,
    "dataset": "Salesforce/wikitext",
    "dataset_config": "wikitext-103-raw-v1",
    "dataset_split": "train",
    "temperature": 1.0,
    "seed": 42,
    "device": "auto",
    "out": "experiments/train-nonmatmul-int/data/qwen25_0p5b_PHASE3_no-silu.json",
    "include_lm_head": true,
    "skip_substrings": [],
    "smoothquant_alpha": null,
    "smoothquant_n_calib": 16,
    "act_clip_quantile": null,
    "cached_bf16": false,
    "int_nonmatmul": true,
    "rmsnorm_bits": 24,
    "rmsnorm_nr_iter": 2,
    "softmax_lut_size": 1024,
    "softmax_x_min": -16.0,
    "silu_lut_size": 4096,
    "attn_matmul_bits": 24,
    "no_int_rmsnorm": false,
    "no_int_softmax": false,
    "no_int_silu": true,
    "no_int_attn_matmul": false,
    "true_int_nonmatmul": false
  },
  "replaced_module_count": 169
}