{
  "n_positions": 15348,
  "n_prompts": 100,
  "all": {
    "top1_match": 0.9991530179977417,
    "top5_overlap": 0.9983581900596619,
    "logit_l2": 1.7595744132995605,
    "kl_ref_cand": 6.275169198488584e-06,
    "gumbel_margin": 5.332386990630766e-06,
    "logit_l2_p50": 1.6149547100067139,
    "logit_l2_p99": 4.048859596252441,
    "logit_l2_max": 12.918124198913574,
    "kl_ref_cand_p50": 3.86664760299027e-06,
    "kl_ref_cand_p99": 4.448195613804273e-05,
    "kl_ref_cand_max": 0.0004122448153793812,
    "gumbel_margin_p50": 0.0,
    "gumbel_margin_p99": 0.0,
    "gumbel_margin_max": 0.010954856872558594
  },
  "last": {
    "top1_match": 1.0,
    "top5_overlap": 0.9980000257492065,
    "logit_l2": 1.4637888669967651,
    "kl_ref_cand": 4.73942372991587e-06,
    "gumbel_margin": 5.570411667576991e-05,
    "logit_l2_p50": 1.4609103202819824,
    "logit_l2_p99": 2.4093291759490967,
    "logit_l2_max": 2.7705721855163574,
    "kl_ref_cand_p50": 3.4294953366043046e-06,
    "kl_ref_cand_p99": 1.9310986317577772e-05,
    "kl_ref_cand_max": 4.551466554403305e-05,
    "gumbel_margin_p50": 0.0,
    "gumbel_margin_p99": 5.571601650444791e-05,
    "gumbel_margin_max": 0.005570411682128906
  },
  "wallclock_s": 13.85298466682434,
  "config": {
    "model": "Qwen/Qwen2.5-0.5B",
    "dtype": "float32",
    "n_prompts": 100,
    "max_len": 512,
    "weight_bits": 24,
    "activation_bits": 24,
    "true_int_matmul": false,
    "quant_scheme": "symmetric",
    "group_size": 128,
    "matmul_dtype": "auto",
    "no_quant": false,
    "dataset": "Salesforce/wikitext",
    "dataset_config": "wikitext-103-raw-v1",
    "dataset_split": "train",
    "temperature": 1.0,
    "seed": 42,
    "device": "auto",
    "out": "experiments/train-nonmatmul-int/data/qwen25_0p5b_PHASE1_A.json",
    "include_lm_head": true,
    "skip_substrings": [],
    "smoothquant_alpha": null,
    "smoothquant_n_calib": 16,
    "act_clip_quantile": null,
    "cached_bf16": false,
    "int_nonmatmul": true,
    "rmsnorm_bits": 24,
    "rmsnorm_nr_iter": 2,
    "softmax_lut_size": 1024,
    "softmax_x_min": -16.0,
    "silu_lut_size": 4096,
    "attn_matmul_bits": 24,
    "no_int_rmsnorm": false,
    "no_int_softmax": false,
    "no_int_silu": false,
    "no_int_attn_matmul": false,
    "true_int_nonmatmul": false
  },
  "replaced_module_count": 169
}