{
  "n_positions": 15348,
  "n_prompts": 100,
  "all": {
    "top1_match": 0.9989575743675232,
    "top5_overlap": 0.9981105327606201,
    "logit_l2": 2.946729898452759,
    "kl_ref_cand": 1.1742403330572415e-05,
    "gumbel_margin": 1.928947494889144e-05,
    "logit_l2_p50": 2.0924582481384277,
    "logit_l2_p99": 15.438465118408203,
    "logit_l2_max": 214.38572692871094,
    "kl_ref_cand_p50": 3.031986125279218e-06,
    "kl_ref_cand_p99": 0.00012361124390736222,
    "kl_ref_cand_max": 0.01602930761873722,
    "gumbel_margin_p50": 0.0,
    "gumbel_margin_p99": 0.0,
    "gumbel_margin_max": 0.06714820861816406
  },
  "last": {
    "top1_match": 1.0,
    "top5_overlap": 0.9980000257492065,
    "logit_l2": 2.1841893196105957,
    "kl_ref_cand": 8.129648449539673e-06,
    "gumbel_margin": 5.836486707266886e-06,
    "logit_l2_p50": 1.7938899993896484,
    "logit_l2_p99": 6.231933116912842,
    "logit_l2_max": 12.473702430725098,
    "kl_ref_cand_p50": 4.933259333483875e-06,
    "kl_ref_cand_p99": 5.25918512721546e-05,
    "kl_ref_cand_max": 5.97711477894336e-05,
    "gumbel_margin_p50": 0.0,
    "gumbel_margin_p99": 5.8377336245030165e-06,
    "gumbel_margin_max": 0.000583648681640625
  },
  "wallclock_s": 30.90850567817688,
  "config": {
    "model": "Qwen/Qwen3-8B",
    "dtype": "float32",
    "n_prompts": 100,
    "max_len": 512,
    "weight_bits": 24,
    "activation_bits": 24,
    "true_int_matmul": false,
    "quant_scheme": "symmetric",
    "group_size": 128,
    "matmul_dtype": "auto",
    "no_quant": false,
    "dataset": "Salesforce/wikitext",
    "dataset_config": "wikitext-103-raw-v1",
    "dataset_split": "train",
    "temperature": 1.0,
    "seed": 42,
    "device": "auto",
    "out": "experiments/train-nonmatmul-int/data/qwen3_8b_PHASE5_bestcfg.json",
    "include_lm_head": true,
    "skip_substrings": [],
    "smoothquant_alpha": null,
    "smoothquant_n_calib": 16,
    "act_clip_quantile": null,
    "cached_bf16": false,
    "int_nonmatmul": true,
    "rmsnorm_bits": 24,
    "rmsnorm_nr_iter": 2,
    "softmax_lut_size": 16384,
    "softmax_x_min": -16.0,
    "silu_lut_size": 4096,
    "attn_matmul_bits": 24,
    "no_int_rmsnorm": false,
    "no_int_softmax": false,
    "no_int_silu": false,
    "no_int_attn_matmul": false,
    "true_int_nonmatmul": false
  },
  "replaced_module_count": 253
}