{
  "n_positions": 15348,
  "n_prompts": 100,
  "all": {
    "top1_match": 0.9985014796257019,
    "top5_overlap": 0.9977066516876221,
    "logit_l2": 3.5950441360473633,
    "kl_ref_cand": 1.639703805267345e-05,
    "gumbel_margin": 2.3844344468670897e-05,
    "logit_l2_p50": 2.530264377593994,
    "logit_l2_p99": 17.582868576049805,
    "logit_l2_max": 695.69140625,
    "kl_ref_cand_p50": 4.900850399280898e-06,
    "kl_ref_cand_p99": 0.00017403588572051376,
    "kl_ref_cand_max": 0.008825648576021194,
    "gumbel_margin_p50": 0.0,
    "gumbel_margin_p99": 0.0,
    "gumbel_margin_max": 0.06714820861816406
  },
  "last": {
    "top1_match": 1.0,
    "top5_overlap": 0.9980000257492065,
    "logit_l2": 2.6491243839263916,
    "kl_ref_cand": 1.4823262972640805e-05,
    "gumbel_margin": 5.836486707266886e-06,
    "logit_l2_p50": 2.100588321685791,
    "logit_l2_p99": 6.481963634490967,
    "logit_l2_max": 30.519641876220703,
    "kl_ref_cand_p50": 7.920927600935102e-06,
    "kl_ref_cand_p99": 0.0001093689352273941,
    "kl_ref_cand_max": 0.00030963256722316146,
    "gumbel_margin_p50": 0.0,
    "gumbel_margin_p99": 5.8377336245030165e-06,
    "gumbel_margin_max": 0.000583648681640625
  },
  "wallclock_s": 24.09336543083191,
  "config": {
    "model": "Qwen/Qwen3-8B",
    "dtype": "float32",
    "n_prompts": 100,
    "max_len": 512,
    "weight_bits": 24,
    "activation_bits": 24,
    "true_int_matmul": false,
    "quant_scheme": "symmetric",
    "group_size": 128,
    "matmul_dtype": "auto",
    "no_quant": false,
    "dataset": "Salesforce/wikitext",
    "dataset_config": "wikitext-103-raw-v1",
    "dataset_split": "train",
    "temperature": 1.0,
    "seed": 42,
    "device": "auto",
    "out": "experiments/train-nonmatmul-int/data/qwen3_8b_PHASE5_A.json",
    "include_lm_head": true,
    "skip_substrings": [],
    "smoothquant_alpha": null,
    "smoothquant_n_calib": 16,
    "act_clip_quantile": null,
    "cached_bf16": false,
    "int_nonmatmul": true,
    "rmsnorm_bits": 24,
    "rmsnorm_nr_iter": 2,
    "softmax_lut_size": 1024,
    "softmax_x_min": -16.0,
    "silu_lut_size": 4096,
    "attn_matmul_bits": 24,
    "no_int_rmsnorm": false,
    "no_int_softmax": false,
    "no_int_silu": false,
    "no_int_attn_matmul": false,
    "true_int_nonmatmul": false
  },
  "replaced_module_count": 253
}