{
  "n_positions": 15348,
  "n_prompts": 100,
  "all": {
    "top1_match": 0.9989575743675232,
    "top5_overlap": 0.99884033203125,
    "logit_l2": 1.3096246719360352,
    "kl_ref_cand": 3.286515493527986e-06,
    "gumbel_margin": 2.3783450160408393e-06,
    "logit_l2_p50": 1.1911383867263794,
    "logit_l2_p99": 3.016552448272705,
    "logit_l2_max": 7.479512691497803,
    "kl_ref_cand_p50": 2.0434345060493797e-06,
    "kl_ref_cand_p99": 2.3708180378889665e-05,
    "kl_ref_cand_max": 0.00019673640781547874,
    "gumbel_margin_p50": 0.0,
    "gumbel_margin_p99": 0.0,
    "gumbel_margin_max": 0.008924484252929688
  },
  "last": {
    "top1_match": 1.0,
    "top5_overlap": 0.9959999918937683,
    "logit_l2": 1.0843733549118042,
    "kl_ref_cand": 2.223754336228012e-06,
    "gumbel_margin": 0.0,
    "logit_l2_p50": 1.0705487728118896,
    "logit_l2_p99": 1.5987777709960938,
    "logit_l2_max": 1.855711817741394,
    "kl_ref_cand_p50": 1.9101989892078564e-06,
    "kl_ref_cand_p99": 8.009604243852664e-06,
    "kl_ref_cand_max": 9.685871191322803e-06,
    "gumbel_margin_p50": 0.0,
    "gumbel_margin_p99": 0.0,
    "gumbel_margin_max": 0.0
  },
  "wallclock_s": 20.04039192199707,
  "config": {
    "model": "Qwen/Qwen2.5-0.5B",
    "dtype": "float32",
    "n_prompts": 100,
    "max_len": 512,
    "weight_bits": 24,
    "activation_bits": 24,
    "true_int_matmul": false,
    "quant_scheme": "symmetric",
    "group_size": 128,
    "matmul_dtype": "auto",
    "no_quant": false,
    "dataset": "Salesforce/wikitext",
    "dataset_config": "wikitext-103-raw-v1",
    "dataset_split": "train",
    "temperature": 1.0,
    "seed": 42,
    "device": "auto",
    "out": "experiments/train-nonmatmul-int/data/qwen25_0p5b_PHASE3_smlut4k.json",
    "include_lm_head": true,
    "skip_substrings": [],
    "smoothquant_alpha": null,
    "smoothquant_n_calib": 16,
    "act_clip_quantile": null,
    "cached_bf16": false,
    "int_nonmatmul": true,
    "rmsnorm_bits": 24,
    "rmsnorm_nr_iter": 2,
    "softmax_lut_size": 4096,
    "softmax_x_min": -16.0,
    "silu_lut_size": 4096,
    "attn_matmul_bits": 24,
    "no_int_rmsnorm": false,
    "no_int_softmax": false,
    "no_int_silu": false,
    "no_int_attn_matmul": false,
    "true_int_nonmatmul": false
  },
  "replaced_module_count": 169
}