{
  "n_positions": 15348,
  "n_prompts": 100,
  "all": {
    "top1_match": 0.9994136691093445,
    "top5_overlap": 0.9988272786140442,
    "logit_l2": 1.312512993812561,
    "kl_ref_cand": 3.2940581604634644e-06,
    "gumbel_margin": 2.019194880631403e-06,
    "logit_l2_p50": 1.1920418739318848,
    "logit_l2_p99": 2.9683854579925537,
    "logit_l2_max": 6.485011100769043,
    "kl_ref_cand_p50": 2.0626321202144027e-06,
    "kl_ref_cand_p99": 2.331707401026506e-05,
    "kl_ref_cand_max": 0.00023908080765977502,
    "gumbel_margin_p50": 0.0,
    "gumbel_margin_p99": 0.0,
    "gumbel_margin_max": 0.014116287231445312
  },
  "last": {
    "top1_match": 1.0,
    "top5_overlap": 0.9980000257492065,
    "logit_l2": 1.064921498298645,
    "kl_ref_cand": 2.308575631104759e-06,
    "gumbel_margin": 0.0,
    "logit_l2_p50": 1.0093984603881836,
    "logit_l2_p99": 1.4752659797668457,
    "logit_l2_max": 1.4970358610153198,
    "kl_ref_cand_p50": 1.9551098375814036e-06,
    "kl_ref_cand_p99": 7.872128662711475e-06,
    "kl_ref_cand_max": 1.007376704365015e-05,
    "gumbel_margin_p50": 0.0,
    "gumbel_margin_p99": 0.0,
    "gumbel_margin_max": 0.0
  },
  "wallclock_s": 6.741065740585327,
  "config": {
    "model": "Qwen/Qwen2.5-0.5B",
    "dtype": "float32",
    "n_prompts": 100,
    "max_len": 512,
    "weight_bits": 24,
    "activation_bits": 24,
    "true_int_matmul": false,
    "quant_scheme": "symmetric",
    "group_size": 128,
    "matmul_dtype": "auto",
    "no_quant": false,
    "dataset": "Salesforce/wikitext",
    "dataset_config": "wikitext-103-raw-v1",
    "dataset_split": "train",
    "temperature": 1.0,
    "seed": 42,
    "device": "auto",
    "out": "experiments/train-nonmatmul-int/data/qwen25_0p5b_PHASE2_C_TRAINED.json",
    "include_lm_head": true,
    "skip_substrings": [],
    "smoothquant_alpha": null,
    "smoothquant_n_calib": 16,
    "act_clip_quantile": null,
    "cached_bf16": false,
    "int_nonmatmul": true,
    "rmsnorm_bits": 24,
    "rmsnorm_nr_iter": 2,
    "softmax_lut_size": 4096,
    "softmax_x_min": -16.0,
    "silu_lut_size": 4096,
    "attn_matmul_bits": 24,
    "no_int_rmsnorm": false,
    "no_int_softmax": false,
    "no_int_silu": false,
    "no_int_attn_matmul": false,
    "true_int_nonmatmul": false,
    "int_embedding": true,
    "embedding_bits": 24
  },
  "replaced_module_count": 169
}