{
  "n_positions": 15348,
  "n_prompts": 100,
  "all": {
    "top1_match": 0.9989575743675232,
    "top5_overlap": 0.9985796809196472,
    "logit_l2": 1.5481611490249634,
    "kl_ref_cand": 4.54412838735152e-06,
    "gumbel_margin": 3.1781689813215053e-06,
    "logit_l2_p50": 1.416341781616211,
    "logit_l2_p99": 3.43631911277771,
    "logit_l2_max": 8.107934951782227,
    "kl_ref_cand_p50": 2.983897502417676e-06,
    "kl_ref_cand_p99": 3.172923970851116e-05,
    "kl_ref_cand_max": 0.00021366472356021404,
    "gumbel_margin_p50": 0.0,
    "gumbel_margin_p99": 0.0,
    "gumbel_margin_max": 0.009029388427734375
  },
  "last": {
    "top1_match": 1.0,
    "top5_overlap": 1.0,
    "logit_l2": 1.3541511297225952,
    "kl_ref_cand": 3.3908117984537967e-06,
    "gumbel_margin": 0.0,
    "logit_l2_p50": 1.3471975326538086,
    "logit_l2_p99": 2.067294120788574,
    "logit_l2_max": 2.175295352935791,
    "kl_ref_cand_p50": 3.070381353609264e-06,
    "kl_ref_cand_p99": 8.574842468078714e-06,
    "kl_ref_cand_max": 9.926850907504559e-06,
    "gumbel_margin_p50": 0.0,
    "gumbel_margin_p99": 0.0,
    "gumbel_margin_max": 0.0
  },
  "wallclock_s": 8.871452808380127,
  "config": {
    "model": "Qwen/Qwen2.5-0.5B",
    "dtype": "float32",
    "n_prompts": 100,
    "max_len": 512,
    "weight_bits": 24,
    "activation_bits": 24,
    "true_int_matmul": false,
    "quant_scheme": "symmetric",
    "group_size": 128,
    "matmul_dtype": "auto",
    "no_quant": false,
    "dataset": "Salesforce/wikitext",
    "dataset_config": "wikitext-103-raw-v1",
    "dataset_split": "train",
    "temperature": 1.0,
    "seed": 42,
    "device": "auto",
    "out": "experiments/train-nonmatmul-int/data/qwen25_0p5b_PHASE2_B_TRAINED.json",
    "include_lm_head": true,
    "skip_substrings": [],
    "smoothquant_alpha": null,
    "smoothquant_n_calib": 16,
    "act_clip_quantile": null,
    "cached_bf16": false,
    "int_nonmatmul": true,
    "rmsnorm_bits": 24,
    "rmsnorm_nr_iter": 2,
    "softmax_lut_size": 4096,
    "softmax_x_min": -16.0,
    "silu_lut_size": 4096,
    "attn_matmul_bits": 24,
    "no_int_rmsnorm": false,
    "no_int_softmax": false,
    "no_int_silu": false,
    "no_int_attn_matmul": false,
    "true_int_nonmatmul": false,
    "int_embedding": true,
    "embedding_bits": 24
  },
  "replaced_module_count": 169
}