{
  "n_positions": 15348,
  "n_prompts": 100,
  "all": {
    "top1_match": 0.9992833733558655,
    "top5_overlap": 0.9987491369247437,
    "logit_l2": 1.3129920959472656,
    "kl_ref_cand": 3.3015508051903453e-06,
    "gumbel_margin": 2.244564711872954e-06,
    "logit_l2_p50": 1.1937825679779053,
    "logit_l2_p99": 3.0457096099853516,
    "logit_l2_max": 9.081441879272461,
    "kl_ref_cand_p50": 2.057456185866613e-06,
    "kl_ref_cand_p99": 2.303007204318419e-05,
    "kl_ref_cand_max": 0.00031186407431960106,
    "gumbel_margin_p50": 0.0,
    "gumbel_margin_p99": 0.0,
    "gumbel_margin_max": 0.0063648223876953125
  },
  "last": {
    "top1_match": 1.0,
    "top5_overlap": 0.9959999918937683,
    "logit_l2": 1.0612454414367676,
    "kl_ref_cand": 2.0291163309593685e-06,
    "gumbel_margin": 0.0,
    "logit_l2_p50": 1.0159599781036377,
    "logit_l2_p99": 1.44869065284729,
    "logit_l2_max": 1.806972861289978,
    "kl_ref_cand_p50": 1.8369464669376612e-06,
    "kl_ref_cand_p99": 5.341497853805777e-06,
    "kl_ref_cand_max": 6.178219337016344e-06,
    "gumbel_margin_p50": 0.0,
    "gumbel_margin_p99": 0.0,
    "gumbel_margin_max": 0.0
  },
  "wallclock_s": 9.05934190750122,
  "config": {
    "model": "Qwen/Qwen2.5-0.5B",
    "dtype": "float32",
    "n_prompts": 100,
    "max_len": 512,
    "weight_bits": 24,
    "activation_bits": 24,
    "true_int_matmul": false,
    "quant_scheme": "symmetric",
    "group_size": 128,
    "matmul_dtype": "auto",
    "no_quant": false,
    "dataset": "Salesforce/wikitext",
    "dataset_config": "wikitext-103-raw-v1",
    "dataset_split": "train",
    "temperature": 1.0,
    "seed": 42,
    "device": "auto",
    "out": "experiments/train-nonmatmul-int/data/qwen25_0p5b_LUTSWEEP_lut4096.json",
    "include_lm_head": true,
    "skip_substrings": [],
    "smoothquant_alpha": null,
    "smoothquant_n_calib": 16,
    "act_clip_quantile": null,
    "cached_bf16": false,
    "int_nonmatmul": true,
    "rmsnorm_bits": 24,
    "rmsnorm_nr_iter": 2,
    "softmax_lut_size": 4096,
    "softmax_x_min": -16.0,
    "silu_lut_size": 4096,
    "attn_matmul_bits": 24,
    "no_int_rmsnorm": false,
    "no_int_softmax": false,
    "no_int_silu": false,
    "no_int_attn_matmul": false,
    "true_int_nonmatmul": false,
    "int_embedding": true,
    "embedding_bits": 24
  },
  "replaced_module_count": 169
}