{
  "n_positions": 15348,
  "n_prompts": 100,
  "all": {
    "top1_match": 0.9992833733558655,
    "top5_overlap": 0.9989184141159058,
    "logit_l2": 1.2730311155319214,
    "kl_ref_cand": 3.0839630653645145e-06,
    "gumbel_margin": 1.7744382603268605e-06,
    "logit_l2_p50": 1.1507697105407715,
    "logit_l2_p99": 2.985877513885498,
    "logit_l2_max": 8.06509017944336,
    "kl_ref_cand_p50": 1.9091930880676955e-06,
    "kl_ref_cand_p99": 2.288393079652451e-05,
    "kl_ref_cand_max": 0.00019979150965809822,
    "gumbel_margin_p50": 0.0,
    "gumbel_margin_p99": 0.0,
    "gumbel_margin_max": 0.0056171417236328125
  },
  "last": {
    "top1_match": 1.0,
    "top5_overlap": 0.9980000257492065,
    "logit_l2": 1.0210866928100586,
    "kl_ref_cand": 1.992644456549897e-06,
    "gumbel_margin": 2.367019624216482e-05,
    "logit_l2_p50": 0.999167799949646,
    "logit_l2_p99": 1.343038558959961,
    "logit_l2_max": 1.4279319047927856,
    "kl_ref_cand_p50": 1.7449001461500302e-06,
    "kl_ref_cand_p99": 6.43514340481488e-06,
    "kl_ref_cand_max": 7.723807357251644e-06,
    "gumbel_margin_p50": 0.0,
    "gumbel_margin_p99": 2.3675253032706678e-05,
    "gumbel_margin_max": 0.0023670196533203125
  },
  "wallclock_s": 9.699899435043335,
  "config": {
    "model": "Qwen/Qwen2.5-0.5B",
    "dtype": "float32",
    "n_prompts": 100,
    "max_len": 512,
    "weight_bits": 24,
    "activation_bits": 24,
    "true_int_matmul": false,
    "quant_scheme": "symmetric",
    "group_size": 128,
    "matmul_dtype": "auto",
    "no_quant": false,
    "dataset": "Salesforce/wikitext",
    "dataset_config": "wikitext-103-raw-v1",
    "dataset_split": "train",
    "temperature": 1.0,
    "seed": 42,
    "device": "auto",
    "out": "experiments/train-nonmatmul-int/data/qwen25_0p5b_LUTSWEEP_lut65536.json",
    "include_lm_head": true,
    "skip_substrings": [],
    "smoothquant_alpha": null,
    "smoothquant_n_calib": 16,
    "act_clip_quantile": null,
    "cached_bf16": false,
    "int_nonmatmul": true,
    "rmsnorm_bits": 24,
    "rmsnorm_nr_iter": 2,
    "softmax_lut_size": 65536,
    "softmax_x_min": -16.0,
    "silu_lut_size": 4096,
    "attn_matmul_bits": 24,
    "no_int_rmsnorm": false,
    "no_int_softmax": false,
    "no_int_silu": false,
    "no_int_attn_matmul": false,
    "true_int_nonmatmul": false,
    "int_embedding": true,
    "embedding_bits": 24
  },
  "replaced_module_count": 169
}