{
  "n_positions": 15348,
  "n_prompts": 100,
  "all": {
    "top1_match": 0.999609112739563,
    "top5_overlap": 0.9989836812019348,
    "logit_l2": 1.27301025390625,
    "kl_ref_cand": 3.1026677334011765e-06,
    "gumbel_margin": 2.1044463665020885e-06,
    "logit_l2_p50": 1.1512235403060913,
    "logit_l2_p99": 2.9716603755950928,
    "logit_l2_max": 9.435521125793457,
    "kl_ref_cand_p50": 1.9053150026593357e-06,
    "kl_ref_cand_p99": 2.1900685169384815e-05,
    "kl_ref_cand_max": 0.0003073675325140357,
    "gumbel_margin_p50": 0.0,
    "gumbel_margin_p99": 0.0,
    "gumbel_margin_max": 0.00823974609375
  },
  "last": {
    "top1_match": 1.0,
    "top5_overlap": 0.9980000257492065,
    "logit_l2": 1.0470188856124878,
    "kl_ref_cand": 2.0167069578747032e-06,
    "gumbel_margin": 0.0,
    "logit_l2_p50": 1.0105712413787842,
    "logit_l2_p99": 1.5614283084869385,
    "logit_l2_max": 1.7431981563568115,
    "kl_ref_cand_p50": 1.8072059901896864e-06,
    "kl_ref_cand_p99": 5.965010132058524e-06,
    "kl_ref_cand_max": 6.34434400126338e-06,
    "gumbel_margin_p50": 0.0,
    "gumbel_margin_p99": 0.0,
    "gumbel_margin_max": 0.0
  },
  "wallclock_s": 19.36381435394287,
  "config": {
    "model": "Qwen/Qwen2.5-0.5B",
    "dtype": "float32",
    "n_prompts": 100,
    "max_len": 512,
    "weight_bits": 24,
    "activation_bits": 24,
    "true_int_matmul": false,
    "quant_scheme": "symmetric",
    "group_size": 128,
    "matmul_dtype": "auto",
    "no_quant": false,
    "dataset": "Salesforce/wikitext",
    "dataset_config": "wikitext-103-raw-v1",
    "dataset_split": "train",
    "temperature": 1.0,
    "seed": 42,
    "device": "auto",
    "out": "experiments/train-nonmatmul-int/data/qwen25_0p5b_PHASE3_no-softmax.json",
    "include_lm_head": true,
    "skip_substrings": [],
    "smoothquant_alpha": null,
    "smoothquant_n_calib": 16,
    "act_clip_quantile": null,
    "cached_bf16": false,
    "int_nonmatmul": true,
    "rmsnorm_bits": 24,
    "rmsnorm_nr_iter": 2,
    "softmax_lut_size": 1024,
    "softmax_x_min": -16.0,
    "silu_lut_size": 4096,
    "attn_matmul_bits": 24,
    "no_int_rmsnorm": false,
    "no_int_softmax": true,
    "no_int_silu": false,
    "no_int_attn_matmul": false,
    "true_int_nonmatmul": false
  },
  "replaced_module_count": 169
}