{
  "n_positions": 15348,
  "n_prompts": 100,
  "all": {
    "top1_match": 0.9988924264907837,
    "top5_overlap": 0.9979150891304016,
    "logit_l2": 3.589909076690674,
    "kl_ref_cand": 1.6714058801881038e-05,
    "gumbel_margin": 1.4272928638092708e-05,
    "logit_l2_p50": 2.5209856033325195,
    "logit_l2_p99": 17.496967315673828,
    "logit_l2_max": 592.1668090820312,
    "kl_ref_cand_p50": 4.932204319629818e-06,
    "kl_ref_cand_p99": 0.00017247750656679273,
    "kl_ref_cand_max": 0.01471614371985197,
    "gumbel_margin_p50": 0.0,
    "gumbel_margin_p99": 0.0,
    "gumbel_margin_max": 0.06714820861816406
  },
  "last": {
    "top1_match": 1.0,
    "top5_overlap": 0.9980000257492065,
    "logit_l2": 2.758751153945923,
    "kl_ref_cand": 1.381156198476674e-05,
    "gumbel_margin": 5.836486707266886e-06,
    "logit_l2_p50": 2.2948083877563477,
    "logit_l2_p99": 5.830029010772705,
    "logit_l2_max": 27.609249114990234,
    "kl_ref_cand_p50": 8.066592272371054e-06,
    "kl_ref_cand_p99": 6.615338497795165e-05,
    "kl_ref_cand_max": 0.00023504026466980577,
    "gumbel_margin_p50": 0.0,
    "gumbel_margin_p99": 5.8377336245030165e-06,
    "gumbel_margin_max": 0.000583648681640625
  },
  "wallclock_s": 27.01011824607849,
  "config": {
    "model": "Qwen/Qwen3-8B",
    "dtype": "float32",
    "n_prompts": 100,
    "max_len": 512,
    "weight_bits": 24,
    "activation_bits": 24,
    "true_int_matmul": false,
    "quant_scheme": "symmetric",
    "group_size": 128,
    "matmul_dtype": "auto",
    "no_quant": false,
    "dataset": "Salesforce/wikitext",
    "dataset_config": "wikitext-103-raw-v1",
    "dataset_split": "train",
    "temperature": 1.0,
    "seed": 42,
    "device": "auto",
    "out": "experiments/train-nonmatmul-int/data/qwen3_8b_PHASE5_A_with_intemb.json",
    "include_lm_head": true,
    "skip_substrings": [],
    "smoothquant_alpha": null,
    "smoothquant_n_calib": 16,
    "act_clip_quantile": null,
    "cached_bf16": false,
    "int_nonmatmul": true,
    "rmsnorm_bits": 24,
    "rmsnorm_nr_iter": 2,
    "softmax_lut_size": 1024,
    "softmax_x_min": -16.0,
    "silu_lut_size": 4096,
    "attn_matmul_bits": 24,
    "no_int_rmsnorm": false,
    "no_int_softmax": false,
    "no_int_silu": false,
    "no_int_attn_matmul": false,
    "true_int_nonmatmul": false,
    "int_embedding": true,
    "embedding_bits": 24
  },
  "replaced_module_count": 253
}