{
  "n_positions": 15348,
  "n_prompts": 100,
  "all": {
    "top1_match": 0.9990878701210022,
    "top5_overlap": 0.9983450770378113,
    "logit_l2": 1.7667453289031982,
    "kl_ref_cand": 6.4202026806015056e-06,
    "gumbel_margin": 4.646210982173216e-06,
    "logit_l2_p50": 1.6166776418685913,
    "logit_l2_p99": 4.019991397857666,
    "logit_l2_max": 16.871150970458984,
    "kl_ref_cand_p50": 3.899003786500543e-06,
    "kl_ref_cand_p99": 4.471800275496207e-05,
    "kl_ref_cand_max": 0.0004703272134065628,
    "gumbel_margin_p50": 0.0,
    "gumbel_margin_p99": 0.0,
    "gumbel_margin_max": 0.010120391845703125
  },
  "last": {
    "top1_match": 1.0,
    "top5_overlap": 0.9939998984336853,
    "logit_l2": 1.478934645652771,
    "kl_ref_cand": 4.54202472610632e-06,
    "gumbel_margin": 7.937430927995592e-05,
    "logit_l2_p50": 1.4021698236465454,
    "logit_l2_p99": 2.56023907661438,
    "logit_l2_max": 2.572732448577881,
    "kl_ref_cand_p50": 3.708179065142758e-06,
    "kl_ref_cand_p99": 1.1814549907285254e-05,
    "kl_ref_cand_max": 1.2761796824634075e-05,
    "gumbel_margin_p50": 0.0,
    "gumbel_margin_p99": 0.002399060409516096,
    "gumbel_margin_max": 0.005570411682128906
  },
  "wallclock_s": 15.884589195251465,
  "config": {
    "model": "Qwen/Qwen2.5-0.5B",
    "dtype": "float32",
    "n_prompts": 100,
    "max_len": 512,
    "weight_bits": 24,
    "activation_bits": 24,
    "true_int_matmul": false,
    "quant_scheme": "symmetric",
    "group_size": 128,
    "matmul_dtype": "auto",
    "no_quant": false,
    "dataset": "Salesforce/wikitext",
    "dataset_config": "wikitext-103-raw-v1",
    "dataset_split": "train",
    "temperature": 1.0,
    "seed": 42,
    "device": "auto",
    "out": "experiments/train-nonmatmul-int/data/qwen25_0p5b_PHASE3_no-rms.json",
    "include_lm_head": true,
    "skip_substrings": [],
    "smoothquant_alpha": null,
    "smoothquant_n_calib": 16,
    "act_clip_quantile": null,
    "cached_bf16": false,
    "int_nonmatmul": true,
    "rmsnorm_bits": 24,
    "rmsnorm_nr_iter": 2,
    "softmax_lut_size": 1024,
    "softmax_x_min": -16.0,
    "silu_lut_size": 4096,
    "attn_matmul_bits": 24,
    "no_int_rmsnorm": true,
    "no_int_softmax": false,
    "no_int_silu": false,
    "no_int_attn_matmul": false,
    "true_int_nonmatmul": false
  },
  "replaced_module_count": 169
}