{
  "n_positions": 15348,
  "n_prompts": 100,
  "all": {
    "top1_match": 0.9992181658744812,
    "top5_overlap": 0.9989185333251953,
    "logit_l2": 1.2802608013153076,
    "kl_ref_cand": 3.142442210446461e-06,
    "gumbel_margin": 1.994961621676339e-06,
    "logit_l2_p50": 1.1603138446807861,
    "logit_l2_p99": 2.9517598152160645,
    "logit_l2_max": 7.054371356964111,
    "kl_ref_cand_p50": 1.927366611198522e-06,
    "kl_ref_cand_p99": 2.279823638673406e-05,
    "kl_ref_cand_max": 0.0001679214183241129,
    "gumbel_margin_p50": 0.0,
    "gumbel_margin_p99": 0.0,
    "gumbel_margin_max": 0.00823974609375
  },
  "last": {
    "top1_match": 1.0,
    "top5_overlap": 1.0,
    "logit_l2": 1.0224275588989258,
    "kl_ref_cand": 2.0060472252225736e-06,
    "gumbel_margin": 2.367019624216482e-05,
    "logit_l2_p50": 1.0020484924316406,
    "logit_l2_p99": 1.375431776046753,
    "logit_l2_max": 1.506217122077942,
    "kl_ref_cand_p50": 1.8434056983096525e-06,
    "kl_ref_cand_p99": 5.27218435308896e-06,
    "kl_ref_cand_max": 6.4788328018039465e-06,
    "gumbel_margin_p50": 0.0,
    "gumbel_margin_p99": 2.3675253032706678e-05,
    "gumbel_margin_max": 0.0023670196533203125
  },
  "wallclock_s": 9.493828296661377,
  "config": {
    "model": "Qwen/Qwen2.5-0.5B",
    "dtype": "float32",
    "n_prompts": 100,
    "max_len": 512,
    "weight_bits": 24,
    "activation_bits": 24,
    "true_int_matmul": false,
    "quant_scheme": "symmetric",
    "group_size": 128,
    "matmul_dtype": "auto",
    "no_quant": false,
    "dataset": "Salesforce/wikitext",
    "dataset_config": "wikitext-103-raw-v1",
    "dataset_split": "train",
    "temperature": 1.0,
    "seed": 42,
    "device": "auto",
    "out": "experiments/train-nonmatmul-int/data/qwen25_0p5b_LUTSWEEP_lut16384.json",
    "include_lm_head": true,
    "skip_substrings": [],
    "smoothquant_alpha": null,
    "smoothquant_n_calib": 16,
    "act_clip_quantile": null,
    "cached_bf16": false,
    "int_nonmatmul": true,
    "rmsnorm_bits": 24,
    "rmsnorm_nr_iter": 2,
    "softmax_lut_size": 16384,
    "softmax_x_min": -16.0,
    "silu_lut_size": 4096,
    "attn_matmul_bits": 24,
    "no_int_rmsnorm": false,
    "no_int_softmax": false,
    "no_int_silu": false,
    "no_int_attn_matmul": false,
    "true_int_nonmatmul": false,
    "int_embedding": true,
    "embedding_bits": 24
  },
  "replaced_module_count": 169
}