{
  "n_positions": 15348,
  "n_prompts": 100,
  "all": {
    "top1_match": 0.9995439648628235,
    "top5_overlap": 0.9989575743675232,
    "logit_l2": 1.2753039598464966,
    "kl_ref_cand": 3.097505214100238e-06,
    "gumbel_margin": 2.907998577938997e-06,
    "logit_l2_p50": 1.1555558443069458,
    "logit_l2_p99": 2.9754323959350586,
    "logit_l2_max": 7.338505744934082,
    "kl_ref_cand_p50": 1.9187864381819963e-06,
    "kl_ref_cand_p99": 2.289760777784977e-05,
    "kl_ref_cand_max": 0.0002466229198034853,
    "gumbel_margin_p50": 0.0,
    "gumbel_margin_p99": 0.0,
    "gumbel_margin_max": 0.00823974609375
  },
  "last": {
    "top1_match": 1.0,
    "top5_overlap": 0.9959999918937683,
    "logit_l2": 1.0293558835983276,
    "kl_ref_cand": 1.9987719497294165e-06,
    "gumbel_margin": 0.0,
    "logit_l2_p50": 1.0018917322158813,
    "logit_l2_p99": 1.4385457038879395,
    "logit_l2_max": 1.6132806539535522,
    "kl_ref_cand_p50": 1.7706879589240998e-06,
    "kl_ref_cand_p99": 6.2900030570745e-06,
    "kl_ref_cand_max": 6.551737897098064e-06,
    "gumbel_margin_p50": 0.0,
    "gumbel_margin_p99": 0.0,
    "gumbel_margin_max": 0.0
  },
  "wallclock_s": 20.393011569976807,
  "config": {
    "model": "Qwen/Qwen2.5-0.5B",
    "dtype": "float32",
    "n_prompts": 100,
    "max_len": 512,
    "weight_bits": 24,
    "activation_bits": 24,
    "true_int_matmul": false,
    "quant_scheme": "symmetric",
    "group_size": 128,
    "matmul_dtype": "auto",
    "no_quant": false,
    "dataset": "Salesforce/wikitext",
    "dataset_config": "wikitext-103-raw-v1",
    "dataset_split": "train",
    "temperature": 1.0,
    "seed": 42,
    "device": "auto",
    "out": "experiments/train-nonmatmul-int/data/qwen25_0p5b_PHASE3_smlut16k.json",
    "include_lm_head": true,
    "skip_substrings": [],
    "smoothquant_alpha": null,
    "smoothquant_n_calib": 16,
    "act_clip_quantile": null,
    "cached_bf16": false,
    "int_nonmatmul": true,
    "rmsnorm_bits": 24,
    "rmsnorm_nr_iter": 2,
    "softmax_lut_size": 16384,
    "softmax_x_min": -16.0,
    "silu_lut_size": 4096,
    "attn_matmul_bits": 24,
    "no_int_rmsnorm": false,
    "no_int_softmax": false,
    "no_int_silu": false,
    "no_int_attn_matmul": false,
    "true_int_nonmatmul": false
  },
  "replaced_module_count": 169
}