{
  "n_positions": 15348,
  "n_prompts": 100,
  "all": {
    "top1_match": 0.9986969828605652,
    "top5_overlap": 0.9983711838722229,
    "logit_l2": 1.7622627019882202,
    "kl_ref_cand": 6.403812221833505e-06,
    "gumbel_margin": 4.711143901658943e-06,
    "logit_l2_p50": 1.6159566640853882,
    "logit_l2_p99": 4.028982639312744,
    "logit_l2_max": 15.836946487426758,
    "kl_ref_cand_p50": 3.882167220581323e-06,
    "kl_ref_cand_p99": 4.4839209294877946e-05,
    "kl_ref_cand_max": 0.0009697139612399042,
    "gumbel_margin_p50": 0.0,
    "gumbel_margin_p99": 0.0,
    "gumbel_margin_max": 0.01699066162109375
  },
  "last": {
    "top1_match": 1.0,
    "top5_overlap": 0.9980000257492065,
    "logit_l2": 1.4744625091552734,
    "kl_ref_cand": 4.533056653599488e-06,
    "gumbel_margin": 0.0,
    "logit_l2_p50": 1.4667561054229736,
    "logit_l2_p99": 2.2393686771392822,
    "logit_l2_max": 2.660151481628418,
    "kl_ref_cand_p50": 3.835908501059748e-06,
    "kl_ref_cand_p99": 1.0739379831647966e-05,
    "kl_ref_cand_max": 4.41443407908082e-05,
    "gumbel_margin_p50": 0.0,
    "gumbel_margin_p99": 0.0,
    "gumbel_margin_max": 0.0
  },
  "wallclock_s": 9.468067646026611,
  "config": {
    "model": "Qwen/Qwen2.5-0.5B",
    "dtype": "float32",
    "n_prompts": 100,
    "max_len": 512,
    "weight_bits": 24,
    "activation_bits": 24,
    "true_int_matmul": false,
    "quant_scheme": "symmetric",
    "group_size": 128,
    "matmul_dtype": "auto",
    "no_quant": false,
    "dataset": "Salesforce/wikitext",
    "dataset_config": "wikitext-103-raw-v1",
    "dataset_split": "train",
    "temperature": 1.0,
    "seed": 42,
    "device": "auto",
    "out": "experiments/train-nonmatmul-int/data/qwen25_0p5b_PHASE1_A_with_intemb.json",
    "include_lm_head": true,
    "skip_substrings": [],
    "smoothquant_alpha": null,
    "smoothquant_n_calib": 16,
    "act_clip_quantile": null,
    "cached_bf16": false,
    "int_nonmatmul": true,
    "rmsnorm_bits": 24,
    "rmsnorm_nr_iter": 2,
    "softmax_lut_size": 1024,
    "softmax_x_min": -16.0,
    "silu_lut_size": 4096,
    "attn_matmul_bits": 24,
    "no_int_rmsnorm": false,
    "no_int_softmax": false,
    "no_int_silu": false,
    "no_int_attn_matmul": false,
    "true_int_nonmatmul": false,
    "int_embedding": true,
    "embedding_bits": 24
  },
  "replaced_module_count": 169
}