{
  "n_positions": 15348,
  "n_prompts": 100,
  "all": {
    "top1_match": 0.9989575743675232,
    "top5_overlap": 0.9983841776847839,
    "logit_l2": 1.7645723819732666,
    "kl_ref_cand": 6.401235168596031e-06,
    "gumbel_margin": 5.741370841860771e-06,
    "logit_l2_p50": 1.613954782485962,
    "logit_l2_p99": 3.992786169052124,
    "logit_l2_max": 13.240732192993164,
    "kl_ref_cand_p50": 3.893870598403737e-06,
    "kl_ref_cand_p99": 4.6309996832860634e-05,
    "kl_ref_cand_max": 0.00031997065525501966,
    "gumbel_margin_p50": 0.0,
    "gumbel_margin_p99": 0.0,
    "gumbel_margin_max": 0.021825790405273438
  },
  "last": {
    "top1_match": 1.0,
    "top5_overlap": 0.9980000257492065,
    "logit_l2": 1.4541064500808716,
    "kl_ref_cand": 4.697280928667169e-06,
    "gumbel_margin": 2.367019624216482e-05,
    "logit_l2_p50": 1.379103660583496,
    "logit_l2_p99": 2.42647123336792,
    "logit_l2_max": 2.44028902053833,
    "kl_ref_cand_p50": 3.3856449590530246e-06,
    "kl_ref_cand_p99": 1.5494299077545293e-05,
    "kl_ref_cand_max": 6.47824490442872e-05,
    "gumbel_margin_p50": 0.0,
    "gumbel_margin_p99": 2.3675253032706678e-05,
    "gumbel_margin_max": 0.0023670196533203125
  },
  "wallclock_s": 20.848830223083496,
  "config": {
    "model": "Qwen/Qwen2.5-0.5B",
    "dtype": "float32",
    "n_prompts": 100,
    "max_len": 512,
    "weight_bits": 24,
    "activation_bits": 24,
    "true_int_matmul": false,
    "quant_scheme": "symmetric",
    "group_size": 128,
    "matmul_dtype": "auto",
    "no_quant": false,
    "dataset": "Salesforce/wikitext",
    "dataset_config": "wikitext-103-raw-v1",
    "dataset_split": "train",
    "temperature": 1.0,
    "seed": 42,
    "device": "auto",
    "out": "experiments/train-nonmatmul-int/data/qwen25_0p5b_PHASE3_nr3.json",
    "include_lm_head": true,
    "skip_substrings": [],
    "smoothquant_alpha": null,
    "smoothquant_n_calib": 16,
    "act_clip_quantile": null,
    "cached_bf16": false,
    "int_nonmatmul": true,
    "rmsnorm_bits": 24,
    "rmsnorm_nr_iter": 3,
    "softmax_lut_size": 1024,
    "softmax_x_min": -16.0,
    "silu_lut_size": 4096,
    "attn_matmul_bits": 24,
    "no_int_rmsnorm": false,
    "no_int_softmax": false,
    "no_int_silu": false,
    "no_int_attn_matmul": false,
    "true_int_nonmatmul": false
  },
  "replaced_module_count": 169
}