{
  "n_positions": 14984,
  "n_prompts": 100,
  "all": {
    "top1_match": 0.9859183430671692,
    "top5_overlap": 0.9865323305130005,
    "logit_l2": 11.399526596069336,
    "kl_ref_cand": 0.0006211858126334846,
    "gumbel_margin": 0.0005535210366360843,
    "logit_l2_p50": 10.428037643432617,
    "logit_l2_p99": 23.369956970214844,
    "logit_l2_max": 507.4816589355469,
    "kl_ref_cand_p50": 0.00038612858043052256,
    "kl_ref_cand_p99": 0.0029951464384794235,
    "kl_ref_cand_max": 0.025889631360769272,
    "gumbel_margin_p50": 0.0,
    "gumbel_margin_p99": 0.012209117412567139,
    "gumbel_margin_max": 0.19562339782714844
  },
  "last": {
    "top1_match": 0.9899999499320984,
    "top5_overlap": 0.9880000352859497,
    "logit_l2": 11.790385246276855,
    "kl_ref_cand": 0.0006699432851746678,
    "gumbel_margin": 0.0011045169085264206,
    "logit_l2_p50": 11.250692367553711,
    "logit_l2_p99": 18.093881607055664,
    "logit_l2_max": 19.93424415588379,
    "kl_ref_cand_p50": 0.000569018186070025,
    "kl_ref_cand_p99": 0.0018640381749719381,
    "kl_ref_cand_max": 0.0036687348037958145,
    "gumbel_margin_p50": 0.0,
    "gumbel_margin_p99": 0.037386614829301834,
    "gumbel_margin_max": 0.06784820556640625
  },
  "wallclock_s": 11.078337907791138,
  "config": {
    "model": "meta-llama/Llama-3.1-8B-Instruct",
    "dtype": "bfloat16",
    "n_prompts": 100,
    "max_len": 512,
    "weight_bits": 24,
    "activation_bits": 24,
    "true_int_matmul": false,
    "quant_scheme": "per_group_sym",
    "group_size": 32,
    "matmul_dtype": "bf16",
    "no_quant": false,
    "dataset": "Salesforce/wikitext",
    "dataset_config": "wikitext-103-raw-v1",
    "dataset_split": "train",
    "temperature": 1.0,
    "seed": 42,
    "device": "auto",
    "out": "experiments/baseline-int-cast/data/llama31_8b_b24_grp32_sym.json",
    "include_lm_head": true,
    "skip_substrings": []
  },
  "replaced_module_count": 225
}