{
  "n_positions": 14984,
  "n_prompts": 100,
  "all": {
    "top1_match": 0.9849172830581665,
    "top5_overlap": 0.986692488193512,
    "logit_l2": 11.466022491455078,
    "kl_ref_cand": 0.000625027809292078,
    "gumbel_margin": 0.0006607683608308434,
    "logit_l2_p50": 10.498432159423828,
    "logit_l2_p99": 23.72269630432129,
    "logit_l2_max": 453.70233154296875,
    "kl_ref_cand_p50": 0.0003901923482771963,
    "kl_ref_cand_p99": 0.003234900999814272,
    "kl_ref_cand_max": 0.02310546487569809,
    "gumbel_margin_p50": 0.0,
    "gumbel_margin_p99": 0.015893757343292236,
    "gumbel_margin_max": 0.22119522094726562
  },
  "last": {
    "top1_match": 0.9899999499320984,
    "top5_overlap": 0.9839999675750732,
    "logit_l2": 12.48562240600586,
    "kl_ref_cand": 0.000619236147031188,
    "gumbel_margin": 0.0016158103244379163,
    "logit_l2_p50": 11.948501586914062,
    "logit_l2_p99": 22.038604736328125,
    "logit_l2_max": 27.19806480407715,
    "kl_ref_cand_p50": 0.0005555554525926709,
    "kl_ref_cand_p99": 0.0017875941703096032,
    "kl_ref_cand_max": 0.0027151741087436676,
    "gumbel_margin_p50": 0.0,
    "gumbel_margin_p99": 0.05129656568169594,
    "gumbel_margin_max": 0.06784820556640625
  },
  "wallclock_s": 10.090566158294678,
  "config": {
    "model": "meta-llama/Llama-3.1-8B-Instruct",
    "dtype": "bfloat16",
    "n_prompts": 100,
    "max_len": 512,
    "weight_bits": 16,
    "activation_bits": 0,
    "true_int_matmul": false,
    "quant_scheme": "per_group_sym",
    "group_size": 16,
    "matmul_dtype": "bf16",
    "no_quant": false,
    "dataset": "Salesforce/wikitext",
    "dataset_config": "wikitext-103-raw-v1",
    "dataset_split": "train",
    "temperature": 1.0,
    "seed": 42,
    "device": "auto",
    "out": "experiments/baseline-int-cast/data/llama31_8b_w16_aoff_grp16.json",
    "include_lm_head": true,
    "skip_substrings": []
  },
  "replaced_module_count": 225
}