{
  "n_positions": 14984,
  "n_prompts": 100,
  "all": {
    "top1_match": 0.9835824966430664,
    "top5_overlap": 0.9853710532188416,
    "logit_l2": 12.781988143920898,
    "kl_ref_cand": 0.0007117312052287161,
    "gumbel_margin": 0.0006207705591805279,
    "logit_l2_p50": 11.54591178894043,
    "logit_l2_p99": 27.28116226196289,
    "logit_l2_max": 291.1416931152344,
    "kl_ref_cand_p50": 0.00046901535824872553,
    "kl_ref_cand_p99": 0.0038277346175163984,
    "kl_ref_cand_max": 0.02789948508143425,
    "gumbel_margin_p50": 0.0,
    "gumbel_margin_p99": 0.012973647564649582,
    "gumbel_margin_max": 0.2026824951171875
  },
  "last": {
    "top1_match": 1.0,
    "top5_overlap": 0.9799999594688416,
    "logit_l2": 13.988920211791992,
    "kl_ref_cand": 0.0007460538181476295,
    "gumbel_margin": 0.0009373283246532083,
    "logit_l2_p50": 13.00217056274414,
    "logit_l2_p99": 23.548006057739258,
    "logit_l2_max": 25.71817970275879,
    "kl_ref_cand_p50": 0.0006584507646039128,
    "kl_ref_cand_p99": 0.001734046614728868,
    "kl_ref_cand_max": 0.0028520580381155014,
    "gumbel_margin_p50": 0.0,
    "gumbel_margin_p99": 0.037219393998384476,
    "gumbel_margin_max": 0.05112934112548828
  },
  "wallclock_s": 10.660411834716797,
  "config": {
    "model": "meta-llama/Llama-3.1-8B-Instruct",
    "dtype": "bfloat16",
    "n_prompts": 100,
    "max_len": 512,
    "weight_bits": 24,
    "activation_bits": 24,
    "true_int_matmul": false,
    "quant_scheme": "symmetric",
    "group_size": 128,
    "matmul_dtype": "bf16",
    "no_quant": false,
    "dataset": "Salesforce/wikitext",
    "dataset_config": "wikitext-103-raw-v1",
    "dataset_split": "train",
    "temperature": 1.0,
    "seed": 42,
    "device": "auto",
    "out": "experiments/baseline-int-cast/data/llama31_8b_b24_sq_a06.json",
    "include_lm_head": true,
    "skip_substrings": [],
    "smoothquant_alpha": 0.6,
    "smoothquant_n_calib": 16,
    "act_clip_quantile": null
  },
  "replaced_module_count": 225
}