{
  "n_positions": 14984,
  "n_prompts": 100,
  "all": {
    "top1_match": 0.9979978799819946,
    "top5_overlap": 0.9982649087905884,
    "logit_l2": 1.719799280166626,
    "kl_ref_cand": 8.468767191516235e-05,
    "gumbel_margin": 0.00010598864173516631,
    "logit_l2_p50": 0.0,
    "logit_l2_p99": 14.705695152282715,
    "logit_l2_max": 85.30986022949219,
    "kl_ref_cand_p50": 0.0,
    "kl_ref_cand_p99": 0.0017231879755854607,
    "kl_ref_cand_max": 0.006781075149774551,
    "gumbel_margin_p50": 0.0,
    "gumbel_margin_p99": 0.0,
    "gumbel_margin_max": 0.12260055541992188
  },
  "last": {
    "top1_match": 1.0,
    "top5_overlap": 0.9980000257492065,
    "logit_l2": 2.3739497661590576,
    "kl_ref_cand": 0.00012895831605419517,
    "gumbel_margin": 0.00015469550271518528,
    "logit_l2_p50": 0.0,
    "logit_l2_p99": 11.683659553527832,
    "logit_l2_max": 12.513150215148926,
    "kl_ref_cand_p50": 0.0,
    "kl_ref_cand_p99": 0.0013909233966842294,
    "kl_ref_cand_max": 0.0017321482300758362,
    "gumbel_margin_p50": 0.0,
    "gumbel_margin_p99": 0.0055688475258648396,
    "gumbel_margin_max": 0.009944915771484375
  },
  "wallclock_s": 9.953335523605347,
  "config": {
    "model": "meta-llama/Llama-3.1-8B-Instruct",
    "dtype": "bfloat16",
    "n_prompts": 100,
    "max_len": 512,
    "weight_bits": 27,
    "activation_bits": 0,
    "true_int_matmul": false,
    "quant_scheme": "symmetric",
    "group_size": 128,
    "matmul_dtype": "bf16",
    "no_quant": false,
    "dataset": "Salesforce/wikitext",
    "dataset_config": "wikitext-103-raw-v1",
    "dataset_split": "train",
    "temperature": 1.0,
    "seed": 42,
    "device": "auto",
    "out": "experiments/baseline-int-cast/data/llama31_8b_w27_aoff.json",
    "include_lm_head": true,
    "skip_substrings": []
  },
  "replaced_module_count": 225
}