{
  "n_positions": 14984,
  "n_prompts": 100,
  "all": {
    "top1_match": 0.9846503138542175,
    "top5_overlap": 0.987092912197113,
    "logit_l2": 11.429793357849121,
    "kl_ref_cand": 0.0006194728193804622,
    "gumbel_margin": 0.0005549031775444746,
    "logit_l2_p50": 10.450490951538086,
    "logit_l2_p99": 24.07535743713379,
    "logit_l2_max": 356.8254699707031,
    "kl_ref_cand_p50": 0.00038850647979415953,
    "kl_ref_cand_p99": 0.003266503568738699,
    "kl_ref_cand_max": 0.028482314199209213,
    "gumbel_margin_p50": 0.0,
    "gumbel_margin_p99": 0.008131977170705795,
    "gumbel_margin_max": 0.20785903930664062
  },
  "last": {
    "top1_match": 0.9799999594688416,
    "top5_overlap": 0.9860000610351562,
    "logit_l2": 12.294901847839355,
    "kl_ref_cand": 0.0006106892833486199,
    "gumbel_margin": 0.0009815311059355736,
    "logit_l2_p50": 11.413848876953125,
    "logit_l2_p99": 20.873607635498047,
    "logit_l2_max": 22.622554779052734,
    "kl_ref_cand_p50": 0.0005915968795306981,
    "kl_ref_cand_p99": 0.0014191946247592568,
    "kl_ref_cand_max": 0.0015155854634940624,
    "gumbel_margin_p50": 0.0,
    "gumbel_margin_p99": 0.037219393998384476,
    "gumbel_margin_max": 0.05112934112548828
  },
  "wallclock_s": 10.089700698852539,
  "config": {
    "model": "meta-llama/Llama-3.1-8B-Instruct",
    "dtype": "bfloat16",
    "n_prompts": 100,
    "max_len": 512,
    "weight_bits": 16,
    "activation_bits": 0,
    "true_int_matmul": false,
    "quant_scheme": "per_group_sym",
    "group_size": 32,
    "matmul_dtype": "bf16",
    "no_quant": false,
    "dataset": "Salesforce/wikitext",
    "dataset_config": "wikitext-103-raw-v1",
    "dataset_split": "train",
    "temperature": 1.0,
    "seed": 42,
    "device": "auto",
    "out": "experiments/baseline-int-cast/data/llama31_8b_w16_aoff_grp32.json",
    "include_lm_head": true,
    "skip_substrings": []
  },
  "replaced_module_count": 225
}