{
  "n_positions": 14984,
  "n_prompts": 100,
  "all": {
    "top1_match": 0.9863855242729187,
    "top5_overlap": 0.9868659377098083,
    "logit_l2": 11.458043098449707,
    "kl_ref_cand": 0.0006236165063455701,
    "gumbel_margin": 0.0005744019290432334,
    "logit_l2_p50": 10.443531036376953,
    "logit_l2_p99": 24.33523178100586,
    "logit_l2_max": 490.93603515625,
    "kl_ref_cand_p50": 0.00038679176941514015,
    "kl_ref_cand_p99": 0.003211606526747346,
    "kl_ref_cand_max": 0.030806967988610268,
    "gumbel_margin_p50": 0.0,
    "gumbel_margin_p99": 0.010119788348674774,
    "gumbel_margin_max": 0.17624664306640625
  },
  "last": {
    "top1_match": 0.9899999499320984,
    "top5_overlap": 0.9880000352859497,
    "logit_l2": 12.04643726348877,
    "kl_ref_cand": 0.0006416823016479611,
    "gumbel_margin": 0.0005665397620759904,
    "logit_l2_p50": 11.35978889465332,
    "logit_l2_p99": 18.550457000732422,
    "logit_l2_max": 20.53084373474121,
    "kl_ref_cand_p50": 0.0005911716725677252,
    "kl_ref_cand_p99": 0.0020164125598967075,
    "kl_ref_cand_max": 0.0021532622631639242,
    "gumbel_margin_p50": 0.0,
    "gumbel_margin_p99": 0.005980779882520437,
    "gumbel_margin_max": 0.05112934112548828
  },
  "wallclock_s": 10.957822561264038,
  "config": {
    "model": "meta-llama/Llama-3.1-8B-Instruct",
    "dtype": "bfloat16",
    "n_prompts": 100,
    "max_len": 512,
    "weight_bits": 24,
    "activation_bits": 24,
    "true_int_matmul": false,
    "quant_scheme": "symmetric",
    "group_size": 128,
    "matmul_dtype": "bf16",
    "no_quant": false,
    "dataset": "Salesforce/wikitext",
    "dataset_config": "wikitext-103-raw-v1",
    "dataset_split": "train",
    "temperature": 1.0,
    "seed": 42,
    "device": "auto",
    "out": "experiments/baseline-int-cast/data/llama31_8b_b24_mmbf16_flin.json",
    "include_lm_head": true,
    "skip_substrings": []
  },
  "replaced_module_count": 225
}