{
  "n_positions": 14984,
  "n_prompts": 100,
  "all": {
    "top1_match": 0.985117495059967,
    "top5_overlap": 0.9873064756393433,
    "logit_l2": 11.245157241821289,
    "kl_ref_cand": 0.000608828675467521,
    "gumbel_margin": 0.0005334457382559776,
    "logit_l2_p50": 10.297389030456543,
    "logit_l2_p99": 23.36376190185547,
    "logit_l2_max": 495.6672058105469,
    "kl_ref_cand_p50": 0.00037801224971190095,
    "kl_ref_cand_p99": 0.00302403187379241,
    "kl_ref_cand_max": 0.05421687662601471,
    "gumbel_margin_p50": 0.0,
    "gumbel_margin_p99": 0.006032897159457207,
    "gumbel_margin_max": 0.24466896057128906
  },
  "last": {
    "top1_match": 0.9799999594688416,
    "top5_overlap": 0.9919999241828918,
    "logit_l2": 11.99638843536377,
    "kl_ref_cand": 0.0006570049445144832,
    "gumbel_margin": 0.00015469550271518528,
    "logit_l2_p50": 11.538456916809082,
    "logit_l2_p99": 22.028879165649414,
    "logit_l2_max": 22.244367599487305,
    "kl_ref_cand_p50": 0.0005973043153062463,
    "kl_ref_cand_p99": 0.0021792808547616005,
    "kl_ref_cand_max": 0.0028671342879533768,
    "gumbel_margin_p50": 0.0,
    "gumbel_margin_p99": 0.0055688475258648396,
    "gumbel_margin_max": 0.009944915771484375
  },
  "wallclock_s": 11.196612358093262,
  "config": {
    "model": "meta-llama/Llama-3.1-8B-Instruct",
    "dtype": "bfloat16",
    "n_prompts": 100,
    "max_len": 512,
    "weight_bits": 24,
    "activation_bits": 24,
    "true_int_matmul": false,
    "quant_scheme": "per_group_sym",
    "group_size": 8,
    "matmul_dtype": "bf16",
    "no_quant": false,
    "dataset": "Salesforce/wikitext",
    "dataset_config": "wikitext-103-raw-v1",
    "dataset_split": "train",
    "temperature": 1.0,
    "seed": 42,
    "device": "auto",
    "out": "experiments/baseline-int-cast/data/llama31_8b_b24_grp8_both.json",
    "include_lm_head": true,
    "skip_substrings": [],
    "smoothquant_alpha": null,
    "smoothquant_n_calib": 16,
    "act_clip_quantile": null
  },
  "replaced_module_count": 225
}