{
  "n_positions": 14984,
  "n_prompts": 100,
  "all": {
    "top1_match": 0.9845835566520691,
    "top5_overlap": 0.9852375388145447,
    "logit_l2": 12.586400985717773,
    "kl_ref_cand": 0.0007052159053273499,
    "gumbel_margin": 0.0005544464802369475,
    "logit_l2_p50": 11.380938529968262,
    "logit_l2_p99": 27.374618530273438,
    "logit_l2_max": 320.1075744628906,
    "kl_ref_cand_p50": 0.00045537634287029505,
    "kl_ref_cand_p99": 0.003684102790430188,
    "kl_ref_cand_max": 0.04010552540421486,
    "gumbel_margin_p50": 0.0,
    "gumbel_margin_p99": 0.006255205720663071,
    "gumbel_margin_max": 0.2325878143310547
  },
  "last": {
    "top1_match": 0.9699999690055847,
    "top5_overlap": 0.9899999499320984,
    "logit_l2": 13.367301940917969,
    "kl_ref_cand": 0.0007056889007799327,
    "gumbel_margin": 0.0016158103244379163,
    "logit_l2_p50": 12.866663932800293,
    "logit_l2_p99": 20.651344299316406,
    "logit_l2_max": 29.008228302001953,
    "kl_ref_cand_p50": 0.0006410516798496246,
    "kl_ref_cand_p99": 0.0018358731176704168,
    "kl_ref_cand_max": 0.002178393304347992,
    "gumbel_margin_p50": 0.0,
    "gumbel_margin_p99": 0.05129656568169594,
    "gumbel_margin_max": 0.06784820556640625
  },
  "wallclock_s": 10.680277109146118,
  "config": {
    "model": "meta-llama/Llama-3.1-8B-Instruct",
    "dtype": "bfloat16",
    "n_prompts": 100,
    "max_len": 512,
    "weight_bits": 24,
    "activation_bits": 24,
    "true_int_matmul": false,
    "quant_scheme": "symmetric",
    "group_size": 128,
    "matmul_dtype": "bf16",
    "no_quant": false,
    "dataset": "Salesforce/wikitext",
    "dataset_config": "wikitext-103-raw-v1",
    "dataset_split": "train",
    "temperature": 1.0,
    "seed": 42,
    "device": "auto",
    "out": "experiments/baseline-int-cast/data/llama31_8b_b24_sq_a08.json",
    "include_lm_head": true,
    "skip_substrings": [],
    "smoothquant_alpha": 0.8,
    "smoothquant_n_calib": 16,
    "act_clip_quantile": null
  },
  "replaced_module_count": 225
}