{
  "n_positions": 14984,
  "n_prompts": 100,
  "all": {
    "top1_match": 0.9855846762657166,
    "top5_overlap": 0.9868660569190979,
    "logit_l2": 11.491544723510742,
    "kl_ref_cand": 0.0006227905978448689,
    "gumbel_margin": 0.0005488243186846375,
    "logit_l2_p50": 10.476287841796875,
    "logit_l2_p99": 24.30808448791504,
    "logit_l2_max": 493.8565979003906,
    "kl_ref_cand_p50": 0.0003890239167958498,
    "kl_ref_cand_p99": 0.003276931820437312,
    "kl_ref_cand_max": 0.027082642540335655,
    "gumbel_margin_p50": 0.0,
    "gumbel_margin_p99": 0.006231456995010376,
    "gumbel_margin_max": 0.1791706085205078
  },
  "last": {
    "top1_match": 0.9799999594688416,
    "top5_overlap": 0.9839999675750732,
    "logit_l2": 11.887396812438965,
    "kl_ref_cand": 0.0006108383531682193,
    "gumbel_margin": 0.0012039660941809416,
    "logit_l2_p50": 11.270988464355469,
    "logit_l2_p99": 18.708560943603516,
    "logit_l2_max": 19.01132583618164,
    "kl_ref_cand_p50": 0.0005619063740596175,
    "kl_ref_cand_p99": 0.0011828269343823195,
    "kl_ref_cand_max": 0.0017581954598426819,
    "gumbel_margin_p50": 0.0,
    "gumbel_margin_p99": 0.037386614829301834,
    "gumbel_margin_max": 0.06784820556640625
  },
  "wallclock_s": 10.855231523513794,
  "config": {
    "model": "meta-llama/Llama-3.1-8B-Instruct",
    "dtype": "bfloat16",
    "n_prompts": 100,
    "max_len": 512,
    "weight_bits": 30,
    "activation_bits": 18,
    "true_int_matmul": false,
    "quant_scheme": "symmetric",
    "group_size": 128,
    "matmul_dtype": "bf16",
    "no_quant": false,
    "dataset": "Salesforce/wikitext",
    "dataset_config": "wikitext-103-raw-v1",
    "dataset_split": "train",
    "temperature": 1.0,
    "seed": 42,
    "device": "auto",
    "out": "experiments/baseline-int-cast/data/llama31_8b_w30_a18.json",
    "include_lm_head": true,
    "skip_substrings": []
  },
  "replaced_module_count": 225
}