{
  "n_positions": 14984,
  "n_prompts": 100,
  "all": {
    "top1_match": 0.9861853122711182,
    "top5_overlap": 0.987092912197113,
    "logit_l2": 11.388544082641602,
    "kl_ref_cand": 0.0006213057786226273,
    "gumbel_margin": 0.0005222878535278141,
    "logit_l2_p50": 10.393848419189453,
    "logit_l2_p99": 23.632946014404297,
    "logit_l2_max": 437.7893371582031,
    "kl_ref_cand_p50": 0.00038797425804659724,
    "kl_ref_cand_p99": 0.003124420763924718,
    "kl_ref_cand_max": 0.0397164560854435,
    "gumbel_margin_p50": 0.0,
    "gumbel_margin_p99": 0.005382288247346878,
    "gumbel_margin_max": 0.24712753295898438
  },
  "last": {
    "top1_match": 0.9899999499320984,
    "top5_overlap": 0.9839999079704285,
    "logit_l2": 11.934985160827637,
    "kl_ref_cand": 0.0006591712008230388,
    "gumbel_margin": 0.0010367775103077292,
    "logit_l2_p50": 11.196809768676758,
    "logit_l2_p99": 25.244110107421875,
    "logit_l2_max": 26.333765029907227,
    "kl_ref_cand_p50": 0.0005714818253181875,
    "kl_ref_cand_p99": 0.0019984645769000053,
    "kl_ref_cand_max": 0.003126310184597969,
    "gumbel_margin_p50": 0.0,
    "gumbel_margin_p99": 0.037219393998384476,
    "gumbel_margin_max": 0.05112934112548828
  },
  "wallclock_s": 10.7913339138031,
  "config": {
    "model": "meta-llama/Llama-3.1-8B-Instruct",
    "dtype": "bfloat16",
    "n_prompts": 100,
    "max_len": 512,
    "weight_bits": 24,
    "activation_bits": 24,
    "true_int_matmul": false,
    "quant_scheme": "per_group_sym",
    "group_size": 128,
    "matmul_dtype": "bf16",
    "no_quant": false,
    "dataset": "Salesforce/wikitext",
    "dataset_config": "wikitext-103-raw-v1",
    "dataset_split": "train",
    "temperature": 1.0,
    "seed": 42,
    "device": "auto",
    "out": "experiments/baseline-int-cast/data/llama31_8b_b24_grp128_sym.json",
    "include_lm_head": true,
    "skip_substrings": []
  },
  "replaced_module_count": 225
}