{
  "n_positions": 14984,
  "n_prompts": 100,
  "all": {
    "top1_match": 0.9840496778488159,
    "top5_overlap": 0.9847570657730103,
    "logit_l2": 12.646646499633789,
    "kl_ref_cand": 0.0007023506914265454,
    "gumbel_margin": 0.0006973286508582532,
    "logit_l2_p50": 11.447281837463379,
    "logit_l2_p99": 27.917823791503906,
    "logit_l2_max": 351.2664794921875,
    "kl_ref_cand_p50": 0.0004528467543423176,
    "kl_ref_cand_p99": 0.003647356294095516,
    "kl_ref_cand_max": 0.042356617748737335,
    "gumbel_margin_p50": 0.0,
    "gumbel_margin_p99": 0.017627909779548645,
    "gumbel_margin_max": 0.36102294921875
  },
  "last": {
    "top1_match": 0.9799999594688416,
    "top5_overlap": 0.9880000352859497,
    "logit_l2": 13.727663040161133,
    "kl_ref_cand": 0.0007580804522149265,
    "gumbel_margin": 0.0008331775316037238,
    "logit_l2_p50": 13.364148139953613,
    "logit_l2_p99": 21.321901321411133,
    "logit_l2_max": 22.58353614807129,
    "kl_ref_cand_p50": 0.0006505183991976082,
    "kl_ref_cand_p99": 0.0020682490430772305,
    "kl_ref_cand_max": 0.002920500934123993,
    "gumbel_margin_p50": 0.0,
    "gumbel_margin_p99": 0.01052407268434763,
    "gumbel_margin_max": 0.06784820556640625
  },
  "wallclock_s": 10.711282968521118,
  "config": {
    "model": "meta-llama/Llama-3.1-8B-Instruct",
    "dtype": "bfloat16",
    "n_prompts": 100,
    "max_len": 512,
    "weight_bits": 24,
    "activation_bits": 24,
    "true_int_matmul": false,
    "quant_scheme": "per_group_sym",
    "group_size": 32,
    "matmul_dtype": "bf16",
    "no_quant": false,
    "dataset": "Salesforce/wikitext",
    "dataset_config": "wikitext-103-raw-v1",
    "dataset_split": "train",
    "temperature": 1.0,
    "seed": 42,
    "device": "auto",
    "out": "experiments/baseline-int-cast/data/llama31_8b_b24_grp32_sq05.json",
    "include_lm_head": true,
    "skip_substrings": [],
    "smoothquant_alpha": 0.5,
    "smoothquant_n_calib": 16,
    "act_clip_quantile": null
  },
  "replaced_module_count": 225
}