{
  "n_positions": 14984,
  "n_prompts": 100,
  "all": {
    "top1_match": 0.9995328783988953,
    "top5_overlap": 0.9993059039115906,
    "logit_l2": 0.6916343569755554,
    "kl_ref_cand": 3.467080387054011e-05,
    "gumbel_margin": 5.63644825888332e-05,
    "logit_l2_p50": 0.0,
    "logit_l2_p99": 13.241628646850586,
    "logit_l2_max": 85.30986022949219,
    "kl_ref_cand_p50": 0.0,
    "kl_ref_cand_p99": 0.0011883670231327415,
    "kl_ref_cand_max": 0.005982333794236183,
    "gumbel_margin_p50": 0.0,
    "gumbel_margin_p99": 0.0,
    "gumbel_margin_max": 0.1406269073486328
  },
  "last": {
    "top1_match": 1.0,
    "top5_overlap": 1.0,
    "logit_l2": 0.8271723985671997,
    "kl_ref_cand": 4.220108894514851e-05,
    "gumbel_margin": 9.944915655069053e-05,
    "logit_l2_p50": 0.0,
    "logit_l2_p99": 12.24026870727539,
    "logit_l2_max": 12.513150215148926,
    "kl_ref_cand_p50": 0.0,
    "kl_ref_cand_p99": 0.0007092860760167241,
    "kl_ref_cand_max": 0.0013874759897589684,
    "gumbel_margin_p50": 0.0,
    "gumbel_margin_p99": 9.947040234692395e-05,
    "gumbel_margin_max": 0.009944915771484375
  },
  "wallclock_s": 9.823093891143799,
  "config": {
    "model": "meta-llama/Llama-3.1-8B-Instruct",
    "dtype": "bfloat16",
    "n_prompts": 100,
    "max_len": 512,
    "weight_bits": 28,
    "activation_bits": 0,
    "true_int_matmul": false,
    "quant_scheme": "symmetric",
    "group_size": 128,
    "matmul_dtype": "bf16",
    "no_quant": false,
    "dataset": "Salesforce/wikitext",
    "dataset_config": "wikitext-103-raw-v1",
    "dataset_split": "train",
    "temperature": 1.0,
    "seed": 42,
    "device": "auto",
    "out": "experiments/baseline-int-cast/data/llama31_8b_w28_aoff.json",
    "include_lm_head": true,
    "skip_substrings": []
  },
  "replaced_module_count": 225
}