{
  "n_positions": 14984,
  "n_prompts": 100,
  "all": {
    "top1_match": 0.9897223711013794,
    "top5_overlap": 0.991524338722229,
    "logit_l2": 7.96147346496582,
    "kl_ref_cand": 0.00041556425276212394,
    "gumbel_margin": 0.0004328311188146472,
    "logit_l2_p50": 8.682714462280273,
    "logit_l2_p99": 19.234455108642578,
    "logit_l2_max": 502.6494445800781,
    "kl_ref_cand_p50": 0.00016024999786168337,
    "kl_ref_cand_p99": 0.0023586354218423367,
    "kl_ref_cand_max": 0.012283612042665482,
    "gumbel_margin_p50": 0.0,
    "gumbel_margin_p99": 0.0,
    "gumbel_margin_max": 0.19562339782714844
  },
  "last": {
    "top1_match": 0.9899999499320984,
    "top5_overlap": 0.9939998984336853,
    "logit_l2": 9.983202934265137,
    "kl_ref_cand": 0.0004845430958084762,
    "gumbel_margin": 5.524635344045237e-05,
    "logit_l2_p50": 9.802162170410156,
    "logit_l2_p99": 15.983243942260742,
    "logit_l2_max": 18.837730407714844,
    "kl_ref_cand_p50": 0.00047608232125639915,
    "kl_ref_cand_p99": 0.0010675720404833555,
    "kl_ref_cand_max": 0.0013942336663603783,
    "gumbel_margin_p50": 0.0,
    "gumbel_margin_p99": 5.525815504370257e-05,
    "gumbel_margin_max": 0.005524635314941406
  },
  "wallclock_s": 9.993995189666748,
  "config": {
    "model": "meta-llama/Llama-3.1-8B-Instruct",
    "dtype": "bfloat16",
    "n_prompts": 100,
    "max_len": 512,
    "weight_bits": 24,
    "activation_bits": 0,
    "true_int_matmul": false,
    "quant_scheme": "per_group_sym",
    "group_size": 16,
    "matmul_dtype": "bf16",
    "no_quant": false,
    "dataset": "Salesforce/wikitext",
    "dataset_config": "wikitext-103-raw-v1",
    "dataset_split": "train",
    "temperature": 1.0,
    "seed": 42,
    "device": "auto",
    "out": "experiments/baseline-int-cast/data/llama31_8b_w24_aoff_grp16.json",
    "include_lm_head": true,
    "skip_substrings": []
  },
  "replaced_module_count": 225
}