{
  "n_positions": 14984,
  "n_prompts": 100,
  "all": {
    "top1_match": 0.9859851002693176,
    "top5_overlap": 0.9868259429931641,
    "logit_l2": 11.426486015319824,
    "kl_ref_cand": 0.0006235498585738242,
    "gumbel_margin": 0.0005766433896496892,
    "logit_l2_p50": 10.47869873046875,
    "logit_l2_p99": 23.357629776000977,
    "logit_l2_max": 269.976806640625,
    "kl_ref_cand_p50": 0.0003869368811137974,
    "kl_ref_cand_p99": 0.002991284942254424,
    "kl_ref_cand_max": 0.03007091023027897,
    "gumbel_margin_p50": 0.0,
    "gumbel_margin_p99": 0.008805129677057266,
    "gumbel_margin_max": 0.2325878143310547
  },
  "last": {
    "top1_match": 0.9799999594688416,
    "top5_overlap": 0.9839999675750732,
    "logit_l2": 12.17803955078125,
    "kl_ref_cand": 0.0006562370108440518,
    "gumbel_margin": 0.0016158103244379163,
    "logit_l2_p50": 11.628833770751953,
    "logit_l2_p99": 20.47695541381836,
    "logit_l2_max": 23.401853561401367,
    "kl_ref_cand_p50": 0.0005789381102658808,
    "kl_ref_cand_p99": 0.0019133692840114236,
    "kl_ref_cand_max": 0.0030732005834579468,
    "gumbel_margin_p50": 0.0,
    "gumbel_margin_p99": 0.05129656568169594,
    "gumbel_margin_max": 0.06784820556640625
  },
  "wallclock_s": 10.97562050819397,
  "config": {
    "model": "meta-llama/Llama-3.1-8B-Instruct",
    "dtype": "bfloat16",
    "n_prompts": 100,
    "max_len": 512,
    "weight_bits": 28,
    "activation_bits": 20,
    "true_int_matmul": false,
    "quant_scheme": "symmetric",
    "group_size": 128,
    "matmul_dtype": "bf16",
    "no_quant": false,
    "dataset": "Salesforce/wikitext",
    "dataset_config": "wikitext-103-raw-v1",
    "dataset_split": "train",
    "temperature": 1.0,
    "seed": 42,
    "device": "auto",
    "out": "experiments/baseline-int-cast/data/llama31_8b_w28_a20.json",
    "include_lm_head": true,
    "skip_substrings": []
  },
  "replaced_module_count": 225
}