{
  "n_positions": 14984,
  "n_prompts": 100,
  "all": {
    "top1_match": 0.9948611855506897,
    "top5_overlap": 0.9951280951499939,
    "logit_l2": 4.272071838378906,
    "kl_ref_cand": 0.00022765628818888217,
    "gumbel_margin": 0.00021998665761202574,
    "logit_l2_p50": 0.0,
    "logit_l2_p99": 18.858186721801758,
    "logit_l2_max": 297.572265625,
    "kl_ref_cand_p50": 0.0,
    "kl_ref_cand_p99": 0.002052458468824625,
    "kl_ref_cand_max": 0.023796632885932922,
    "gumbel_margin_p50": 0.0,
    "gumbel_margin_p99": 0.0,
    "gumbel_margin_max": 0.1408405303955078
  },
  "last": {
    "top1_match": 1.0,
    "top5_overlap": 0.9939998984336853,
    "logit_l2": 4.918947219848633,
    "kl_ref_cand": 0.00026181404246017337,
    "gumbel_margin": 0.0,
    "logit_l2_p50": 0.0,
    "logit_l2_p99": 16.80461883544922,
    "logit_l2_max": 19.6650333404541,
    "kl_ref_cand_p50": 0.0,
    "kl_ref_cand_p99": 0.0012469785287976265,
    "kl_ref_cand_max": 0.0014784475788474083,
    "gumbel_margin_p50": 0.0,
    "gumbel_margin_p99": 0.0,
    "gumbel_margin_max": 0.0
  },
  "wallclock_s": 10.852596998214722,
  "config": {
    "model": "meta-llama/Llama-3.1-8B-Instruct",
    "dtype": "bfloat16",
    "n_prompts": 100,
    "max_len": 512,
    "weight_bits": 31,
    "activation_bits": 31,
    "true_int_matmul": false,
    "quant_scheme": "symmetric",
    "group_size": 128,
    "matmul_dtype": "bf16",
    "no_quant": false,
    "dataset": "Salesforce/wikitext",
    "dataset_config": "wikitext-103-raw-v1",
    "dataset_split": "train",
    "temperature": 1.0,
    "seed": 42,
    "device": "auto",
    "out": "/root/difr-expt/data/llama31_8b_b31_mmbf16_flin.json",
    "include_lm_head": true,
    "skip_substrings": []
  },
  "replaced_module_count": 225
}