{
  "n_positions": 14984,
  "n_prompts": 100,
  "all": {
    "top1_match": 0.985117495059967,
    "top5_overlap": 0.9870262145996094,
    "logit_l2": 11.43297004699707,
    "kl_ref_cand": 0.0006196449394337833,
    "gumbel_margin": 0.0006758240633644164,
    "logit_l2_p50": 10.438926696777344,
    "logit_l2_p99": 23.80431365966797,
    "logit_l2_max": 473.41107177734375,
    "kl_ref_cand_p50": 0.0003863631864078343,
    "kl_ref_cand_p99": 0.0031959584448486567,
    "kl_ref_cand_max": 0.026827340945601463,
    "gumbel_margin_p50": 0.0,
    "gumbel_margin_p99": 0.01530255377292633,
    "gumbel_margin_max": 0.2325878143310547
  },
  "last": {
    "top1_match": 0.9899999499320984,
    "top5_overlap": 0.9899999499320984,
    "logit_l2": 12.366133689880371,
    "kl_ref_cand": 0.0007017374155111611,
    "gumbel_margin": 0.0011045169085264206,
    "logit_l2_p50": 11.833532333374023,
    "logit_l2_p99": 21.356412887573242,
    "logit_l2_max": 21.537683486938477,
    "kl_ref_cand_p50": 0.0006088983500376344,
    "kl_ref_cand_p99": 0.0023046687711030245,
    "kl_ref_cand_max": 0.003459252417087555,
    "gumbel_margin_p50": 0.0,
    "gumbel_margin_p99": 0.037386614829301834,
    "gumbel_margin_max": 0.06784820556640625
  },
  "wallclock_s": 10.92521595954895,
  "config": {
    "model": "meta-llama/Llama-3.1-8B-Instruct",
    "dtype": "bfloat16",
    "n_prompts": 100,
    "max_len": 512,
    "weight_bits": 27,
    "activation_bits": 22,
    "true_int_matmul": false,
    "quant_scheme": "symmetric",
    "group_size": 128,
    "matmul_dtype": "bf16",
    "no_quant": false,
    "dataset": "Salesforce/wikitext",
    "dataset_config": "wikitext-103-raw-v1",
    "dataset_split": "train",
    "temperature": 1.0,
    "seed": 42,
    "device": "auto",
    "out": "experiments/baseline-int-cast/data/llama31_8b_w27_a22.json",
    "include_lm_head": true,
    "skip_substrings": []
  },
  "replaced_module_count": 225
}