{
  "n_positions": 14984,
  "n_prompts": 100,
  "all": {
    "top1_match": 0.9842498898506165,
    "top5_overlap": 0.9869326949119568,
    "logit_l2": 11.401937484741211,
    "kl_ref_cand": 0.000623460509814322,
    "gumbel_margin": 0.0005904855788685381,
    "logit_l2_p50": 10.439927101135254,
    "logit_l2_p99": 24.089683532714844,
    "logit_l2_max": 219.2802734375,
    "kl_ref_cand_p50": 0.00039637077134102583,
    "kl_ref_cand_p99": 0.0031194700859487057,
    "kl_ref_cand_max": 0.019800543785095215,
    "gumbel_margin_p50": 0.0,
    "gumbel_margin_p99": 0.0076327212154865265,
    "gumbel_margin_max": 0.27541542053222656
  },
  "last": {
    "top1_match": 0.9699999690055847,
    "top5_overlap": 0.9799999594688416,
    "logit_l2": 12.375998497009277,
    "kl_ref_cand": 0.0006155271548777819,
    "gumbel_margin": 0.0016971492441371083,
    "logit_l2_p50": 11.678566932678223,
    "logit_l2_p99": 23.280494689941406,
    "logit_l2_max": 24.532306671142578,
    "kl_ref_cand_p50": 0.0005604980979114771,
    "kl_ref_cand_p99": 0.0017317254096269608,
    "kl_ref_cand_max": 0.0025142505764961243,
    "gumbel_margin_p50": 0.0,
    "gumbel_margin_p99": 0.05129656568169594,
    "gumbel_margin_max": 0.06784820556640625
  },
  "wallclock_s": 11.159655094146729,
  "config": {
    "model": "meta-llama/Llama-3.1-8B-Instruct",
    "dtype": "bfloat16",
    "n_prompts": 100,
    "max_len": 512,
    "weight_bits": 20,
    "activation_bits": 20,
    "true_int_matmul": false,
    "quant_scheme": "per_group_sym",
    "group_size": 16,
    "matmul_dtype": "bf16",
    "no_quant": false,
    "dataset": "Salesforce/wikitext",
    "dataset_config": "wikitext-103-raw-v1",
    "dataset_split": "train",
    "temperature": 1.0,
    "seed": 42,
    "device": "auto",
    "out": "experiments/baseline-int-cast/data/llama31_8b_b20_grp16_both.json",
    "include_lm_head": true,
    "skip_substrings": [],
    "smoothquant_alpha": null,
    "smoothquant_n_calib": 16,
    "act_clip_quantile": null
  },
  "replaced_module_count": 225
}