{
  "n_positions": 14984,
  "n_prompts": 100,
  "all": {
    "top1_match": 1.0,
    "top5_overlap": 0.9999866485595703,
    "logit_l2": 0.006907575763761997,
    "kl_ref_cand": 9.047957383323535e-10,
    "gumbel_margin": 0.0,
    "logit_l2_p50": 0.006045046728104353,
    "logit_l2_p99": 0.01791304349899292,
    "logit_l2_max": 0.13309542834758759,
    "kl_ref_cand_p50": 1.7265406881961098e-09,
    "kl_ref_cand_p99": 2.7668698976413e-07,
    "kl_ref_cand_max": 6.382913966263004e-07,
    "gumbel_margin_p50": 0.0,
    "gumbel_margin_p99": 0.0,
    "gumbel_margin_max": 0.0
  },
  "last": {
    "top1_match": 1.0,
    "top5_overlap": 1.0,
    "logit_l2": 0.010000939480960369,
    "kl_ref_cand": -2.5478243514953647e-08,
    "gumbel_margin": 0.0,
    "logit_l2_p50": 0.00928604044020176,
    "logit_l2_p99": 0.02250087261199951,
    "logit_l2_max": 0.025690751150250435,
    "kl_ref_cand_p50": -2.3221218725666404e-08,
    "kl_ref_cand_p99": 1.9651130855891097e-07,
    "kl_ref_cand_max": 2.082113041979028e-07,
    "gumbel_margin_p50": 0.0,
    "gumbel_margin_p99": 0.0,
    "gumbel_margin_max": 0.0
  },
  "wallclock_s": 19.80567502975464,
  "config": {
    "model": "meta-llama/Llama-3.1-8B",
    "dtype": "float32",
    "n_prompts": 100,
    "max_len": 512,
    "weight_bits": 24,
    "activation_bits": 24,
    "true_int_matmul": false,
    "quant_scheme": "symmetric",
    "group_size": 128,
    "matmul_dtype": "auto",
    "no_quant": false,
    "dataset": "Salesforce/wikitext",
    "dataset_config": "wikitext-103-raw-v1",
    "dataset_split": "train",
    "temperature": 1.0,
    "seed": 42,
    "device": "auto",
    "out": "experiments/baseline-int-cast/data/llama3p1_8b_b24_fp32ref_fp32mm.json",
    "include_lm_head": true,
    "skip_substrings": [],
    "smoothquant_alpha": null,
    "smoothquant_n_calib": 16,
    "act_clip_quantile": null,
    "cached_bf16": false
  },
  "replaced_module_count": 225
}