{
  "n_positions": 14984,
  "n_prompts": 100,
  "all": {
    "top1_match": 0.9845835566520691,
    "top5_overlap": 0.9857982397079468,
    "logit_l2": 12.510778427124023,
    "kl_ref_cand": 0.0006872903904877603,
    "gumbel_margin": 0.0006683656247332692,
    "logit_l2_p50": 11.389959335327148,
    "logit_l2_p99": 26.559240341186523,
    "logit_l2_max": 352.3431091308594,
    "kl_ref_cand_p50": 0.000442607793956995,
    "kl_ref_cand_p99": 0.0035391279961913824,
    "kl_ref_cand_max": 0.02733777090907097,
    "gumbel_margin_p50": 0.0,
    "gumbel_margin_p99": 0.015612196177244186,
    "gumbel_margin_max": 0.34578704833984375
  },
  "last": {
    "top1_match": 0.9899999499320984,
    "top5_overlap": 0.9919999241828918,
    "logit_l2": 13.480439186096191,
    "kl_ref_cand": 0.0007271660724654794,
    "gumbel_margin": 0.0016954230377450585,
    "logit_l2_p50": 12.594635009765625,
    "logit_l2_p99": 24.446868896484375,
    "logit_l2_max": 35.233299255371094,
    "kl_ref_cand_p50": 0.0006571603007614613,
    "kl_ref_cand_p99": 0.0016560584772378206,
    "kl_ref_cand_max": 0.0028833113610744476,
    "gumbel_margin_p50": 0.0,
    "gumbel_margin_p99": 0.05127672478556633,
    "gumbel_margin_max": 0.06586456298828125
  },
  "wallclock_s": 10.749719858169556,
  "config": {
    "model": "meta-llama/Llama-3.1-8B-Instruct",
    "dtype": "bfloat16",
    "n_prompts": 100,
    "max_len": 512,
    "weight_bits": 24,
    "activation_bits": 24,
    "true_int_matmul": false,
    "quant_scheme": "symmetric",
    "group_size": 128,
    "matmul_dtype": "bf16",
    "no_quant": false,
    "dataset": "Salesforce/wikitext",
    "dataset_config": "wikitext-103-raw-v1",
    "dataset_split": "train",
    "temperature": 1.0,
    "seed": 42,
    "device": "auto",
    "out": "experiments/baseline-int-cast/data/llama31_8b_b24_sq_a05.json",
    "include_lm_head": true,
    "skip_substrings": [],
    "smoothquant_alpha": 0.5,
    "smoothquant_n_calib": 16,
    "act_clip_quantile": null
  },
  "replaced_module_count": 225
}