{
  "n_positions": 14984,
  "n_prompts": 100,
  "all": {
    "top1_match": 0.9852509498596191,
    "top5_overlap": 0.9868794083595276,
    "logit_l2": 11.387310981750488,
    "kl_ref_cand": 0.0006195405730977654,
    "gumbel_margin": 0.0005894545465707779,
    "logit_l2_p50": 10.393999099731445,
    "logit_l2_p99": 23.560359954833984,
    "logit_l2_max": 504.2659606933594,
    "kl_ref_cand_p50": 0.0003874531830660999,
    "kl_ref_cand_p99": 0.0028977170586586,
    "kl_ref_cand_max": 0.04088323563337326,
    "gumbel_margin_p50": 0.0,
    "gumbel_margin_p99": 0.009963065385818481,
    "gumbel_margin_max": 0.24466896057128906
  },
  "last": {
    "top1_match": 0.9899999499320984,
    "top5_overlap": 0.9880000352859497,
    "logit_l2": 12.397890090942383,
    "kl_ref_cand": 0.0006501690368168056,
    "gumbel_margin": 0.00015469550271518528,
    "logit_l2_p50": 11.6365966796875,
    "logit_l2_p99": 22.068750381469727,
    "logit_l2_max": 24.814619064331055,
    "kl_ref_cand_p50": 0.0005539595149457455,
    "kl_ref_cand_p99": 0.002034709556028247,
    "kl_ref_cand_max": 0.00216793455183506,
    "gumbel_margin_p50": 0.0,
    "gumbel_margin_p99": 0.0055688475258648396,
    "gumbel_margin_max": 0.009944915771484375
  },
  "wallclock_s": 10.97960638999939,
  "config": {
    "model": "meta-llama/Llama-3.1-8B-Instruct",
    "dtype": "bfloat16",
    "n_prompts": 100,
    "max_len": 512,
    "weight_bits": 26,
    "activation_bits": 26,
    "true_int_matmul": false,
    "quant_scheme": "symmetric",
    "group_size": 128,
    "matmul_dtype": "bf16",
    "no_quant": false,
    "dataset": "Salesforce/wikitext",
    "dataset_config": "wikitext-103-raw-v1",
    "dataset_split": "train",
    "temperature": 1.0,
    "seed": 42,
    "device": "auto",
    "out": "experiments/baseline-int-cast/data/llama31_8b_b26_mmbf16_flin.json",
    "include_lm_head": true,
    "skip_substrings": []
  },
  "replaced_module_count": 225
}