{
  "n_positions": 14984,
  "n_prompts": 100,
  "all": {
    "top1_match": 0.9883208870887756,
    "top5_overlap": 0.9902162551879883,
    "logit_l2": 8.70080852508545,
    "kl_ref_cand": 0.00045885005965828896,
    "gumbel_margin": 0.0005055386573076248,
    "logit_l2_p50": 9.062780380249023,
    "logit_l2_p99": 19.790048599243164,
    "logit_l2_max": 499.2153015136719,
    "kl_ref_cand_p50": 0.00020697919535450637,
    "kl_ref_cand_p99": 0.002538463333621621,
    "kl_ref_cand_max": 0.01639297418296337,
    "gumbel_margin_p50": 0.0,
    "gumbel_margin_p99": 0.0,
    "gumbel_margin_max": 0.2325878143310547
  },
  "last": {
    "top1_match": 0.9899999499320984,
    "top5_overlap": 0.9919999241828918,
    "logit_l2": 10.070998191833496,
    "kl_ref_cand": 0.0004735648399218917,
    "gumbel_margin": 0.0006659888895228505,
    "logit_l2_p50": 9.773033142089844,
    "logit_l2_p99": 16.4810791015625,
    "logit_l2_max": 22.978912353515625,
    "kl_ref_cand_p50": 0.00042614724952727556,
    "kl_ref_cand_p99": 0.0011387077393010259,
    "kl_ref_cand_max": 0.0014571850188076496,
    "gumbel_margin_p50": 0.0,
    "gumbel_margin_p99": 0.010356848128139973,
    "gumbel_margin_max": 0.05112934112548828
  },
  "wallclock_s": 9.825499534606934,
  "config": {
    "model": "meta-llama/Llama-3.1-8B-Instruct",
    "dtype": "bfloat16",
    "n_prompts": 100,
    "max_len": 512,
    "weight_bits": 24,
    "activation_bits": 0,
    "true_int_matmul": false,
    "quant_scheme": "per_group_sym",
    "group_size": 32,
    "matmul_dtype": "bf16",
    "no_quant": false,
    "dataset": "Salesforce/wikitext",
    "dataset_config": "wikitext-103-raw-v1",
    "dataset_split": "train",
    "temperature": 1.0,
    "seed": 42,
    "device": "auto",
    "out": "experiments/baseline-int-cast/data/llama31_8b_w24_aoff_grp32.json",
    "include_lm_head": true,
    "skip_substrings": []
  },
  "replaced_module_count": 225
}