{
  "n_positions": 606,
  "n_prompts": 5,
  "all": {
    "top1_match": 1.0,
    "top5_overlap": 1.0,
    "logit_l2": 0.006777218077331781,
    "kl_ref_cand": -1.1043185116355048e-10,
    "gumbel_margin": 0.0,
    "logit_l2_p50": 0.0052910479716956615,
    "logit_l2_p99": 0.02655954100191593,
    "logit_l2_max": 0.06543245911598206,
    "kl_ref_cand_p50": -4.424421717885707e-09,
    "kl_ref_cand_p99": 2.6907235906037386e-07,
    "kl_ref_cand_max": 3.902624712281977e-07,
    "gumbel_margin_p50": 0.0,
    "gumbel_margin_p99": 0.0,
    "gumbel_margin_max": 0.0
  },
  "last": {
    "top1_match": 1.0,
    "top5_overlap": 1.0,
    "logit_l2": 0.008106911554932594,
    "kl_ref_cand": 1.2981582031557082e-08,
    "gumbel_margin": 0.0,
    "logit_l2_p50": 0.009374154731631279,
    "logit_l2_p99": 0.010627751238644123,
    "logit_l2_max": 0.010645449161529541,
    "kl_ref_cand_p50": 6.179743650136515e-08,
    "kl_ref_cand_p99": 1.2574886909533234e-07,
    "kl_ref_cand_max": 1.2659484127652831e-07,
    "gumbel_margin_p50": 0.0,
    "gumbel_margin_p99": 0.0,
    "gumbel_margin_max": 0.0
  },
  "wallclock_s": 2.181774616241455,
  "config": {
    "model": "meta-llama/Llama-3.1-8B-Instruct",
    "dtype": "float32",
    "n_prompts": 5,
    "max_len": 128,
    "weight_bits": 24,
    "activation_bits": 24,
    "true_int_matmul": false,
    "quant_scheme": "symmetric",
    "group_size": 128,
    "matmul_dtype": "auto",
    "no_quant": false,
    "dataset": "Salesforce/wikitext",
    "dataset_config": "wikitext-103-raw-v1",
    "dataset_split": "train",
    "temperature": 1.0,
    "seed": 42,
    "device": "auto",
    "out": "experiments/baseline-int-cast/data/llama3p1_8b_b24_fp32ref_5p128_FLOATEQ.json",
    "include_lm_head": true,
    "skip_substrings": [],
    "smoothquant_alpha": null,
    "smoothquant_n_calib": 16,
    "act_clip_quantile": null,
    "cached_bf16": false
  },
  "replaced_module_count": 225
}