{
  "n_positions": 14984,
  "n_prompts": 100,
  "all": {
    "top1_match": 0.9859851002693176,
    "top5_overlap": 0.9866524338722229,
    "logit_l2": 11.477091789245605,
    "kl_ref_cand": 0.0006277044303715229,
    "gumbel_margin": 0.0005677241715602577,
    "logit_l2_p50": 10.469103813171387,
    "logit_l2_p99": 24.217527389526367,
    "logit_l2_max": 400.8739013671875,
    "kl_ref_cand_p50": 0.00039016513619571924,
    "kl_ref_cand_p99": 0.003327854909002781,
    "kl_ref_cand_max": 0.027828600257635117,
    "gumbel_margin_p50": 0.0,
    "gumbel_margin_p99": 0.006305189803242683,
    "gumbel_margin_max": 0.2325878143310547
  },
  "last": {
    "top1_match": 0.9799999594688416,
    "top5_overlap": 0.9839999675750732,
    "logit_l2": 11.97648811340332,
    "kl_ref_cand": 0.0006425724714063108,
    "gumbel_margin": 0.0016158103244379163,
    "logit_l2_p50": 11.101760864257812,
    "logit_l2_p99": 19.376344680786133,
    "logit_l2_max": 24.401081085205078,
    "kl_ref_cand_p50": 0.0005889260210096836,
    "kl_ref_cand_p99": 0.001526186941191554,
    "kl_ref_cand_max": 0.0023065144196152687,
    "gumbel_margin_p50": 0.0,
    "gumbel_margin_p99": 0.05129656568169594,
    "gumbel_margin_max": 0.06784820556640625
  },
  "wallclock_s": 10.92833924293518,
  "config": {
    "model": "meta-llama/Llama-3.1-8B-Instruct",
    "dtype": "bfloat16",
    "n_prompts": 100,
    "max_len": 512,
    "weight_bits": 20,
    "activation_bits": 20,
    "true_int_matmul": false,
    "quant_scheme": "per_group_sym",
    "group_size": 8,
    "matmul_dtype": "bf16",
    "no_quant": false,
    "dataset": "Salesforce/wikitext",
    "dataset_config": "wikitext-103-raw-v1",
    "dataset_split": "train",
    "temperature": 1.0,
    "seed": 42,
    "device": "auto",
    "out": "experiments/baseline-int-cast/data/llama31_8b_b20_grp8_both.json",
    "include_lm_head": true,
    "skip_substrings": [],
    "smoothquant_alpha": null,
    "smoothquant_n_calib": 16,
    "act_clip_quantile": null
  },
  "replaced_module_count": 225
}