{
  "n_positions": 14984,
  "n_prompts": 100,
  "all": {
    "top1_match": 0.9831153750419617,
    "top5_overlap": 0.9854645133018494,
    "logit_l2": 12.554168701171875,
    "kl_ref_cand": 0.0006989192916080356,
    "gumbel_margin": 0.0007409563404507935,
    "logit_l2_p50": 11.441139221191406,
    "logit_l2_p99": 27.080570220947266,
    "logit_l2_max": 317.30120849609375,
    "kl_ref_cand_p50": 0.0004448945983313024,
    "kl_ref_cand_p99": 0.0037387260235846043,
    "kl_ref_cand_max": 0.027242891490459442,
    "gumbel_margin_p50": 0.0,
    "gumbel_margin_p99": 0.017157483845949173,
    "gumbel_margin_max": 0.34578704833984375
  },
  "last": {
    "top1_match": 0.9899999499320984,
    "top5_overlap": 0.9799999594688416,
    "logit_l2": 13.799675941467285,
    "kl_ref_cand": 0.0007736188126727939,
    "gumbel_margin": 0.0005254840943962336,
    "logit_l2_p50": 13.063766479492188,
    "logit_l2_p99": 25.093055725097656,
    "logit_l2_max": 27.42314338684082,
    "kl_ref_cand_p50": 0.0006653141463175416,
    "kl_ref_cand_p99": 0.0023040613159537315,
    "kl_ref_cand_max": 0.004413865506649017,
    "gumbel_margin_p50": 0.0,
    "gumbel_margin_p99": 0.010216313414275646,
    "gumbel_margin_max": 0.037078857421875
  },
  "wallclock_s": 10.767600059509277,
  "config": {
    "model": "meta-llama/Llama-3.1-8B-Instruct",
    "dtype": "bfloat16",
    "n_prompts": 100,
    "max_len": 512,
    "weight_bits": 20,
    "activation_bits": 20,
    "true_int_matmul": false,
    "quant_scheme": "symmetric",
    "group_size": 128,
    "matmul_dtype": "bf16",
    "no_quant": false,
    "dataset": "Salesforce/wikitext",
    "dataset_config": "wikitext-103-raw-v1",
    "dataset_split": "train",
    "temperature": 1.0,
    "seed": 42,
    "device": "auto",
    "out": "experiments/baseline-int-cast/data/llama31_8b_b20_sq_a05.json",
    "include_lm_head": true,
    "skip_substrings": [],
    "smoothquant_alpha": 0.5,
    "smoothquant_n_calib": 16,
    "act_clip_quantile": null
  },
  "replaced_module_count": 225
}