{
  "n_positions": 14984,
  "n_prompts": 100,
  "all": {
    "top1_match": 0.9878537058830261,
    "top5_overlap": 0.9898158311843872,
    "logit_l2": 9.173577308654785,
    "kl_ref_cand": 0.00048775275354273617,
    "gumbel_margin": 0.0005184466717764735,
    "logit_l2_p50": 9.266484260559082,
    "logit_l2_p99": 20.29863929748535,
    "logit_l2_max": 146.76502990722656,
    "kl_ref_cand_p50": 0.00024674402084201574,
    "kl_ref_cand_p99": 0.0025294942315667868,
    "kl_ref_cand_max": 0.01639297418296337,
    "gumbel_margin_p50": 0.0,
    "gumbel_margin_p99": 0.0,
    "gumbel_margin_max": 0.2325878143310547
  },
  "last": {
    "top1_match": 0.9899999499320984,
    "top5_overlap": 0.9919999241828918,
    "logit_l2": 10.41308307647705,
    "kl_ref_cand": 0.0005126589676365256,
    "gumbel_margin": 0.0013246345333755016,
    "logit_l2_p50": 10.197477340698242,
    "logit_l2_p99": 17.640291213989258,
    "logit_l2_max": 20.004375457763672,
    "kl_ref_cand_p50": 0.00047812488628551364,
    "kl_ref_cand_p99": 0.0013463969808071852,
    "kl_ref_cand_max": 0.002225138247013092,
    "gumbel_margin_p50": 0.0,
    "gumbel_margin_p99": 0.05127672478556633,
    "gumbel_margin_max": 0.06586456298828125
  },
  "wallclock_s": 9.895804643630981,
  "config": {
    "model": "meta-llama/Llama-3.1-8B-Instruct",
    "dtype": "bfloat16",
    "n_prompts": 100,
    "max_len": 512,
    "weight_bits": 24,
    "activation_bits": 0,
    "true_int_matmul": false,
    "quant_scheme": "per_group_sym",
    "group_size": 64,
    "matmul_dtype": "bf16",
    "no_quant": false,
    "dataset": "Salesforce/wikitext",
    "dataset_config": "wikitext-103-raw-v1",
    "dataset_split": "train",
    "temperature": 1.0,
    "seed": 42,
    "device": "auto",
    "out": "experiments/baseline-int-cast/data/llama31_8b_w24_aoff_grp64.json",
    "include_lm_head": true,
    "skip_substrings": []
  },
  "replaced_module_count": 225
}