{
  "n_positions": 14984,
  "n_prompts": 100,
  "all": {
    "top1_match": 0.9873865842819214,
    "top5_overlap": 0.9895087480545044,
    "logit_l2": 9.492461204528809,
    "kl_ref_cand": 0.0005068207974545658,
    "gumbel_margin": 0.00048125829198397696,
    "logit_l2_p50": 9.435078620910645,
    "logit_l2_p99": 20.655513763427734,
    "logit_l2_max": 478.2688903808594,
    "kl_ref_cand_p50": 0.00027137238066643476,
    "kl_ref_cand_p99": 0.002580659231171012,
    "kl_ref_cand_max": 0.01663414016366005,
    "gumbel_margin_p50": 0.0,
    "gumbel_margin_p99": 0.0,
    "gumbel_margin_max": 0.2325878143310547
  },
  "last": {
    "top1_match": 0.9799999594688416,
    "top5_overlap": 0.9919999241828918,
    "logit_l2": 10.531203269958496,
    "kl_ref_cand": 0.0005470395553857088,
    "gumbel_margin": 0.0017152595100924373,
    "logit_l2_p50": 10.0282564163208,
    "logit_l2_p99": 16.568359375,
    "logit_l2_max": 18.21932029724121,
    "kl_ref_cand_p50": 0.0004992494359612465,
    "kl_ref_cand_p99": 0.0019440521718934178,
    "kl_ref_cand_max": 0.002047116868197918,
    "gumbel_margin_p50": 0.0,
    "gumbel_margin_p99": 0.05129656568169594,
    "gumbel_margin_max": 0.06784820556640625
  },
  "wallclock_s": 9.792527437210083,
  "config": {
    "model": "meta-llama/Llama-3.1-8B-Instruct",
    "dtype": "bfloat16",
    "n_prompts": 100,
    "max_len": 512,
    "weight_bits": 24,
    "activation_bits": 0,
    "true_int_matmul": false,
    "quant_scheme": "per_group_sym",
    "group_size": 128,
    "matmul_dtype": "bf16",
    "no_quant": false,
    "dataset": "Salesforce/wikitext",
    "dataset_config": "wikitext-103-raw-v1",
    "dataset_split": "train",
    "temperature": 1.0,
    "seed": 42,
    "device": "auto",
    "out": "experiments/baseline-int-cast/data/llama31_8b_w24_aoff_grp128.json",
    "include_lm_head": true,
    "skip_substrings": []
  },
  "replaced_module_count": 225
}