{
  "n_positions": 14984,
  "n_prompts": 100,
  "all": {
    "top1_match": 0.9852509498596191,
    "top5_overlap": 0.9868659377098083,
    "logit_l2": 11.391724586486816,
    "kl_ref_cand": 0.0006114079733379185,
    "gumbel_margin": 0.0006216063047759235,
    "logit_l2_p50": 10.428180694580078,
    "logit_l2_p99": 23.922161102294922,
    "logit_l2_max": 262.9562683105469,
    "kl_ref_cand_p50": 0.00038771459367126226,
    "kl_ref_cand_p99": 0.0030223438516259193,
    "kl_ref_cand_max": 0.021256830543279648,
    "gumbel_margin_p50": 0.0,
    "gumbel_margin_p99": 0.01739068701863289,
    "gumbel_margin_max": 0.27541542053222656
  },
  "last": {
    "top1_match": 0.9799999594688416,
    "top5_overlap": 0.9839999675750732,
    "logit_l2": 12.080562591552734,
    "kl_ref_cand": 0.0006257644854485989,
    "gumbel_margin": 0.0017152595100924373,
    "logit_l2_p50": 11.282400131225586,
    "logit_l2_p99": 19.955371856689453,
    "logit_l2_max": 22.94984245300293,
    "kl_ref_cand_p50": 0.0005943882279098034,
    "kl_ref_cand_p99": 0.0016467488603666425,
    "kl_ref_cand_max": 0.001650659367442131,
    "gumbel_margin_p50": 0.0,
    "gumbel_margin_p99": 0.05129656568169594,
    "gumbel_margin_max": 0.06784820556640625
  },
  "wallclock_s": 11.075014591217041,
  "config": {
    "model": "meta-llama/Llama-3.1-8B-Instruct",
    "dtype": "bfloat16",
    "n_prompts": 100,
    "max_len": 512,
    "weight_bits": 24,
    "activation_bits": 24,
    "true_int_matmul": false,
    "quant_scheme": "per_group_sym",
    "group_size": 64,
    "matmul_dtype": "bf16",
    "no_quant": false,
    "dataset": "Salesforce/wikitext",
    "dataset_config": "wikitext-103-raw-v1",
    "dataset_split": "train",
    "temperature": 1.0,
    "seed": 42,
    "device": "auto",
    "out": "experiments/baseline-int-cast/data/llama31_8b_b24_grp64_sym.json",
    "include_lm_head": true,
    "skip_substrings": []
  },
  "replaced_module_count": 225
}