{
  "n_positions": 14984,
  "n_prompts": 100,
  "all": {
    "top1_match": 0.985117495059967,
    "top5_overlap": 0.9873865842819214,
    "logit_l2": 11.529302597045898,
    "kl_ref_cand": 0.0006349542527459562,
    "gumbel_margin": 0.0006607402465306222,
    "logit_l2_p50": 10.4496431350708,
    "logit_l2_p99": 24.643083572387695,
    "logit_l2_max": 321.8580627441406,
    "kl_ref_cand_p50": 0.0003970405086874962,
    "kl_ref_cand_p99": 0.0033815496135503054,
    "kl_ref_cand_max": 0.04477125406265259,
    "gumbel_margin_p50": 0.0,
    "gumbel_margin_p99": 0.015612196177244186,
    "gumbel_margin_max": 0.24466896057128906
  },
  "last": {
    "top1_match": 0.9899999499320984,
    "top5_overlap": 0.9860000610351562,
    "logit_l2": 12.144440650939941,
    "kl_ref_cand": 0.0007072287844493985,
    "gumbel_margin": 0.0009373283246532083,
    "logit_l2_p50": 11.348660469055176,
    "logit_l2_p99": 19.326711654663086,
    "logit_l2_max": 20.2480411529541,
    "kl_ref_cand_p50": 0.000633303658105433,
    "kl_ref_cand_p99": 0.0019220008980482817,
    "kl_ref_cand_max": 0.002490593120455742,
    "gumbel_margin_p50": 0.0,
    "gumbel_margin_p99": 0.037219393998384476,
    "gumbel_margin_max": 0.05112934112548828
  },
  "wallclock_s": 11.00405216217041,
  "config": {
    "model": "meta-llama/Llama-3.1-8B-Instruct",
    "dtype": "bfloat16",
    "n_prompts": 100,
    "max_len": 512,
    "weight_bits": 18,
    "activation_bits": 18,
    "true_int_matmul": false,
    "quant_scheme": "symmetric",
    "group_size": 128,
    "matmul_dtype": "bf16",
    "no_quant": false,
    "dataset": "Salesforce/wikitext",
    "dataset_config": "wikitext-103-raw-v1",
    "dataset_split": "train",
    "temperature": 1.0,
    "seed": 42,
    "device": "auto",
    "out": "experiments/baseline-int-cast/data/llama31_8b_b18_mmbf16_flin.json",
    "include_lm_head": true,
    "skip_substrings": []
  },
  "replaced_module_count": 225
}