{
  "n_positions": 14984,
  "n_prompts": 100,
  "all": {
    "top1_match": 0.9895889163017273,
    "top5_overlap": 0.9914575815200806,
    "logit_l2": 7.945828437805176,
    "kl_ref_cand": 0.0004220038536004722,
    "gumbel_margin": 0.000452184583991766,
    "logit_l2_p50": 8.697067260742188,
    "logit_l2_p99": 19.361074447631836,
    "logit_l2_max": 502.85174560546875,
    "kl_ref_cand_p50": 0.0001600561081431806,
    "kl_ref_cand_p99": 0.0024204719811677933,
    "kl_ref_cand_max": 0.026743128895759583,
    "gumbel_margin_p50": 0.0,
    "gumbel_margin_p99": 0.0,
    "gumbel_margin_max": 0.2325878143310547
  },
  "last": {
    "top1_match": 0.9899999499320984,
    "top5_overlap": 0.9919999241828918,
    "logit_l2": 9.59915542602539,
    "kl_ref_cand": 0.0004730657674372196,
    "gumbel_margin": 0.0010367775103077292,
    "logit_l2_p50": 9.427520751953125,
    "logit_l2_p99": 15.633208274841309,
    "logit_l2_max": 27.606115341186523,
    "kl_ref_cand_p50": 0.00047171267215162516,
    "kl_ref_cand_p99": 0.001240040292032063,
    "kl_ref_cand_max": 0.0018240176141262054,
    "gumbel_margin_p50": 0.0,
    "gumbel_margin_p99": 0.037219393998384476,
    "gumbel_margin_max": 0.05112934112548828
  },
  "wallclock_s": 9.914109468460083,
  "config": {
    "model": "meta-llama/Llama-3.1-8B-Instruct",
    "dtype": "bfloat16",
    "n_prompts": 100,
    "max_len": 512,
    "weight_bits": 25,
    "activation_bits": 0,
    "true_int_matmul": false,
    "quant_scheme": "symmetric",
    "group_size": 128,
    "matmul_dtype": "bf16",
    "no_quant": false,
    "dataset": "Salesforce/wikitext",
    "dataset_config": "wikitext-103-raw-v1",
    "dataset_split": "train",
    "temperature": 1.0,
    "seed": 42,
    "device": "auto",
    "out": "experiments/baseline-int-cast/data/llama31_8b_w25_aoff.json",
    "include_lm_head": true,
    "skip_substrings": []
  },
  "replaced_module_count": 225
}