{
  "n_positions": 14984,
  "n_prompts": 100,
  "all": {
    "top1_match": 0.9993326663970947,
    "top5_overlap": 0.9990924000740051,
    "logit_l2": 1.0967692136764526,
    "kl_ref_cand": 2.8233246212039376e-06,
    "gumbel_margin": 3.853775979223428e-06,
    "logit_l2_p50": 0.9226522445678711,
    "logit_l2_p99": 3.3639259338378906,
    "logit_l2_max": 19.3800048828125,
    "kl_ref_cand_p50": 1.0561052476987243e-06,
    "kl_ref_cand_p99": 3.092888437095098e-05,
    "kl_ref_cand_max": 0.0005617593415081501,
    "gumbel_margin_p50": 0.0,
    "gumbel_margin_p99": 0.0,
    "gumbel_margin_max": 0.016279220581054688
  },
  "last": {
    "top1_match": 1.0,
    "top5_overlap": 1.0,
    "logit_l2": 1.9858654737472534,
    "kl_ref_cand": 1.4094756807025988e-05,
    "gumbel_margin": 0.0,
    "logit_l2_p50": 1.5765600204467773,
    "logit_l2_p99": 6.532933712005615,
    "logit_l2_max": 11.31342601776123,
    "kl_ref_cand_p50": 3.212946467101574e-06,
    "kl_ref_cand_p99": 0.00017466387362219393,
    "kl_ref_cand_max": 0.0004548393189907074,
    "gumbel_margin_p50": 0.0,
    "gumbel_margin_p99": 0.0,
    "gumbel_margin_max": 0.0
  },
  "wallclock_s": 19.813028573989868,
  "config": {
    "model": "meta-llama/Llama-3.1-8B",
    "dtype": "float32",
    "n_prompts": 100,
    "max_len": 512,
    "weight_bits": 16,
    "activation_bits": 16,
    "true_int_matmul": false,
    "quant_scheme": "symmetric",
    "group_size": 128,
    "matmul_dtype": "auto",
    "no_quant": false,
    "dataset": "Salesforce/wikitext",
    "dataset_config": "wikitext-103-raw-v1",
    "dataset_split": "train",
    "temperature": 1.0,
    "seed": 42,
    "device": "auto",
    "out": "experiments/baseline-int-cast/data/llama3p1_8b_b16_fp32ref_fp32mm.json",
    "include_lm_head": true,
    "skip_substrings": [],
    "smoothquant_alpha": null,
    "smoothquant_n_calib": 16,
    "act_clip_quantile": null,
    "cached_bf16": false
  },
  "replaced_module_count": 225
}