{
  "n_positions": 14984,
  "n_prompts": 100,
  "all": {
    "top1_match": 0.9861853122711182,
    "top5_overlap": 0.9879337549209595,
    "logit_l2": 10.35948371887207,
    "kl_ref_cand": 0.000552800833247602,
    "gumbel_margin": 0.000594781304243952,
    "logit_l2_p50": 9.809194564819336,
    "logit_l2_p99": 21.296321868896484,
    "logit_l2_max": 507.5451965332031,
    "kl_ref_cand_p50": 0.0003208945563528687,
    "kl_ref_cand_p99": 0.0026089802850037813,
    "kl_ref_cand_max": 0.030142521485686302,
    "gumbel_margin_p50": 0.0,
    "gumbel_margin_p99": 0.002464964985847473,
    "gumbel_margin_max": 0.34578704833984375
  },
  "last": {
    "top1_match": 1.0,
    "top5_overlap": 0.9899999499320984,
    "logit_l2": 11.270468711853027,
    "kl_ref_cand": 0.0006376348319463432,
    "gumbel_margin": 0.0012450218200683594,
    "logit_l2_p50": 10.865567207336426,
    "logit_l2_p99": 16.587827682495117,
    "logit_l2_max": 17.427640914916992,
    "kl_ref_cand_p50": 0.0005767820402979851,
    "kl_ref_cand_p99": 0.0019949362613260746,
    "kl_ref_cand_max": 0.0028222128748893738,
    "gumbel_margin_p50": 0.0,
    "gumbel_margin_p99": 0.05129656568169594,
    "gumbel_margin_max": 0.06784820556640625
  },
  "wallclock_s": 9.974051475524902,
  "config": {
    "model": "meta-llama/Llama-3.1-8B-Instruct",
    "dtype": "bfloat16",
    "n_prompts": 100,
    "max_len": 512,
    "weight_bits": 24,
    "activation_bits": 0,
    "true_int_matmul": false,
    "quant_scheme": "symmetric",
    "group_size": 128,
    "matmul_dtype": "bf16",
    "no_quant": false,
    "dataset": "Salesforce/wikitext",
    "dataset_config": "wikitext-103-raw-v1",
    "dataset_split": "train",
    "temperature": 1.0,
    "seed": 42,
    "device": "auto",
    "out": "/root/difr-expt/data/llama31_8b_w24_aoff.json",
    "include_lm_head": true,
    "skip_substrings": []
  },
  "replaced_module_count": 225
}