{
  "n_positions": 14984,
  "n_prompts": 100,
  "all": {
    "top1_match": 0.985384464263916,
    "top5_overlap": 0.9873064756393433,
    "logit_l2": 11.401700019836426,
    "kl_ref_cand": 0.0006275600171647966,
    "gumbel_margin": 0.000687386083882302,
    "logit_l2_p50": 10.457402229309082,
    "logit_l2_p99": 24.190092086791992,
    "logit_l2_max": 336.6341552734375,
    "kl_ref_cand_p50": 0.0003938961890526116,
    "kl_ref_cand_p99": 0.0031766367610543966,
    "kl_ref_cand_max": 0.030567748472094536,
    "gumbel_margin_p50": 0.0,
    "gumbel_margin_p99": 0.015893757343292236,
    "gumbel_margin_max": 0.27541542053222656
  },
  "last": {
    "top1_match": 0.9599999785423279,
    "top5_overlap": 0.9779999852180481,
    "logit_l2": 12.065831184387207,
    "kl_ref_cand": 0.0006652591400779784,
    "gumbel_margin": 0.00190649030264467,
    "logit_l2_p50": 11.175254821777344,
    "logit_l2_p99": 24.357717514038086,
    "logit_l2_max": 24.846759796142578,
    "kl_ref_cand_p50": 0.0005770274437963963,
    "kl_ref_cand_p99": 0.0015326144639402628,
    "kl_ref_cand_max": 0.0028706882148981094,
    "gumbel_margin_p50": 0.0,
    "gumbel_margin_p99": 0.05148783698678017,
    "gumbel_margin_max": 0.08697128295898438
  },
  "wallclock_s": 10.97771430015564,
  "config": {
    "model": "meta-llama/Llama-3.1-8B-Instruct",
    "dtype": "bfloat16",
    "n_prompts": 100,
    "max_len": 512,
    "weight_bits": 28,
    "activation_bits": 21,
    "true_int_matmul": false,
    "quant_scheme": "symmetric",
    "group_size": 128,
    "matmul_dtype": "bf16",
    "no_quant": false,
    "dataset": "Salesforce/wikitext",
    "dataset_config": "wikitext-103-raw-v1",
    "dataset_split": "train",
    "temperature": 1.0,
    "seed": 42,
    "device": "auto",
    "out": "experiments/baseline-int-cast/data/llama31_8b_w28_a21.json",
    "include_lm_head": true,
    "skip_substrings": []
  },
  "replaced_module_count": 225
}