{
  "n_positions": 14984,
  "n_prompts": 100,
  "all": {
    "top1_match": 0.9848505258560181,
    "top5_overlap": 0.987680196762085,
    "logit_l2": 11.581357955932617,
    "kl_ref_cand": 0.0006325133144855499,
    "gumbel_margin": 0.0006161637720651925,
    "logit_l2_p50": 10.59305191040039,
    "logit_l2_p99": 23.9199161529541,
    "logit_l2_max": 461.1620178222656,
    "kl_ref_cand_p50": 0.00040399894351139665,
    "kl_ref_cand_p99": 0.0031714679207652807,
    "kl_ref_cand_max": 0.040248386561870575,
    "gumbel_margin_p50": 0.0,
    "gumbel_margin_p99": 0.010035339742898941,
    "gumbel_margin_max": 0.5494384765625
  },
  "last": {
    "top1_match": 0.9899999499320984,
    "top5_overlap": 0.9839999675750732,
    "logit_l2": 12.871793746948242,
    "kl_ref_cand": 0.0006376804085448384,
    "gumbel_margin": 0.0011858558282256126,
    "logit_l2_p50": 12.556031227111816,
    "logit_l2_p99": 24.238561630249023,
    "logit_l2_max": 26.359113693237305,
    "kl_ref_cand_p50": 0.0005787035333923995,
    "kl_ref_cand_p99": 0.0015892754308879375,
    "kl_ref_cand_max": 0.0029232706874608994,
    "gumbel_margin_p50": 0.0,
    "gumbel_margin_p99": 0.035593703389167786,
    "gumbel_margin_max": 0.06784820556640625
  },
  "wallclock_s": 10.980191707611084,
  "config": {
    "model": "meta-llama/Llama-3.1-8B-Instruct",
    "dtype": "bfloat16",
    "n_prompts": 100,
    "max_len": 512,
    "weight_bits": 16,
    "activation_bits": 16,
    "true_int_matmul": false,
    "quant_scheme": "symmetric",
    "group_size": 128,
    "matmul_dtype": "bf16",
    "no_quant": false,
    "dataset": "Salesforce/wikitext",
    "dataset_config": "wikitext-103-raw-v1",
    "dataset_split": "train",
    "temperature": 1.0,
    "seed": 42,
    "device": "auto",
    "out": "experiments/baseline-int-cast/data/llama31_8b_b16_mmbf16_flin.json",
    "include_lm_head": true,
    "skip_substrings": []
  },
  "replaced_module_count": 225
}