{
  "n_positions": 14984,
  "n_prompts": 100,
  "all": {
    "top1_match": 0.9871196150779724,
    "top5_overlap": 0.9861452579498291,
    "logit_l2": 11.556157112121582,
    "kl_ref_cand": 0.0006323057459667325,
    "gumbel_margin": 0.0006116852746345103,
    "logit_l2_p50": 10.610654830932617,
    "logit_l2_p99": 24.030033111572266,
    "logit_l2_max": 191.00338745117188,
    "kl_ref_cand_p50": 0.0003998123575001955,
    "kl_ref_cand_p99": 0.0032068805303424597,
    "kl_ref_cand_max": 0.03180968016386032,
    "gumbel_margin_p50": 0.0,
    "gumbel_margin_p99": 0.008846452459692955,
    "gumbel_margin_max": 0.5494384765625
  },
  "last": {
    "top1_match": 0.9899999499320984,
    "top5_overlap": 0.9880000352859497,
    "logit_l2": 12.276495933532715,
    "kl_ref_cand": 0.0006736431969329715,
    "gumbel_margin": 0.0009270858718082309,
    "logit_l2_p50": 12.160589218139648,
    "logit_l2_p99": 16.424789428710938,
    "logit_l2_max": 17.038454055786133,
    "kl_ref_cand_p50": 0.0006363744614645839,
    "kl_ref_cand_p99": 0.0017771364655345678,
    "kl_ref_cand_max": 0.002038080245256424,
    "gumbel_margin_p50": 0.0,
    "gumbel_margin_p99": 0.012070480734109879,
    "gumbel_margin_max": 0.08133792877197266
  },
  "wallclock_s": 15.79585337638855,
  "config": {
    "model": "meta-llama/Llama-3.1-8B-Instruct",
    "dtype": "bfloat16",
    "n_prompts": 100,
    "max_len": 512,
    "weight_bits": 16,
    "activation_bits": 16,
    "true_int_matmul": false,
    "dataset": "Salesforce/wikitext",
    "dataset_config": "wikitext-103-raw-v1",
    "dataset_split": "train",
    "temperature": 1.0,
    "seed": 42,
    "device": "cuda",
    "out": "experiments/baseline-int-cast/data/llama31_8b_instruct_dual.json",
    "include_lm_head": true,
    "skip_substrings": []
  },
  "replaced_module_count": 225
}