{
  "n_positions": 14984,
  "n_prompts": 100,
  "all": {
    "top1_match": 0.9854511618614197,
    "top5_overlap": 0.9869861602783203,
    "logit_l2": 11.442107200622559,
    "kl_ref_cand": 0.0006304105627350509,
    "gumbel_margin": 0.0005997694679535925,
    "logit_l2_p50": 10.451828002929688,
    "logit_l2_p99": 23.89399528503418,
    "logit_l2_max": 224.8463897705078,
    "kl_ref_cand_p50": 0.00039551424561068416,
    "kl_ref_cand_p99": 0.0030292596202343702,
    "kl_ref_cand_max": 0.07520418614149094,
    "gumbel_margin_p50": 0.0,
    "gumbel_margin_p99": 0.010119788348674774,
    "gumbel_margin_max": 0.19562339782714844
  },
  "last": {
    "top1_match": 0.9899999499320984,
    "top5_overlap": 0.9899999499320984,
    "logit_l2": 11.991860389709473,
    "kl_ref_cand": 0.0007390023674815893,
    "gumbel_margin": 5.524635344045237e-05,
    "logit_l2_p50": 11.345832824707031,
    "logit_l2_p99": 18.78541374206543,
    "logit_l2_max": 19.034656524658203,
    "kl_ref_cand_p50": 0.0006253643659874797,
    "kl_ref_cand_p99": 0.0026175600942224264,
    "kl_ref_cand_max": 0.0028970204293727875,
    "gumbel_margin_p50": 0.0,
    "gumbel_margin_p99": 5.525815504370257e-05,
    "gumbel_margin_max": 0.005524635314941406
  },
  "wallclock_s": 10.822539567947388,
  "config": {
    "model": "meta-llama/Llama-3.1-8B-Instruct",
    "dtype": "bfloat16",
    "n_prompts": 100,
    "max_len": 512,
    "weight_bits": 22,
    "activation_bits": 22,
    "true_int_matmul": false,
    "quant_scheme": "symmetric",
    "group_size": 128,
    "matmul_dtype": "bf16",
    "no_quant": false,
    "dataset": "Salesforce/wikitext",
    "dataset_config": "wikitext-103-raw-v1",
    "dataset_split": "train",
    "temperature": 1.0,
    "seed": 42,
    "device": "auto",
    "out": "experiments/baseline-int-cast/data/llama31_8b_b22_mmbf16_flin.json",
    "include_lm_head": true,
    "skip_substrings": []
  },
  "replaced_module_count": 225
}