{
  "n_positions": 14984,
  "n_prompts": 100,
  "all": {
    "top1_match": 0.9846503138542175,
    "top5_overlap": 0.98699951171875,
    "logit_l2": 11.444069862365723,
    "kl_ref_cand": 0.0006178757175803185,
    "gumbel_margin": 0.0005357103073038161,
    "logit_l2_p50": 10.423458099365234,
    "logit_l2_p99": 23.94158935546875,
    "logit_l2_max": 509.67205810546875,
    "kl_ref_cand_p50": 0.0003837314434349537,
    "kl_ref_cand_p99": 0.00312087032943964,
    "kl_ref_cand_max": 0.038769159466028214,
    "gumbel_margin_p50": 0.0,
    "gumbel_margin_p99": 0.005363935604691505,
    "gumbel_margin_max": 0.19562339782714844
  },
  "last": {
    "top1_match": 1.0,
    "top5_overlap": 0.9880000352859497,
    "logit_l2": 12.462031364440918,
    "kl_ref_cand": 0.0006521352916024625,
    "gumbel_margin": 0.0009373283246532083,
    "logit_l2_p50": 11.894140243530273,
    "logit_l2_p99": 21.239561080932617,
    "logit_l2_max": 24.419456481933594,
    "kl_ref_cand_p50": 0.0005904160789214075,
    "kl_ref_cand_p99": 0.001876005670055747,
    "kl_ref_cand_max": 0.002900894731283188,
    "gumbel_margin_p50": 0.0,
    "gumbel_margin_p99": 0.037219393998384476,
    "gumbel_margin_max": 0.05112934112548828
  },
  "wallclock_s": 10.898989200592041,
  "config": {
    "model": "meta-llama/Llama-3.1-8B-Instruct",
    "dtype": "bfloat16",
    "n_prompts": 100,
    "max_len": 512,
    "weight_bits": 20,
    "activation_bits": 28,
    "true_int_matmul": false,
    "quant_scheme": "symmetric",
    "group_size": 128,
    "matmul_dtype": "bf16",
    "no_quant": false,
    "dataset": "Salesforce/wikitext",
    "dataset_config": "wikitext-103-raw-v1",
    "dataset_split": "train",
    "temperature": 1.0,
    "seed": 42,
    "device": "auto",
    "out": "experiments/baseline-int-cast/data/llama31_8b_w20_a28.json",
    "include_lm_head": true,
    "skip_substrings": []
  },
  "replaced_module_count": 225
}