{
  "n_positions": 14984,
  "n_prompts": 100,
  "all": {
    "top1_match": 0.9999333024024963,
    "top5_overlap": 0.999946653842926,
    "logit_l2": 0.04573208838701248,
    "kl_ref_cand": 2.9334476039366564e-06,
    "gumbel_margin": 5.0312305575062055e-06,
    "logit_l2_p50": 0.0,
    "logit_l2_p99": 0.0,
    "logit_l2_max": 19.121545791625977,
    "kl_ref_cand_p50": 0.0,
    "kl_ref_cand_p99": 0.0,
    "kl_ref_cand_max": 0.0038464022800326347,
    "gumbel_margin_p50": 0.0,
    "gumbel_margin_p99": 0.0,
    "gumbel_margin_max": 0.07538795471191406
  },
  "last": {
    "top1_match": 1.0,
    "top5_overlap": 1.0,
    "logit_l2": 0.12237511575222015,
    "kl_ref_cand": 7.024341812211787e-06,
    "gumbel_margin": 0.0,
    "logit_l2_p50": 0.0,
    "logit_l2_p99": 0.12240125983953476,
    "logit_l2_max": 12.23751163482666,
    "kl_ref_cand_p50": 0.0,
    "kl_ref_cand_p99": 7.0258429332170635e-06,
    "kl_ref_cand_max": 0.0007024342194199562,
    "gumbel_margin_p50": 0.0,
    "gumbel_margin_p99": 0.0,
    "gumbel_margin_max": 0.0
  },
  "wallclock_s": 10.015524864196777,
  "config": {
    "model": "meta-llama/Llama-3.1-8B-Instruct",
    "dtype": "bfloat16",
    "n_prompts": 100,
    "max_len": 512,
    "weight_bits": 29,
    "activation_bits": 0,
    "true_int_matmul": false,
    "quant_scheme": "symmetric",
    "group_size": 128,
    "matmul_dtype": "bf16",
    "no_quant": false,
    "dataset": "Salesforce/wikitext",
    "dataset_config": "wikitext-103-raw-v1",
    "dataset_split": "train",
    "temperature": 1.0,
    "seed": 42,
    "device": "auto",
    "out": "experiments/baseline-int-cast/data/llama31_8b_w29_aoff.json",
    "include_lm_head": true,
    "skip_substrings": []
  },
  "replaced_module_count": 225
}