{
  "n_positions": 14984,
  "n_prompts": 100,
  "all": {
    "top1_match": 0.7305125594139099,
    "top5_overlap": 0.7190336585044861,
    "logit_l2": 441.988525390625,
    "kl_ref_cand": 0.32466715574264526,
    "gumbel_margin": 0.3922066390514374,
    "logit_l2_p50": 415.87774658203125,
    "logit_l2_p99": 855.0126342773438,
    "logit_l2_max": 2249.41552734375,
    "kl_ref_cand_p50": 0.18376339972019196,
    "kl_ref_cand_p99": 2.3237671852111816,
    "kl_ref_cand_max": 6.527993202209473,
    "gumbel_margin_p50": 0.0,
    "gumbel_margin_p99": 5.116249084472656,
    "gumbel_margin_max": 17.919403076171875
  },
  "last": {
    "top1_match": 0.6599999666213989,
    "top5_overlap": 0.6699999570846558,
    "logit_l2": 389.5792541503906,
    "kl_ref_cand": 0.5483127236366272,
    "gumbel_margin": 0.4359704554080963,
    "logit_l2_p50": 376.06585693359375,
    "logit_l2_p99": 573.576416015625,
    "logit_l2_max": 716.0859985351562,
    "kl_ref_cand_p50": 0.4057435393333435,
    "kl_ref_cand_p99": 1.6931599378585815,
    "kl_ref_cand_max": 1.755150318145752,
    "gumbel_margin_p50": 0.0,
    "gumbel_margin_p99": 3.3749513626098633,
    "gumbel_margin_max": 3.8706111907958984
  },
  "wallclock_s": 13.49613332748413,
  "config": {
    "model": "meta-llama/Llama-3.1-8B-Instruct",
    "dtype": "bfloat16",
    "n_prompts": 100,
    "max_len": 512,
    "weight_bits": 24,
    "activation_bits": 24,
    "true_int_matmul": false,
    "quant_scheme": "symmetric",
    "group_size": 128,
    "matmul_dtype": "bf16",
    "no_quant": false,
    "dataset": "Salesforce/wikitext",
    "dataset_config": "wikitext-103-raw-v1",
    "dataset_split": "train",
    "temperature": 1.0,
    "seed": 42,
    "device": "auto",
    "out": "experiments/baseline-int-cast/data/llama31_8b_b24_clip9999.json",
    "include_lm_head": true,
    "skip_substrings": [],
    "smoothquant_alpha": null,
    "smoothquant_n_calib": 16,
    "act_clip_quantile": 0.9999
  },
  "replaced_module_count": 225
}