{
  "n_positions": 14984,
  "n_prompts": 100,
  "all": {
    "top1_match": 0.9849839806556702,
    "top5_overlap": 0.9873465299606323,
    "logit_l2": 11.388765335083008,
    "kl_ref_cand": 0.0006257080240175128,
    "gumbel_margin": 0.0005677297012880445,
    "logit_l2_p50": 10.390302658081055,
    "logit_l2_p99": 23.608373641967773,
    "logit_l2_max": 504.465576171875,
    "kl_ref_cand_p50": 0.00038332201074808836,
    "kl_ref_cand_p99": 0.0031207941938191652,
    "kl_ref_cand_max": 0.05657247081398964,
    "gumbel_margin_p50": 0.0,
    "gumbel_margin_p99": 0.01003112643957138,
    "gumbel_margin_max": 0.19562339782714844
  },
  "last": {
    "top1_match": 0.9899999499320984,
    "top5_overlap": 0.981999933719635,
    "logit_l2": 11.892024993896484,
    "kl_ref_cand": 0.0006524345953948796,
    "gumbel_margin": 0.0017152595100924373,
    "logit_l2_p50": 11.116482734680176,
    "logit_l2_p99": 19.6641845703125,
    "logit_l2_max": 28.6527099609375,
    "kl_ref_cand_p50": 0.0005854672053828835,
    "kl_ref_cand_p99": 0.00200892286375165,
    "kl_ref_cand_max": 0.0026343506760895252,
    "gumbel_margin_p50": 0.0,
    "gumbel_margin_p99": 0.05129656568169594,
    "gumbel_margin_max": 0.06784820556640625
  },
  "wallclock_s": 9.948100566864014,
  "config": {
    "model": "meta-llama/Llama-3.1-8B-Instruct",
    "dtype": "bfloat16",
    "n_prompts": 100,
    "max_len": 512,
    "weight_bits": 20,
    "activation_bits": 0,
    "true_int_matmul": false,
    "quant_scheme": "per_group_sym",
    "group_size": 32,
    "matmul_dtype": "bf16",
    "no_quant": false,
    "dataset": "Salesforce/wikitext",
    "dataset_config": "wikitext-103-raw-v1",
    "dataset_split": "train",
    "temperature": 1.0,
    "seed": 42,
    "device": "auto",
    "out": "experiments/baseline-int-cast/data/llama31_8b_w20_aoff_grp32.json",
    "include_lm_head": true,
    "skip_substrings": []
  },
  "replaced_module_count": 225
}