{
  "n_positions": 14984,
  "n_prompts": 100,
  "all": {
    "top1_match": 0.9855846762657166,
    "top5_overlap": 0.9867458939552307,
    "logit_l2": 11.508894920349121,
    "kl_ref_cand": 0.0006215469329617918,
    "gumbel_margin": 0.0005970184574835002,
    "logit_l2_p50": 10.482549667358398,
    "logit_l2_p99": 24.103404998779297,
    "logit_l2_max": 505.2613830566406,
    "kl_ref_cand_p50": 0.00038917630445212126,
    "kl_ref_cand_p99": 0.0030607532244175673,
    "kl_ref_cand_max": 0.021608741953969002,
    "gumbel_margin_p50": 0.0,
    "gumbel_margin_p99": 0.00573449581861496,
    "gumbel_margin_max": 0.34578704833984375
  },
  "last": {
    "top1_match": 0.9899999499320984,
    "top5_overlap": 0.9880000352859497,
    "logit_l2": 12.144604682922363,
    "kl_ref_cand": 0.0006516038556583226,
    "gumbel_margin": 0.0017268942901864648,
    "logit_l2_p50": 11.67821979522705,
    "logit_l2_p99": 23.817188262939453,
    "logit_l2_max": 25.61833953857422,
    "kl_ref_cand_p50": 0.0005856457864865661,
    "kl_ref_cand_p99": 0.0015571820549666882,
    "kl_ref_cand_max": 0.0022123530507087708,
    "gumbel_margin_p50": 0.0,
    "gumbel_margin_p99": 0.05177854001522064,
    "gumbel_margin_max": 0.11603546142578125
  },
  "wallclock_s": 10.992458820343018,
  "config": {
    "model": "meta-llama/Llama-3.1-8B-Instruct",
    "dtype": "bfloat16",
    "n_prompts": 100,
    "max_len": 512,
    "weight_bits": 30,
    "activation_bits": 19,
    "true_int_matmul": false,
    "quant_scheme": "symmetric",
    "group_size": 128,
    "matmul_dtype": "bf16",
    "no_quant": false,
    "dataset": "Salesforce/wikitext",
    "dataset_config": "wikitext-103-raw-v1",
    "dataset_split": "train",
    "temperature": 1.0,
    "seed": 42,
    "device": "auto",
    "out": "experiments/baseline-int-cast/data/llama31_8b_w30_a19.json",
    "include_lm_head": true,
    "skip_substrings": []
  },
  "replaced_module_count": 225
}