{
  "n_positions": 14984,
  "n_prompts": 100,
  "all": {
    "top1_match": 0.9847837686538696,
    "top5_overlap": 0.987092912197113,
    "logit_l2": 11.394171714782715,
    "kl_ref_cand": 0.0006207744008861482,
    "gumbel_margin": 0.0005602457677014172,
    "logit_l2_p50": 10.413869857788086,
    "logit_l2_p99": 23.669692993164062,
    "logit_l2_max": 474.7618713378906,
    "kl_ref_cand_p50": 0.0003801786806434393,
    "kl_ref_cand_p99": 0.0031601497903466225,
    "kl_ref_cand_max": 0.02977636642754078,
    "gumbel_margin_p50": 0.0,
    "gumbel_margin_p99": 0.0,
    "gumbel_margin_max": 0.2473163604736328
  },
  "last": {
    "top1_match": 0.9899999499320984,
    "top5_overlap": 0.9779999852180481,
    "logit_l2": 12.07317066192627,
    "kl_ref_cand": 0.0006776516092941165,
    "gumbel_margin": 0.00042603490874171257,
    "logit_l2_p50": 11.612651824951172,
    "logit_l2_p99": 18.874069213867188,
    "logit_l2_max": 24.494279861450195,
    "kl_ref_cand_p50": 0.0006310844328254461,
    "kl_ref_cand_p99": 0.001731569878757,
    "kl_ref_cand_max": 0.00318111851811409,
    "gumbel_margin_p50": 0.0,
    "gumbel_margin_p99": 0.005840245168656111,
    "gumbel_margin_max": 0.037078857421875
  },
  "wallclock_s": 9.811282634735107,
  "config": {
    "model": "meta-llama/Llama-3.1-8B-Instruct",
    "dtype": "bfloat16",
    "n_prompts": 100,
    "max_len": 512,
    "weight_bits": 20,
    "activation_bits": 0,
    "true_int_matmul": false,
    "quant_scheme": "per_group_sym",
    "group_size": 16,
    "matmul_dtype": "bf16",
    "no_quant": false,
    "dataset": "Salesforce/wikitext",
    "dataset_config": "wikitext-103-raw-v1",
    "dataset_split": "train",
    "temperature": 1.0,
    "seed": 42,
    "device": "auto",
    "out": "experiments/baseline-int-cast/data/llama31_8b_w20_aoff_grp16.json",
    "include_lm_head": true,
    "skip_substrings": []
  },
  "replaced_module_count": 225
}