{
  "n_positions": 14984,
  "n_prompts": 100,
  "all": {
    "top1_match": 0.9855179190635681,
    "top5_overlap": 0.9873865842819214,
    "logit_l2": 11.371755599975586,
    "kl_ref_cand": 0.0006251111626625061,
    "gumbel_margin": 0.0005366617697291076,
    "logit_l2_p50": 10.4254150390625,
    "logit_l2_p99": 23.912755966186523,
    "logit_l2_max": 201.2415771484375,
    "kl_ref_cand_p50": 0.0003923532785847783,
    "kl_ref_cand_p99": 0.003142670961096883,
    "kl_ref_cand_max": 0.035306937992572784,
    "gumbel_margin_p50": 0.0,
    "gumbel_margin_p99": 0.00945880077779293,
    "gumbel_margin_max": 0.16042709350585938
  },
  "last": {
    "top1_match": 1.0,
    "top5_overlap": 0.9880000352859497,
    "logit_l2": 12.34359073638916,
    "kl_ref_cand": 0.0006117878947407007,
    "gumbel_margin": 0.00040792464278638363,
    "logit_l2_p50": 11.739141464233398,
    "logit_l2_p99": 21.119020462036133,
    "logit_l2_max": 22.506868362426758,
    "kl_ref_cand_p50": 0.0005605724873021245,
    "kl_ref_cand_p99": 0.0015031923539936543,
    "kl_ref_cand_max": 0.002943197265267372,
    "gumbel_margin_p50": 0.0,
    "gumbel_margin_p99": 0.00582213094457984,
    "gumbel_margin_max": 0.03526782989501953
  },
  "wallclock_s": 13.935276746749878,
  "config": {
    "model": "meta-llama/Llama-3.1-8B-Instruct",
    "dtype": "bfloat16",
    "n_prompts": 100,
    "max_len": 512,
    "weight_bits": 24,
    "activation_bits": 24,
    "true_int_matmul": false,
    "quant_scheme": "asymmetric",
    "group_size": 128,
    "matmul_dtype": "bf16",
    "no_quant": false,
    "dataset": "Salesforce/wikitext",
    "dataset_config": "wikitext-103-raw-v1",
    "dataset_split": "train",
    "temperature": 1.0,
    "seed": 42,
    "device": "auto",
    "out": "experiments/baseline-int-cast/data/llama31_8b_b24_asym.json",
    "include_lm_head": true,
    "skip_substrings": []
  },
  "replaced_module_count": 225
}