{
  "n_positions": 14984,
  "n_prompts": 100,
  "all": {
    "top1_match": 0.9854511618614197,
    "top5_overlap": 0.9869327545166016,
    "logit_l2": 11.46674633026123,
    "kl_ref_cand": 0.0006175292073749006,
    "gumbel_margin": 0.000665306462906301,
    "logit_l2_p50": 10.451122283935547,
    "logit_l2_p99": 24.171024322509766,
    "logit_l2_max": 506.3009948730469,
    "kl_ref_cand_p50": 0.0003849750501103699,
    "kl_ref_cand_p99": 0.00315679470077157,
    "kl_ref_cand_max": 0.024210523813962936,
    "gumbel_margin_p50": 0.0,
    "gumbel_margin_p99": 0.010569918900728226,
    "gumbel_margin_max": 0.34578704833984375
  },
  "last": {
    "top1_match": 0.9899999499320984,
    "top5_overlap": 0.9799999594688416,
    "logit_l2": 12.347700119018555,
    "kl_ref_cand": 0.0006303292466327548,
    "gumbel_margin": 0.0010367775103077292,
    "logit_l2_p50": 11.696955680847168,
    "logit_l2_p99": 18.95465660095215,
    "logit_l2_max": 24.26323699951172,
    "kl_ref_cand_p50": 0.0006000112625770271,
    "kl_ref_cand_p99": 0.0012130701215937734,
    "kl_ref_cand_max": 0.001955229789018631,
    "gumbel_margin_p50": 0.0,
    "gumbel_margin_p99": 0.037219393998384476,
    "gumbel_margin_max": 0.05112934112548828
  },
  "wallclock_s": 11.064855337142944,
  "config": {
    "model": "meta-llama/Llama-3.1-8B-Instruct",
    "dtype": "bfloat16",
    "n_prompts": 100,
    "max_len": 512,
    "weight_bits": 24,
    "activation_bits": 24,
    "true_int_matmul": false,
    "quant_scheme": "per_group_sym",
    "group_size": 16,
    "matmul_dtype": "bf16",
    "no_quant": false,
    "dataset": "Salesforce/wikitext",
    "dataset_config": "wikitext-103-raw-v1",
    "dataset_split": "train",
    "temperature": 1.0,
    "seed": 42,
    "device": "auto",
    "out": "experiments/baseline-int-cast/data/llama31_8b_b24_grp16_both.json",
    "include_lm_head": true,
    "skip_substrings": [],
    "smoothquant_alpha": null,
    "smoothquant_n_calib": 16,
    "act_clip_quantile": null
  },
  "replaced_module_count": 225
}