{
  "n_positions": 14984,
  "n_prompts": 100,
  "all": {
    "top1_match": 0.9853177070617676,
    "top5_overlap": 0.9853577017784119,
    "logit_l2": 12.858831405639648,
    "kl_ref_cand": 0.000717587536200881,
    "gumbel_margin": 0.0007522712694481015,
    "logit_l2_p50": 11.602275848388672,
    "logit_l2_p99": 27.27889633178711,
    "logit_l2_max": 528.609130859375,
    "kl_ref_cand_p50": 0.00047420087503269315,
    "kl_ref_cand_p99": 0.003733515040948987,
    "kl_ref_cand_max": 0.038708001375198364,
    "gumbel_margin_p50": 0.0,
    "gumbel_margin_p99": 0.021432798355817795,
    "gumbel_margin_max": 0.28514862060546875
  },
  "last": {
    "top1_match": 0.9899999499320984,
    "top5_overlap": 0.981999933719635,
    "logit_l2": 13.614843368530273,
    "kl_ref_cand": 0.0007614719797857106,
    "gumbel_margin": 0.0016158103244379163,
    "logit_l2_p50": 13.091845512390137,
    "logit_l2_p99": 22.16959571838379,
    "logit_l2_max": 23.311254501342773,
    "kl_ref_cand_p50": 0.0006721597164869308,
    "kl_ref_cand_p99": 0.0019319549901410937,
    "kl_ref_cand_max": 0.0024989545345306396,
    "gumbel_margin_p50": 0.0,
    "gumbel_margin_p99": 0.05129656568169594,
    "gumbel_margin_max": 0.06784820556640625
  },
  "wallclock_s": 10.54302716255188,
  "config": {
    "model": "meta-llama/Llama-3.1-8B-Instruct",
    "dtype": "bfloat16",
    "n_prompts": 100,
    "max_len": 512,
    "weight_bits": 24,
    "activation_bits": 24,
    "true_int_matmul": false,
    "quant_scheme": "symmetric",
    "group_size": 128,
    "matmul_dtype": "bf16",
    "no_quant": false,
    "dataset": "Salesforce/wikitext",
    "dataset_config": "wikitext-103-raw-v1",
    "dataset_split": "train",
    "temperature": 1.0,
    "seed": 42,
    "device": "auto",
    "out": "experiments/baseline-int-cast/data/llama31_8b_b24_sq_a07.json",
    "include_lm_head": true,
    "skip_substrings": [],
    "smoothquant_alpha": 0.7,
    "smoothquant_n_calib": 16,
    "act_clip_quantile": null
  },
  "replaced_module_count": 225
}