{
  "n_positions": 14984,
  "n_prompts": 100,
  "all": {
    "top1_match": 0.2128937542438507,
    "top5_overlap": 0.22163642942905426,
    "logit_l2": 965.6883544921875,
    "kl_ref_cand": 3.8470559120178223,
    "gumbel_margin": 4.8766021728515625,
    "logit_l2_p50": 914.6879272460938,
    "logit_l2_p99": 1702.055908203125,
    "logit_l2_max": 2583.401611328125,
    "kl_ref_cand_p50": 3.3521957397460938,
    "kl_ref_cand_p99": 11.244400978088379,
    "kl_ref_cand_max": 17.644479751586914,
    "gumbel_margin_p50": 4.390437126159668,
    "gumbel_margin_p99": 16.65655517578125,
    "gumbel_margin_max": 38.72365188598633
  },
  "last": {
    "top1_match": 0.25,
    "top5_overlap": 0.3359999656677246,
    "logit_l2": 776.1474609375,
    "kl_ref_cand": 2.6627326011657715,
    "gumbel_margin": 2.1643872261047363,
    "logit_l2_p50": 749.540283203125,
    "logit_l2_p99": 1211.788330078125,
    "logit_l2_max": 1249.885986328125,
    "kl_ref_cand_p50": 2.556396007537842,
    "kl_ref_cand_p99": 5.452027320861816,
    "kl_ref_cand_max": 6.3206095695495605,
    "gumbel_margin_p50": 1.654275894165039,
    "gumbel_margin_p99": 9.007851600646973,
    "gumbel_margin_max": 9.273608207702637
  },
  "wallclock_s": 13.255735397338867,
  "config": {
    "model": "meta-llama/Llama-3.1-8B-Instruct",
    "dtype": "bfloat16",
    "n_prompts": 100,
    "max_len": 512,
    "weight_bits": 24,
    "activation_bits": 24,
    "true_int_matmul": false,
    "quant_scheme": "symmetric",
    "group_size": 128,
    "matmul_dtype": "bf16",
    "no_quant": false,
    "dataset": "Salesforce/wikitext",
    "dataset_config": "wikitext-103-raw-v1",
    "dataset_split": "train",
    "temperature": 1.0,
    "seed": 42,
    "device": "auto",
    "out": "experiments/baseline-int-cast/data/llama31_8b_b24_sq_a05_clip999.json",
    "include_lm_head": true,
    "skip_substrings": [],
    "smoothquant_alpha": 0.5,
    "smoothquant_n_calib": 16,
    "act_clip_quantile": 0.999
  },
  "replaced_module_count": 225
}