{
  "n_positions": 14984,
  "n_prompts": 100,
  "all": {
    "top1_match": 0.9946609735488892,
    "top5_overlap": 0.9954618215560913,
    "logit_l2": 4.201306343078613,
    "kl_ref_cand": 0.00022142384841572493,
    "gumbel_margin": 0.0002667442022357136,
    "logit_l2_p50": 0.0,
    "logit_l2_p99": 17.110122680664062,
    "logit_l2_max": 77.62992095947266,
    "kl_ref_cand_p50": 0.0,
    "kl_ref_cand_p99": 0.0019843813497573137,
    "kl_ref_cand_max": 0.04103652015328407,
    "gumbel_margin_p50": 0.0,
    "gumbel_margin_p99": 0.0,
    "gumbel_margin_max": 0.19562339782714844
  },
  "last": {
    "top1_match": 0.9799999594688416,
    "top5_overlap": 0.9919999241828918,
    "logit_l2": 6.046078205108643,
    "kl_ref_cand": 0.00026651399093680084,
    "gumbel_margin": 0.0003707885625772178,
    "logit_l2_p50": 7.647885322570801,
    "logit_l2_p99": 14.41984748840332,
    "logit_l2_max": 17.862520217895508,
    "kl_ref_cand_p50": 0.00022992985032033175,
    "kl_ref_cand_p99": 0.0009718924411572516,
    "kl_ref_cand_max": 0.001154695637524128,
    "gumbel_margin_p50": 0.0,
    "gumbel_margin_p99": 0.00037086778320372105,
    "gumbel_margin_max": 0.037078857421875
  },
  "wallclock_s": 9.834759712219238,
  "config": {
    "model": "meta-llama/Llama-3.1-8B-Instruct",
    "dtype": "bfloat16",
    "n_prompts": 100,
    "max_len": 512,
    "weight_bits": 26,
    "activation_bits": 0,
    "true_int_matmul": false,
    "quant_scheme": "symmetric",
    "group_size": 128,
    "matmul_dtype": "bf16",
    "no_quant": false,
    "dataset": "Salesforce/wikitext",
    "dataset_config": "wikitext-103-raw-v1",
    "dataset_split": "train",
    "temperature": 1.0,
    "seed": 42,
    "device": "auto",
    "out": "experiments/baseline-int-cast/data/llama31_8b_w26_aoff.json",
    "include_lm_head": true,
    "skip_substrings": []
  },
  "replaced_module_count": 225
}