{
  "n_positions": 14984,
  "n_prompts": 100,
  "all": {
    "top1_match": 0.1242658868432045,
    "top5_overlap": 0.1336892694234848,
    "logit_l2": 956.7757568359375,
    "kl_ref_cand": 5.29167366027832,
    "gumbel_margin": 6.373765468597412,
    "logit_l2_p50": 916.5691528320312,
    "logit_l2_p99": 1511.8203125,
    "logit_l2_max": 2488.573974609375,
    "kl_ref_cand_p50": 4.830444812774658,
    "kl_ref_cand_p99": 13.37409782409668,
    "kl_ref_cand_max": 18.4064998626709,
    "gumbel_margin_p50": 6.133443355560303,
    "gumbel_margin_p99": 18.357677459716797,
    "gumbel_margin_max": 33.15787124633789
  },
  "last": {
    "top1_match": 0.22999998927116394,
    "top5_overlap": 0.23800000548362732,
    "logit_l2": 803.2291870117188,
    "kl_ref_cand": 3.583771228790283,
    "gumbel_margin": 2.653087615966797,
    "logit_l2_p50": 790.7371826171875,
    "logit_l2_p99": 996.6549682617188,
    "logit_l2_max": 1002.2984008789062,
    "kl_ref_cand_p50": 3.403938055038452,
    "kl_ref_cand_p99": 6.460466384887695,
    "kl_ref_cand_max": 6.6916913986206055,
    "gumbel_margin_p50": 2.141030788421631,
    "gumbel_margin_p99": 9.907638549804688,
    "gumbel_margin_max": 10.949140548706055
  },
  "wallclock_s": 13.591877698898315,
  "config": {
    "model": "meta-llama/Llama-3.1-8B-Instruct",
    "dtype": "bfloat16",
    "n_prompts": 100,
    "max_len": 512,
    "weight_bits": 24,
    "activation_bits": 24,
    "true_int_matmul": false,
    "quant_scheme": "symmetric",
    "group_size": 128,
    "matmul_dtype": "bf16",
    "no_quant": false,
    "dataset": "Salesforce/wikitext",
    "dataset_config": "wikitext-103-raw-v1",
    "dataset_split": "train",
    "temperature": 1.0,
    "seed": 42,
    "device": "auto",
    "out": "experiments/baseline-int-cast/data/llama31_8b_b24_clip999.json",
    "include_lm_head": true,
    "skip_substrings": [],
    "smoothquant_alpha": null,
    "smoothquant_n_calib": 16,
    "act_clip_quantile": 0.999
  },
  "replaced_module_count": 225
}