{
  "n_positions": 14984,
  "n_prompts": 100,
  "all": {
    "top1_match": 0.9826481938362122,
    "top5_overlap": 0.9855179190635681,
    "logit_l2": 12.877152442932129,
    "kl_ref_cand": 0.0007069835555739701,
    "gumbel_margin": 0.0006158517790026963,
    "logit_l2_p50": 11.638453483581543,
    "logit_l2_p99": 27.72919273376465,
    "logit_l2_max": 502.58929443359375,
    "kl_ref_cand_p50": 0.0004751917440444231,
    "kl_ref_cand_p99": 0.0035431573633104563,
    "kl_ref_cand_max": 0.029098019003868103,
    "gumbel_margin_p50": 0.0,
    "gumbel_margin_p99": 0.008418958634138107,
    "gumbel_margin_max": 0.24466896057128906
  },
  "last": {
    "top1_match": 0.9799999594688416,
    "top5_overlap": 0.9839999675750732,
    "logit_l2": 13.825165748596191,
    "kl_ref_cand": 0.0007442162022925913,
    "gumbel_margin": 0.002683401107788086,
    "logit_l2_p50": 13.28404426574707,
    "logit_l2_p99": 23.946340560913086,
    "logit_l2_max": 25.674144744873047,
    "kl_ref_cand_p50": 0.0006658073980361223,
    "kl_ref_cand_p99": 0.0016894927248358727,
    "kl_ref_cand_max": 0.002356509678065777,
    "gumbel_margin_p50": 0.0,
    "gumbel_margin_p99": 0.06860826164484024,
    "gumbel_margin_max": 0.14383792877197266
  },
  "wallclock_s": 10.715715646743774,
  "config": {
    "model": "meta-llama/Llama-3.1-8B-Instruct",
    "dtype": "bfloat16",
    "n_prompts": 100,
    "max_len": 512,
    "weight_bits": 24,
    "activation_bits": 24,
    "true_int_matmul": false,
    "quant_scheme": "symmetric",
    "group_size": 128,
    "matmul_dtype": "bf16",
    "no_quant": false,
    "dataset": "Salesforce/wikitext",
    "dataset_config": "wikitext-103-raw-v1",
    "dataset_split": "train",
    "temperature": 1.0,
    "seed": 42,
    "device": "auto",
    "out": "experiments/baseline-int-cast/data/llama31_8b_b24_sq_a09.json",
    "include_lm_head": true,
    "skip_substrings": [],
    "smoothquant_alpha": 0.9,
    "smoothquant_n_calib": 16,
    "act_clip_quantile": null
  },
  "replaced_module_count": 225
}