{
  "n_positions": 14984,
  "n_prompts": 100,
  "all": {
    "top1_match": 0.9849172830581665,
    "top5_overlap": 0.9871730208396912,
    "logit_l2": 11.403413772583008,
    "kl_ref_cand": 0.000618893769569695,
    "gumbel_margin": 0.0005470798350870609,
    "logit_l2_p50": 10.433069229125977,
    "logit_l2_p99": 23.304840087890625,
    "logit_l2_max": 262.58453369140625,
    "kl_ref_cand_p50": 0.00038516102358698845,
    "kl_ref_cand_p99": 0.003051254665479064,
    "kl_ref_cand_max": 0.0334102138876915,
    "gumbel_margin_p50": 0.0,
    "gumbel_margin_p99": 0.006851069629192352,
    "gumbel_margin_max": 0.3354377746582031
  },
  "last": {
    "top1_match": 0.9799999594688416,
    "top5_overlap": 0.9919999241828918,
    "logit_l2": 12.275815963745117,
    "kl_ref_cand": 0.0006873562815599144,
    "gumbel_margin": 0.0008331775316037238,
    "logit_l2_p50": 11.711668968200684,
    "logit_l2_p99": 21.450435638427734,
    "logit_l2_max": 23.290653228759766,
    "kl_ref_cand_p50": 0.000593056611251086,
    "kl_ref_cand_p99": 0.0027464309241622686,
    "kl_ref_cand_max": 0.0028651338070631027,
    "gumbel_margin_p50": 0.0,
    "gumbel_margin_p99": 0.01052407268434763,
    "gumbel_margin_max": 0.06784820556640625
  },
  "wallclock_s": 11.113490581512451,
  "config": {
    "model": "meta-llama/Llama-3.1-8B-Instruct",
    "dtype": "bfloat16",
    "n_prompts": 100,
    "max_len": 512,
    "weight_bits": 20,
    "activation_bits": 20,
    "true_int_matmul": false,
    "quant_scheme": "symmetric",
    "group_size": 128,
    "matmul_dtype": "bf16",
    "no_quant": false,
    "dataset": "Salesforce/wikitext",
    "dataset_config": "wikitext-103-raw-v1",
    "dataset_split": "train",
    "temperature": 1.0,
    "seed": 42,
    "device": "auto",
    "out": "experiments/baseline-int-cast/data/llama31_8b_b20_mmbf16_flin.json",
    "include_lm_head": true,
    "skip_substrings": []
  },
  "replaced_module_count": 225
}