{
  "n_positions": 14984,
  "n_prompts": 100,
  "all": {
    "top1_match": 0.985117495059967,
    "top5_overlap": 0.9873865842819214,
    "logit_l2": 11.213190078735352,
    "kl_ref_cand": 0.0006147075910121202,
    "gumbel_margin": 0.0006206628168001771,
    "logit_l2_p50": 10.304126739501953,
    "logit_l2_p99": 23.255769729614258,
    "logit_l2_max": 372.12664794921875,
    "kl_ref_cand_p50": 0.0003802962601184845,
    "kl_ref_cand_p99": 0.0031002620235085487,
    "kl_ref_cand_max": 0.054156385362148285,
    "gumbel_margin_p50": 0.0,
    "gumbel_margin_p99": 0.009437086060643196,
    "gumbel_margin_max": 0.36102294921875
  },
  "last": {
    "top1_match": 0.9799999594688416,
    "top5_overlap": 0.9839999675750732,
    "logit_l2": 11.990982055664062,
    "kl_ref_cand": 0.0006503872573375702,
    "gumbel_margin": 0.0028278350364416838,
    "logit_l2_p50": 11.522574424743652,
    "logit_l2_p99": 19.13525390625,
    "logit_l2_max": 24.443771362304688,
    "kl_ref_cand_p50": 0.0005903781275264919,
    "kl_ref_cand_p99": 0.0016303379088640213,
    "kl_ref_cand_max": 0.0028285998851060867,
    "gumbel_margin_p50": 0.0,
    "gumbel_margin_p99": 0.05205662548542023,
    "gumbel_margin_max": 0.14383792877197266
  },
  "wallclock_s": 11.037933349609375,
  "config": {
    "model": "meta-llama/Llama-3.1-8B-Instruct",
    "dtype": "bfloat16",
    "n_prompts": 100,
    "max_len": 512,
    "weight_bits": 28,
    "activation_bits": 28,
    "true_int_matmul": false,
    "quant_scheme": "symmetric",
    "group_size": 128,
    "matmul_dtype": "bf16",
    "no_quant": false,
    "dataset": "Salesforce/wikitext",
    "dataset_config": "wikitext-103-raw-v1",
    "dataset_split": "train",
    "temperature": 1.0,
    "seed": 42,
    "device": "auto",
    "out": "experiments/baseline-int-cast/data/llama31_8b_b28_mmbf16_flin.json",
    "include_lm_head": true,
    "skip_substrings": []
  },
  "replaced_module_count": 225
}