{
  "n_positions": 14984,
  "n_prompts": 100,
  "all": {
    "top1_match": 0.9862520098686218,
    "top5_overlap": 0.9873064756393433,
    "logit_l2": 11.143253326416016,
    "kl_ref_cand": 0.0005985863972455263,
    "gumbel_margin": 0.0005228155641816556,
    "logit_l2_p50": 10.302984237670898,
    "logit_l2_p99": 22.385482788085938,
    "logit_l2_max": 284.191162109375,
    "kl_ref_cand_p50": 0.00037420765147544444,
    "kl_ref_cand_p99": 0.002977988449856639,
    "kl_ref_cand_max": 0.02601214498281479,
    "gumbel_margin_p50": 0.0,
    "gumbel_margin_p99": 0.005403516814112663,
    "gumbel_margin_max": 0.18905258178710938
  },
  "last": {
    "top1_match": 0.9699999690055847,
    "top5_overlap": 0.9860000610351562,
    "logit_l2": 11.826953887939453,
    "kl_ref_cand": 0.0006356918602250516,
    "gumbel_margin": 0.0011045169085264206,
    "logit_l2_p50": 11.503523826599121,
    "logit_l2_p99": 17.595510482788086,
    "logit_l2_max": 18.774755477905273,
    "kl_ref_cand_p50": 0.0006018215790390968,
    "kl_ref_cand_p99": 0.0013883243082091212,
    "kl_ref_cand_max": 0.0015030796639621258,
    "gumbel_margin_p50": 0.0,
    "gumbel_margin_p99": 0.037386614829301834,
    "gumbel_margin_max": 0.06784820556640625
  },
  "wallclock_s": 11.225439071655273,
  "config": {
    "model": "meta-llama/Llama-3.1-8B-Instruct",
    "dtype": "bfloat16",
    "n_prompts": 100,
    "max_len": 512,
    "weight_bits": 24,
    "activation_bits": 24,
    "true_int_matmul": false,
    "quant_scheme": "per_group_sym",
    "group_size": 4,
    "matmul_dtype": "bf16",
    "no_quant": false,
    "dataset": "Salesforce/wikitext",
    "dataset_config": "wikitext-103-raw-v1",
    "dataset_split": "train",
    "temperature": 1.0,
    "seed": 42,
    "device": "auto",
    "out": "experiments/baseline-int-cast/data/llama31_8b_b24_grp4_both.json",
    "include_lm_head": true,
    "skip_substrings": [],
    "smoothquant_alpha": null,
    "smoothquant_n_calib": 16,
    "act_clip_quantile": null
  },
  "replaced_module_count": 225
}