{
  "n_positions": 15348,
  "n_prompts": 100,
  "all": {
    "top1_match": 0.934844970703125,
    "top5_overlap": 0.932356059551239,
    "logit_l2": 78.30422973632812,
    "kl_ref_cand": 0.013553119264543056,
    "gumbel_margin": 0.014482460916042328,
    "logit_l2_p50": 68.70045471191406,
    "logit_l2_p99": 218.7178955078125,
    "logit_l2_max": 1165.1280517578125,
    "kl_ref_cand_p50": 0.006660282611846924,
    "kl_ref_cand_p99": 0.12555347383022308,
    "kl_ref_cand_max": 2.0775058269500732,
    "gumbel_margin_p50": 0.0,
    "gumbel_margin_p99": 0.3340485095977783,
    "gumbel_margin_max": 6.18994140625
  },
  "last": {
    "top1_match": 0.9300000071525574,
    "top5_overlap": 0.9179999232292175,
    "logit_l2": 82.67806243896484,
    "kl_ref_cand": 0.013575025834143162,
    "gumbel_margin": 0.014078931882977486,
    "logit_l2_p50": 79.10791778564453,
    "logit_l2_p99": 137.4342803955078,
    "logit_l2_max": 154.80731201171875,
    "kl_ref_cand_p50": 0.010448790155351162,
    "kl_ref_cand_p99": 0.038672152906656265,
    "kl_ref_cand_max": 0.19155298173427582,
    "gumbel_margin_p50": 0.0,
    "gumbel_margin_p99": 0.31402745842933655,
    "gumbel_margin_max": 0.3521308898925781
  },
  "wallclock_s": 8.167908668518066,
  "config": {
    "ref_model": "Qwen/Qwen2.5-0.5B",
    "teacher_model": "RedHatAI/Qwen2.5-0.5B-FP8-dynamic",
    "student_state": "/root/luke_default/student_state_dict.pt",
    "ref_dtype": "bfloat16",
    "n_prompts": 100,
    "max_len": 512,
    "weight_bits": 16,
    "activation_bits": 16,
    "eval_path": "fake_quant_float (Luke Int32LinearSTE forward, use_integer_matmul=False)"
  }
}