{
  "n_positions": 15348,
  "n_prompts": 100,
  "all": {
    "top1_match": 0.9787595272064209,
    "top5_overlap": 0.9782904386520386,
    "logit_l2": 20.331600189208984,
    "kl_ref_cand": 0.0011606997577473521,
    "gumbel_margin": 0.0010963761014863849,
    "logit_l2_p50": 18.725027084350586,
    "logit_l2_p99": 42.983863830566406,
    "logit_l2_max": 145.5511932373047,
    "kl_ref_cand_p50": 0.0009257480269297957,
    "kl_ref_cand_p99": 0.0053987144492566586,
    "kl_ref_cand_max": 0.0432097390294075,
    "gumbel_margin_p50": 0.0,
    "gumbel_margin_p99": 0.04552692919969559,
    "gumbel_margin_max": 0.3231697082519531
  },
  "last": {
    "top1_match": 0.9799999594688416,
    "top5_overlap": 0.9839999675750732,
    "logit_l2": 20.035776138305664,
    "kl_ref_cand": 0.0010465134400874376,
    "gumbel_margin": 0.0015689277788624167,
    "logit_l2_p50": 18.727991104125977,
    "logit_l2_p99": 38.69908905029297,
    "logit_l2_max": 39.42879104614258,
    "kl_ref_cand_p50": 0.0008114025113172829,
    "kl_ref_cand_p99": 0.0027235569432377815,
    "kl_ref_cand_max": 0.0031876936554908752,
    "gumbel_margin_p50": 0.0,
    "gumbel_margin_p99": 0.047534599900245667,
    "gumbel_margin_max": 0.10998916625976562
  },
  "wallclock_s": 5.535208463668823,
  "config": {
    "model": "Qwen/Qwen2.5-0.5B",
    "dtype": "bfloat16",
    "n_prompts": 100,
    "max_len": 512,
    "weight_bits": 16,
    "activation_bits": 16,
    "true_int_matmul": false,
    "quant_scheme": "per_group_sym",
    "group_size": 64,
    "dataset": "Salesforce/wikitext",
    "dataset_config": "wikitext-103-raw-v1",
    "dataset_split": "train",
    "temperature": 1.0,
    "seed": 42,
    "device": "auto",
    "out": "experiments/baseline-int-cast/data/qwen25_0p5b_grp64_b16.json",
    "include_lm_head": true,
    "skip_substrings": []
  },
  "replaced_module_count": 169
}