{
  "n_positions": 15348,
  "n_prompts": 100,
  "all": {
    "top1_match": 0.9833855032920837,
    "top5_overlap": 0.9817957282066345,
    "logit_l2": 24.82649803161621,
    "kl_ref_cand": 0.00118862499948591,
    "gumbel_margin": 0.0010921574430540204,
    "logit_l2_p50": 19.81700325012207,
    "logit_l2_p99": 87.55879974365234,
    "logit_l2_max": 1576.690673828125,
    "kl_ref_cand_p50": 0.0007715289248153567,
    "kl_ref_cand_p99": 0.007454938255250454,
    "kl_ref_cand_max": 0.16283638775348663,
    "gumbel_margin_p50": 0.0,
    "gumbel_margin_p99": 0.039894964545965195,
    "gumbel_margin_max": 0.2931652069091797
  },
  "last": {
    "top1_match": 0.9799999594688416,
    "top5_overlap": 0.9820000529289246,
    "logit_l2": 18.23793601989746,
    "kl_ref_cand": 0.0012451286893337965,
    "gumbel_margin": 0.0,
    "logit_l2_p50": 16.90408706665039,
    "logit_l2_p99": 32.281761169433594,
    "logit_l2_max": 38.69776916503906,
    "kl_ref_cand_p50": 0.0011324369115754962,
    "kl_ref_cand_p99": 0.003912810236215591,
    "kl_ref_cand_max": 0.004694482311606407,
    "gumbel_margin_p50": 0.0,
    "gumbel_margin_p99": 0.0,
    "gumbel_margin_max": 0.0
  },
  "wallclock_s": 12.642756223678589,
  "config": {
    "model": "Qwen/Qwen3-8B",
    "dtype": "bfloat16",
    "n_prompts": 100,
    "max_len": 512,
    "weight_bits": 20,
    "activation_bits": 20,
    "true_int_matmul": false,
    "quant_scheme": "symmetric",
    "group_size": 128,
    "matmul_dtype": "bf16",
    "no_quant": false,
    "dataset": "Salesforce/wikitext",
    "dataset_config": "wikitext-103-raw-v1",
    "dataset_split": "train",
    "temperature": 1.0,
    "seed": 42,
    "device": "auto",
    "out": "experiments/baseline-int-cast/data/qwen3_8b_b20_sq_a05.json",
    "include_lm_head": true,
    "skip_substrings": [],
    "smoothquant_alpha": 0.5,
    "smoothquant_n_calib": 16,
    "act_clip_quantile": null
  },
  "replaced_module_count": 253
}