{
  "n_positions": 15348,
  "n_prompts": 100,
  "all": {
    "top1_match": 0.9877508878707886,
    "top5_overlap": 0.987086296081543,
    "logit_l2": 16.022687911987305,
    "kl_ref_cand": 0.000764189288020134,
    "gumbel_margin": 0.0007512288284488022,
    "logit_l2_p50": 14.346982955932617,
    "logit_l2_p99": 53.07504653930664,
    "logit_l2_max": 312.95941162109375,
    "kl_ref_cand_p50": 0.00029931054450571537,
    "kl_ref_cand_p99": 0.0054014078341424465,
    "kl_ref_cand_max": 0.04394995793700218,
    "gumbel_margin_p50": 0.0,
    "gumbel_margin_p99": 0.01005588099360466,
    "gumbel_margin_max": 0.24581527709960938
  },
  "last": {
    "top1_match": 1.0,
    "top5_overlap": 0.9839999675750732,
    "logit_l2": 13.419116973876953,
    "kl_ref_cand": 0.0009384992299601436,
    "gumbel_margin": 0.0011900711106136441,
    "logit_l2_p50": 12.932636260986328,
    "logit_l2_p99": 27.51945686340332,
    "logit_l2_max": 29.435638427734375,
    "kl_ref_cand_p50": 0.0008252061088569462,
    "kl_ref_cand_p99": 0.002073290990665555,
    "kl_ref_cand_max": 0.0024980753660202026,
    "gumbel_margin_p50": 0.0,
    "gumbel_margin_p99": 0.015215464867651463,
    "gumbel_margin_max": 0.09984588623046875
  },
  "wallclock_s": 11.606549263000488,
  "config": {
    "model": "Qwen/Qwen3-8B",
    "dtype": "bfloat16",
    "n_prompts": 100,
    "max_len": 512,
    "weight_bits": 24,
    "activation_bits": 0,
    "true_int_matmul": false,
    "quant_scheme": "per_group_sym",
    "group_size": 32,
    "matmul_dtype": "bf16",
    "no_quant": false,
    "dataset": "Salesforce/wikitext",
    "dataset_config": "wikitext-103-raw-v1",
    "dataset_split": "train",
    "temperature": 1.0,
    "seed": 42,
    "device": "auto",
    "out": "experiments/baseline-int-cast/data/qwen3_8b_w24_aoff_grp32.json",
    "include_lm_head": true,
    "skip_substrings": []
  },
  "replaced_module_count": 253
}