{
  "n_positions": 15348,
  "n_prompts": 100,
  "all": {
    "top1_match": 0.999739408493042,
    "top5_overlap": 0.9998436570167542,
    "logit_l2": 0.15225054323673248,
    "kl_ref_cand": 9.373875400342513e-06,
    "gumbel_margin": 8.388208698306698e-06,
    "logit_l2_p50": 0.0,
    "logit_l2_p99": 2.554253101348877,
    "logit_l2_max": 47.279666900634766,
    "kl_ref_cand_p50": 0.0,
    "kl_ref_cand_p99": 3.5601904073701007e-06,
    "kl_ref_cand_max": 0.005502583459019661,
    "gumbel_margin_p50": 0.0,
    "gumbel_margin_p99": 0.0,
    "gumbel_margin_max": 0.10642623901367188
  },
  "last": {
    "top1_match": 1.0,
    "top5_overlap": 1.0,
    "logit_l2": 0.13024529814720154,
    "kl_ref_cand": 1.4039525922271423e-05,
    "gumbel_margin": 0.0,
    "logit_l2_p50": 0.0,
    "logit_l2_p99": 2.032665967941284,
    "logit_l2_max": 11.083304405212402,
    "kl_ref_cand_p50": 0.0,
    "kl_ref_cand_p99": 1.4211762390914373e-05,
    "kl_ref_cand_max": 0.0014037799555808306,
    "gumbel_margin_p50": 0.0,
    "gumbel_margin_p99": 0.0,
    "gumbel_margin_max": 0.0
  },
  "wallclock_s": 11.603951215744019,
  "config": {
    "model": "Qwen/Qwen3-8B",
    "dtype": "bfloat16",
    "n_prompts": 100,
    "max_len": 512,
    "weight_bits": 30,
    "activation_bits": 0,
    "true_int_matmul": false,
    "quant_scheme": "symmetric",
    "group_size": 128,
    "matmul_dtype": "bf16",
    "no_quant": false,
    "dataset": "Salesforce/wikitext",
    "dataset_config": "wikitext-103-raw-v1",
    "dataset_split": "train",
    "temperature": 1.0,
    "seed": 42,
    "device": "auto",
    "out": "experiments/baseline-int-cast/data/qwen3_8b_w30_aoff.json",
    "include_lm_head": true,
    "skip_substrings": []
  },
  "replaced_module_count": 253
}