{
  "n_positions": 15348,
  "n_prompts": 100,
  "all": {
    "top1_match": 0.9853401780128479,
    "top5_overlap": 0.9833725094795227,
    "logit_l2": 22.48139190673828,
    "kl_ref_cand": 0.0010697892867028713,
    "gumbel_margin": 0.0009960902389138937,
    "logit_l2_p50": 18.153282165527344,
    "logit_l2_p99": 76.3515853881836,
    "logit_l2_max": 1432.9176025390625,
    "kl_ref_cand_p50": 0.0006719610537402332,
    "kl_ref_cand_p99": 0.006838145200163126,
    "kl_ref_cand_max": 0.10416717827320099,
    "gumbel_margin_p50": 0.0,
    "gumbel_margin_p99": 0.03568853437900543,
    "gumbel_margin_max": 0.24207687377929688
  },
  "last": {
    "top1_match": 0.9799999594688416,
    "top5_overlap": 0.9919999241828918,
    "logit_l2": 15.773321151733398,
    "kl_ref_cand": 0.001149442745372653,
    "gumbel_margin": 4.800796523340978e-05,
    "logit_l2_p50": 14.955825805664062,
    "logit_l2_p99": 27.168180465698242,
    "logit_l2_max": 27.350292205810547,
    "kl_ref_cand_p50": 0.0011048463638871908,
    "kl_ref_cand_p99": 0.0025486359372735023,
    "kl_ref_cand_max": 0.0028973002918064594,
    "gumbel_margin_p50": 0.0,
    "gumbel_margin_p99": 4.801822069566697e-05,
    "gumbel_margin_max": 0.0048007965087890625
  },
  "wallclock_s": 12.884192943572998,
  "config": {
    "model": "Qwen/Qwen3-8B",
    "dtype": "bfloat16",
    "n_prompts": 100,
    "max_len": 512,
    "weight_bits": 28,
    "activation_bits": 20,
    "true_int_matmul": false,
    "quant_scheme": "symmetric",
    "group_size": 128,
    "matmul_dtype": "bf16",
    "no_quant": false,
    "dataset": "Salesforce/wikitext",
    "dataset_config": "wikitext-103-raw-v1",
    "dataset_split": "train",
    "temperature": 1.0,
    "seed": 42,
    "device": "auto",
    "out": "experiments/baseline-int-cast/data/qwen3_8b_w28_a20.json",
    "include_lm_head": true,
    "skip_substrings": []
  },
  "replaced_module_count": 253
}