{
  "n_positions": 15348,
  "n_prompts": 100,
  "all": {
    "top1_match": 0.9801928997039795,
    "top5_overlap": 0.9797107577323914,
    "logit_l2": 18.545726776123047,
    "kl_ref_cand": 0.001011788030155003,
    "gumbel_margin": 0.0009835095843300223,
    "logit_l2_p50": 17.26824378967285,
    "logit_l2_p99": 36.7218132019043,
    "logit_l2_max": 108.65117645263672,
    "kl_ref_cand_p50": 0.0008079241961240768,
    "kl_ref_cand_p99": 0.004360045772045851,
    "kl_ref_cand_max": 0.05055996775627136,
    "gumbel_margin_p50": 0.0,
    "gumbel_margin_p99": 0.04022446647286415,
    "gumbel_margin_max": 0.25292015075683594
  },
  "last": {
    "top1_match": 0.9899999499320984,
    "top5_overlap": 0.9779999852180481,
    "logit_l2": 18.7636661529541,
    "kl_ref_cand": 0.0009778206003829837,
    "gumbel_margin": 0.0006968307425267994,
    "logit_l2_p50": 17.23014259338379,
    "logit_l2_p99": 37.0141487121582,
    "logit_l2_max": 42.80750274658203,
    "kl_ref_cand_p50": 0.0007871118723414838,
    "kl_ref_cand_p99": 0.0025958309415727854,
    "kl_ref_cand_max": 0.004529202356934547,
    "gumbel_margin_p50": 0.0,
    "gumbel_margin_p99": 0.015643281862139702,
    "gumbel_margin_max": 0.04690361022949219
  },
  "wallclock_s": 5.237962484359741,
  "config": {
    "model": "Qwen/Qwen2.5-0.5B",
    "dtype": "bfloat16",
    "n_prompts": 100,
    "max_len": 512,
    "weight_bits": 22,
    "activation_bits": 22,
    "true_int_matmul": false,
    "quant_scheme": "symmetric",
    "group_size": 128,
    "matmul_dtype": "bf16",
    "no_quant": false,
    "dataset": "Salesforce/wikitext",
    "dataset_config": "wikitext-103-raw-v1",
    "dataset_split": "train",
    "temperature": 1.0,
    "seed": 42,
    "device": "auto",
    "out": "experiments/baseline-int-cast/data/qwen25_0p5b_b22_mmbf16_flin.json",
    "include_lm_head": true,
    "skip_substrings": []
  },
  "replaced_module_count": 169
}