{
  "n_positions": 15348,
  "n_prompts": 100,
  "all": {
    "top1_match": 0.9850143790245056,
    "top5_overlap": 0.9825906157493591,
    "logit_l2": 22.860422134399414,
    "kl_ref_cand": 0.0011028797598555684,
    "gumbel_margin": 0.0010319354478269815,
    "logit_l2_p50": 18.51521110534668,
    "logit_l2_p99": 77.10672760009766,
    "logit_l2_max": 964.0335693359375,
    "kl_ref_cand_p50": 0.0006883341120555997,
    "kl_ref_cand_p99": 0.0070405821315944195,
    "kl_ref_cand_max": 0.3324092924594879,
    "gumbel_margin_p50": 0.0,
    "gumbel_margin_p99": 0.03773287683725357,
    "gumbel_margin_max": 0.24581527709960938
  },
  "last": {
    "top1_match": 0.9699999690055847,
    "top5_overlap": 0.9919999241828918,
    "logit_l2": 16.734342575073242,
    "kl_ref_cand": 0.0010945950634777546,
    "gumbel_margin": 0.001197013771161437,
    "logit_l2_p50": 15.998719215393066,
    "logit_l2_p99": 31.07015037536621,
    "logit_l2_max": 31.174226760864258,
    "kl_ref_cand_p50": 0.0010603992268443108,
    "kl_ref_cand_p99": 0.0023971814662218094,
    "kl_ref_cand_max": 0.002708935644477606,
    "gumbel_margin_p50": 0.0,
    "gumbel_margin_p99": 0.005902029573917389,
    "gumbel_margin_max": 0.11490058898925781
  },
  "wallclock_s": 12.835206270217896,
  "config": {
    "model": "Qwen/Qwen3-8B",
    "dtype": "bfloat16",
    "n_prompts": 100,
    "max_len": 512,
    "weight_bits": 16,
    "activation_bits": 16,
    "true_int_matmul": false,
    "quant_scheme": "symmetric",
    "group_size": 128,
    "matmul_dtype": "bf16",
    "no_quant": false,
    "dataset": "Salesforce/wikitext",
    "dataset_config": "wikitext-103-raw-v1",
    "dataset_split": "train",
    "temperature": 1.0,
    "seed": 42,
    "device": "auto",
    "out": "experiments/baseline-int-cast/data/qwen3_8b_b16_mmbf16_flin.json",
    "include_lm_head": true,
    "skip_substrings": []
  },
  "replaced_module_count": 253
}