{
  "n_positions": 15348,
  "n_prompts": 100,
  "all": {
    "top1_match": 0.9854704737663269,
    "top5_overlap": 0.9832943081855774,
    "logit_l2": 22.16303062438965,
    "kl_ref_cand": 0.0010513494489714503,
    "gumbel_margin": 0.0010702635627239943,
    "logit_l2_p50": 17.953506469726562,
    "logit_l2_p99": 74.35738372802734,
    "logit_l2_max": 1512.6513671875,
    "kl_ref_cand_p50": 0.0006659592036157846,
    "kl_ref_cand_p99": 0.006808290723711252,
    "kl_ref_cand_max": 0.0879557877779007,
    "gumbel_margin_p50": 0.0,
    "gumbel_margin_p99": 0.03773287683725357,
    "gumbel_margin_max": 0.7018089294433594
  },
  "last": {
    "top1_match": 0.9899999499320984,
    "top5_overlap": 0.9839999675750732,
    "logit_l2": 16.412927627563477,
    "kl_ref_cand": 0.001084218849427998,
    "gumbel_margin": 0.00014360428031068295,
    "logit_l2_p50": 15.239861488342285,
    "logit_l2_p99": 30.12225914001465,
    "logit_l2_max": 30.528778076171875,
    "kl_ref_cand_p50": 0.0010739699937403202,
    "kl_ref_cand_p99": 0.0024387540761381388,
    "kl_ref_cand_max": 0.0038573569618165493,
    "gumbel_margin_p50": 0.0,
    "gumbel_margin_p99": 0.00014363495574798435,
    "gumbel_margin_max": 0.014360427856445312
  },
  "wallclock_s": 12.859646081924438,
  "config": {
    "model": "Qwen/Qwen3-8B",
    "dtype": "bfloat16",
    "n_prompts": 100,
    "max_len": 512,
    "weight_bits": 28,
    "activation_bits": 21,
    "true_int_matmul": false,
    "quant_scheme": "symmetric",
    "group_size": 128,
    "matmul_dtype": "bf16",
    "no_quant": false,
    "dataset": "Salesforce/wikitext",
    "dataset_config": "wikitext-103-raw-v1",
    "dataset_split": "train",
    "temperature": 1.0,
    "seed": 42,
    "device": "auto",
    "out": "experiments/baseline-int-cast/data/qwen3_8b_w28_a21.json",
    "include_lm_head": true,
    "skip_substrings": []
  },
  "replaced_module_count": 253
}