{
  "n_positions": 15348,
  "n_prompts": 100,
  "all": {
    "top1_match": 0.999609112739563,
    "top5_overlap": 0.9996873140335083,
    "logit_l2": 0.2827022075653076,
    "kl_ref_cand": 1.55974648805568e-05,
    "gumbel_margin": 9.11533243197482e-06,
    "logit_l2_p50": 0.0,
    "logit_l2_p99": 12.3681001663208,
    "logit_l2_max": 53.800926208496094,
    "kl_ref_cand_p50": 0.0,
    "kl_ref_cand_p99": 0.00041365757351741195,
    "kl_ref_cand_max": 0.005502583459019661,
    "gumbel_margin_p50": 0.0,
    "gumbel_margin_p99": 0.0,
    "gumbel_margin_max": 0.10642623901367188
  },
  "last": {
    "top1_match": 1.0,
    "top5_overlap": 0.9980000257492065,
    "logit_l2": 0.3085502088069916,
    "kl_ref_cand": 3.924555494450033e-05,
    "gumbel_margin": 0.0,
    "logit_l2_p50": 0.0,
    "logit_l2_p99": 9.215105056762695,
    "logit_l2_max": 11.083304405212402,
    "kl_ref_cand_p50": 0.0,
    "kl_ref_cand_p99": 0.0014093638164922595,
    "kl_ref_cand_max": 0.001962041249498725,
    "gumbel_margin_p50": 0.0,
    "gumbel_margin_p99": 0.0,
    "gumbel_margin_max": 0.0
  },
  "wallclock_s": 11.733577728271484,
  "config": {
    "model": "Qwen/Qwen3-8B",
    "dtype": "bfloat16",
    "n_prompts": 100,
    "max_len": 512,
    "weight_bits": 29,
    "activation_bits": 0,
    "true_int_matmul": false,
    "quant_scheme": "symmetric",
    "group_size": 128,
    "matmul_dtype": "bf16",
    "no_quant": false,
    "dataset": "Salesforce/wikitext",
    "dataset_config": "wikitext-103-raw-v1",
    "dataset_split": "train",
    "temperature": 1.0,
    "seed": 42,
    "device": "auto",
    "out": "experiments/baseline-int-cast/data/qwen3_8b_w29_aoff.json",
    "include_lm_head": true,
    "skip_substrings": []
  },
  "replaced_module_count": 253
}