{
  "n_positions": 15348,
  "n_prompts": 100,
  "all": {
    "top1_match": 0.9854053258895874,
    "top5_overlap": 0.983007550239563,
    "logit_l2": 21.75092887878418,
    "kl_ref_cand": 0.0010417501907795668,
    "gumbel_margin": 0.0009798113023862243,
    "logit_l2_p50": 17.807024002075195,
    "logit_l2_p99": 72.2530746459961,
    "logit_l2_max": 1594.20654296875,
    "kl_ref_cand_p50": 0.0006498441798612475,
    "kl_ref_cand_p99": 0.006752899382263422,
    "kl_ref_cand_max": 0.1863766461610794,
    "gumbel_margin_p50": 0.0,
    "gumbel_margin_p99": 0.035517893731594086,
    "gumbel_margin_max": 0.7018089294433594
  },
  "last": {
    "top1_match": 0.9899999499320984,
    "top5_overlap": 0.9839999675750732,
    "logit_l2": 16.10030746459961,
    "kl_ref_cand": 0.0010106590343639255,
    "gumbel_margin": 0.0011420630617067218,
    "logit_l2_p50": 15.159255981445312,
    "logit_l2_p99": 28.88071060180664,
    "logit_l2_max": 29.303539276123047,
    "kl_ref_cand_p50": 0.0008962290594354272,
    "kl_ref_cand_p99": 0.002487408695742488,
    "kl_ref_cand_max": 0.003148311749100685,
    "gumbel_margin_p50": 0.0,
    "gumbel_margin_p99": 0.015215464867651463,
    "gumbel_margin_max": 0.09984588623046875
  },
  "wallclock_s": 16.154576063156128,
  "config": {
    "model": "Qwen/Qwen3-8B",
    "dtype": "bfloat16",
    "n_prompts": 100,
    "max_len": 512,
    "weight_bits": 31,
    "activation_bits": 31,
    "true_int_matmul": false,
    "quant_scheme": "asymmetric",
    "group_size": 128,
    "matmul_dtype": "bf16",
    "no_quant": false,
    "dataset": "Salesforce/wikitext",
    "dataset_config": "wikitext-103-raw-v1",
    "dataset_split": "train",
    "temperature": 1.0,
    "seed": 42,
    "device": "auto",
    "out": "experiments/baseline-int-cast/data/qwen3_8b_b31_asym.json",
    "include_lm_head": true,
    "skip_substrings": []
  },
  "replaced_module_count": 253
}