{
  "n_positions": 15348,
  "n_prompts": 100,
  "all": {
    "top1_match": 0.9989575743675232,
    "top5_overlap": 0.9985535740852356,
    "logit_l2": 2.5854623317718506,
    "kl_ref_cand": 6.531024610012537e-06,
    "gumbel_margin": 2.535799467295874e-06,
    "logit_l2_p50": 1.9830974340438843,
    "logit_l2_p99": 10.661120414733887,
    "logit_l2_max": 421.3619689941406,
    "kl_ref_cand_p50": 2.4057153495959938e-06,
    "kl_ref_cand_p99": 8.98197540664114e-05,
    "kl_ref_cand_max": 0.0019283711444586515,
    "gumbel_margin_p50": 0.0,
    "gumbel_margin_p99": 0.0,
    "gumbel_margin_max": 0.01479339599609375
  },
  "last": {
    "top1_match": 1.0,
    "top5_overlap": 1.0,
    "logit_l2": 1.8588818311691284,
    "kl_ref_cand": 3.942935563827632e-06,
    "gumbel_margin": 0.0,
    "logit_l2_p50": 1.7667200565338135,
    "logit_l2_p99": 3.336505651473999,
    "logit_l2_max": 4.091328144073486,
    "kl_ref_cand_p50": 3.1644449336454272e-06,
    "kl_ref_cand_p99": 1.2855675777245779e-05,
    "kl_ref_cand_max": 2.8813559765694663e-05,
    "gumbel_margin_p50": 0.0,
    "gumbel_margin_p99": 0.0,
    "gumbel_margin_max": 0.0
  },
  "wallclock_s": 21.409127235412598,
  "config": {
    "model": "Qwen/Qwen3-8B",
    "dtype": "float32",
    "n_prompts": 100,
    "max_len": 512,
    "weight_bits": 16,
    "activation_bits": 16,
    "true_int_matmul": false,
    "quant_scheme": "symmetric",
    "group_size": 128,
    "matmul_dtype": "auto",
    "no_quant": false,
    "dataset": "Salesforce/wikitext",
    "dataset_config": "wikitext-103-raw-v1",
    "dataset_split": "train",
    "temperature": 1.0,
    "seed": 42,
    "device": "auto",
    "out": "experiments/baseline-int-cast/data/qwen3_8b_b16_fp32ref_fp32mm.json",
    "include_lm_head": true,
    "skip_substrings": [],
    "smoothquant_alpha": null,
    "smoothquant_n_calib": 16,
    "act_clip_quantile": null,
    "cached_bf16": false
  },
  "replaced_module_count": 253
}