{
  "n_positions": 15348,
  "n_prompts": 100,
  "all": {
    "top1_match": 0.9846234321594238,
    "top5_overlap": 0.981847882270813,
    "logit_l2": 24.407018661499023,
    "kl_ref_cand": 0.0011802678927779198,
    "gumbel_margin": 0.0011835090117529035,
    "logit_l2_p50": 19.720569610595703,
    "logit_l2_p99": 81.4026870727539,
    "logit_l2_max": 1312.6029052734375,
    "kl_ref_cand_p50": 0.0007731216610409319,
    "kl_ref_cand_p99": 0.007418089546263218,
    "kl_ref_cand_max": 0.11595065891742706,
    "gumbel_margin_p50": 0.0,
    "gumbel_margin_p99": 0.04804766923189163,
    "gumbel_margin_max": 0.2911491394042969
  },
  "last": {
    "top1_match": 0.9799999594688416,
    "top5_overlap": 0.9880000352859497,
    "logit_l2": 17.902307510375977,
    "kl_ref_cand": 0.0012637873878702521,
    "gumbel_margin": 0.00019161224190611392,
    "logit_l2_p50": 16.42706871032715,
    "logit_l2_p99": 34.49015808105469,
    "logit_l2_max": 40.75539016723633,
    "kl_ref_cand_p50": 0.001213690498843789,
    "kl_ref_cand_p99": 0.0038416250608861446,
    "kl_ref_cand_max": 0.00602066470310092,
    "gumbel_margin_p50": 0.0,
    "gumbel_margin_p99": 0.004896413069218397,
    "gumbel_margin_max": 0.014360427856445312
  },
  "wallclock_s": 12.525501489639282,
  "config": {
    "model": "Qwen/Qwen3-8B",
    "dtype": "bfloat16",
    "n_prompts": 100,
    "max_len": 512,
    "weight_bits": 24,
    "activation_bits": 24,
    "true_int_matmul": false,
    "quant_scheme": "symmetric",
    "group_size": 128,
    "matmul_dtype": "bf16",
    "no_quant": false,
    "dataset": "Salesforce/wikitext",
    "dataset_config": "wikitext-103-raw-v1",
    "dataset_split": "train",
    "temperature": 1.0,
    "seed": 42,
    "device": "auto",
    "out": "experiments/baseline-int-cast/data/qwen3_8b_b24_sq_a05.json",
    "include_lm_head": true,
    "skip_substrings": [],
    "smoothquant_alpha": 0.5,
    "smoothquant_n_calib": 16,
    "act_clip_quantile": null
  },
  "replaced_module_count": 253
}