{
  "n_positions": 15348,
  "n_prompts": 100,
  "all": {
    "top1_match": 0.9855356216430664,
    "top5_overlap": 0.9832161068916321,
    "logit_l2": 22.238439559936523,
    "kl_ref_cand": 0.00107426883187145,
    "gumbel_margin": 0.0010401817271485925,
    "logit_l2_p50": 17.865636825561523,
    "logit_l2_p99": 78.40394592285156,
    "logit_l2_max": 1516.6766357421875,
    "kl_ref_cand_p50": 0.0006704381667077541,
    "kl_ref_cand_p99": 0.007047045510262251,
    "kl_ref_cand_max": 0.10570424050092697,
    "gumbel_margin_p50": 0.0,
    "gumbel_margin_p99": 0.03799838572740555,
    "gumbel_margin_max": 0.3221263885498047
  },
  "last": {
    "top1_match": 0.9899999499320984,
    "top5_overlap": 0.9839999675750732,
    "logit_l2": 16.13047981262207,
    "kl_ref_cand": 0.0011299755424261093,
    "gumbel_margin": 0.0011490058386698365,
    "logit_l2_p50": 14.942480087280273,
    "logit_l2_p99": 28.238574981689453,
    "logit_l2_max": 36.439002990722656,
    "kl_ref_cand_p50": 0.0011055649956688285,
    "kl_ref_cand_p99": 0.0021873682271689177,
    "kl_ref_cand_max": 0.0027169673703610897,
    "gumbel_margin_p50": 0.0,
    "gumbel_margin_p99": 0.0011492513585835695,
    "gumbel_margin_max": 0.11490058898925781
  },
  "wallclock_s": 11.591731786727905,
  "config": {
    "model": "Qwen/Qwen3-8B",
    "dtype": "bfloat16",
    "n_prompts": 100,
    "max_len": 512,
    "weight_bits": 20,
    "activation_bits": 0,
    "true_int_matmul": false,
    "quant_scheme": "per_group_sym",
    "group_size": 32,
    "matmul_dtype": "bf16",
    "no_quant": false,
    "dataset": "Salesforce/wikitext",
    "dataset_config": "wikitext-103-raw-v1",
    "dataset_split": "train",
    "temperature": 1.0,
    "seed": 42,
    "device": "auto",
    "out": "experiments/baseline-int-cast/data/qwen3_8b_w20_aoff_grp32.json",
    "include_lm_head": true,
    "skip_substrings": []
  },
  "replaced_module_count": 253
}