{
  "n_positions": 15348,
  "n_prompts": 100,
  "all": {
    "top1_match": 0.9771957993507385,
    "top5_overlap": 0.9784858822822571,
    "logit_l2": 20.362653732299805,
    "kl_ref_cand": 0.0011691778199747205,
    "gumbel_margin": 0.0010951494332402945,
    "logit_l2_p50": 18.808441162109375,
    "logit_l2_p99": 42.770263671875,
    "logit_l2_max": 143.07015991210938,
    "kl_ref_cand_p50": 0.0009182455250993371,
    "kl_ref_cand_p99": 0.0054948823526501656,
    "kl_ref_cand_max": 0.08627741783857346,
    "gumbel_margin_p50": 0.0,
    "gumbel_margin_p99": 0.04668392986059189,
    "gumbel_margin_max": 0.3231697082519531
  },
  "last": {
    "top1_match": 0.9699999690055847,
    "top5_overlap": 0.9859999418258667,
    "logit_l2": 20.351268768310547,
    "kl_ref_cand": 0.0009333942434750497,
    "gumbel_margin": 0.0,
    "logit_l2_p50": 18.78029441833496,
    "logit_l2_p99": 36.547298431396484,
    "logit_l2_max": 38.44305419921875,
    "kl_ref_cand_p50": 0.0008363969391211867,
    "kl_ref_cand_p99": 0.0023151603527367115,
    "kl_ref_cand_max": 0.0023489361628890038,
    "gumbel_margin_p50": 0.0,
    "gumbel_margin_p99": 0.0,
    "gumbel_margin_max": 0.0
  },
  "wallclock_s": 5.523601770401001,
  "config": {
    "model": "Qwen/Qwen2.5-0.5B",
    "dtype": "bfloat16",
    "n_prompts": 100,
    "max_len": 512,
    "weight_bits": 20,
    "activation_bits": 20,
    "true_int_matmul": false,
    "dataset": "Salesforce/wikitext",
    "dataset_config": "wikitext-103-raw-v1",
    "dataset_split": "train",
    "temperature": 1.0,
    "seed": 42,
    "device": "auto",
    "out": "experiments/baseline-int-cast/data/qwen25_0p5b_int20.json",
    "include_lm_head": true,
    "skip_substrings": []
  },
  "replaced_module_count": 169
}