{
  "n_positions": 15348,
  "n_prompts": 100,
  "all": {
    "top1_match": 0.9835157990455627,
    "top5_overlap": 0.9815611839294434,
    "logit_l2": 25.10509490966797,
    "kl_ref_cand": 0.0012112195836380124,
    "gumbel_margin": 0.0011571735376492143,
    "logit_l2_p50": 20.19388198852539,
    "logit_l2_p99": 83.37098693847656,
    "logit_l2_max": 605.6405029296875,
    "kl_ref_cand_p50": 0.0007797210710123181,
    "kl_ref_cand_p99": 0.0077545661479234695,
    "kl_ref_cand_max": 0.07919067144393921,
    "gumbel_margin_p50": 0.0,
    "gumbel_margin_p99": 0.042558424174785614,
    "gumbel_margin_max": 0.7018089294433594
  },
  "last": {
    "top1_match": 0.9899999499320984,
    "top5_overlap": 0.9860000610351562,
    "logit_l2": 18.113624572753906,
    "kl_ref_cand": 0.0012523771729320288,
    "gumbel_margin": 0.0013406181242316961,
    "logit_l2_p50": 17.682968139648438,
    "logit_l2_p99": 30.95026397705078,
    "logit_l2_max": 31.927518844604492,
    "kl_ref_cand_p50": 0.001225967425853014,
    "kl_ref_cand_p99": 0.002873219782486558,
    "kl_ref_cand_max": 0.005338171496987343,
    "gumbel_margin_p50": 0.0,
    "gumbel_margin_p99": 0.015366043895483017,
    "gumbel_margin_max": 0.11490058898925781
  },
  "wallclock_s": 12.487146377563477,
  "config": {
    "model": "Qwen/Qwen3-8B",
    "dtype": "bfloat16",
    "n_prompts": 100,
    "max_len": 512,
    "weight_bits": 24,
    "activation_bits": 24,
    "true_int_matmul": false,
    "quant_scheme": "symmetric",
    "group_size": 128,
    "matmul_dtype": "bf16",
    "no_quant": false,
    "dataset": "Salesforce/wikitext",
    "dataset_config": "wikitext-103-raw-v1",
    "dataset_split": "train",
    "temperature": 1.0,
    "seed": 42,
    "device": "auto",
    "out": "experiments/baseline-int-cast/data/qwen3_8b_b24_sq_a08.json",
    "include_lm_head": true,
    "skip_substrings": [],
    "smoothquant_alpha": 0.8,
    "smoothquant_n_calib": 16,
    "act_clip_quantile": null
  },
  "replaced_module_count": 253
}