{
  "top1_match": 0.9792519807815552,
  "top5_overlap": 0.9794825315475464,
  "logit_l2": 20.02814483642578,
  "kl_ref_cand": 0.0011207980569452047,
  "gumbel_margin": 0.0011372893350198865,
  "n_positions": 7808,
  "n_prompts": 50,
  "logit_l2_p50": 18.470956802368164,
  "logit_l2_p99": 42.24258041381836,
  "logit_l2_max": 138.9102325439453,
  "kl_ref_cand_p50": 0.0009147034143097699,
  "kl_ref_cand_p99": 0.005136902444064617,
  "kl_ref_cand_max": 0.032897427678108215,
  "gumbel_margin_p50": 0.0,
  "gumbel_margin_p99": 0.03856325149536133,
  "gumbel_margin_max": 0.6422176361083984,
  "wallclock_s": 2.867698907852173,
  "config": {
    "model": "Qwen/Qwen2.5-0.5B",
    "dtype": "bfloat16",
    "n_prompts": 50,
    "max_len": 256,
    "weight_bits": 16,
    "activation_bits": 16,
    "true_int_matmul": false,
    "dataset": "Salesforce/wikitext",
    "dataset_config": "wikitext-103-raw-v1",
    "dataset_split": "train",
    "temperature": 1.0,
    "seed": 42,
    "device": "cuda",
    "out": "experiments/baseline-int-cast/data/qwen25_0p5b.json",
    "include_lm_head": true,
    "skip_substrings": []
  },
  "replaced_module_count": 169
}