{
  "n_positions": 15348,
  "n_prompts": 100,
  "all": {
    "top1_match": 0.9791504144668579,
    "top5_overlap": 0.980401337146759,
    "logit_l2": 18.762767791748047,
    "kl_ref_cand": 0.0010320186847820878,
    "gumbel_margin": 0.0010060211643576622,
    "logit_l2_p50": 17.457836151123047,
    "logit_l2_p99": 36.78260803222656,
    "logit_l2_max": 82.34103393554688,
    "kl_ref_cand_p50": 0.000824991031549871,
    "kl_ref_cand_p99": 0.00437973253428936,
    "kl_ref_cand_max": 0.021300632506608963,
    "gumbel_margin_p50": 0.0,
    "gumbel_margin_p99": 0.04065370559692383,
    "gumbel_margin_max": 0.2929954528808594
  },
  "last": {
    "top1_match": 0.9899999499320984,
    "top5_overlap": 0.9760000109672546,
    "logit_l2": 18.911645889282227,
    "kl_ref_cand": 0.0009935208363458514,
    "gumbel_margin": 0.00046903608017601073,
    "logit_l2_p50": 17.09341812133789,
    "logit_l2_p99": 37.23785400390625,
    "logit_l2_max": 39.12902069091797,
    "kl_ref_cand_p50": 0.0008242973126471043,
    "kl_ref_cand_p99": 0.0031375051476061344,
    "kl_ref_cand_max": 0.003973811864852905,
    "gumbel_margin_p50": 0.0,
    "gumbel_margin_p99": 0.00046913628466427326,
    "gumbel_margin_max": 0.04690361022949219
  },
  "wallclock_s": 5.252321004867554,
  "config": {
    "model": "Qwen/Qwen2.5-0.5B",
    "dtype": "bfloat16",
    "n_prompts": 100,
    "max_len": 512,
    "weight_bits": 20,
    "activation_bits": 20,
    "true_int_matmul": false,
    "quant_scheme": "symmetric",
    "group_size": 128,
    "matmul_dtype": "bf16",
    "no_quant": false,
    "dataset": "Salesforce/wikitext",
    "dataset_config": "wikitext-103-raw-v1",
    "dataset_split": "train",
    "temperature": 1.0,
    "seed": 42,
    "device": "auto",
    "out": "experiments/baseline-int-cast/data/qwen25_0p5b_b20_mmbf16_flin.json",
    "include_lm_head": true,
    "skip_substrings": []
  },
  "replaced_module_count": 169
}