{
  "n_positions": 15348,
  "n_prompts": 100,
  "all": {
    "top1_match": 0.9992833733558655,
    "top5_overlap": 0.9992181658744812,
    "logit_l2": 1.0571950674057007,
    "kl_ref_cand": 5.7371316870558076e-06,
    "gumbel_margin": 9.760435659700306e-07,
    "logit_l2_p50": 0.8357423543930054,
    "logit_l2_p99": 3.61336350440979,
    "logit_l2_max": 34.56926727294922,
    "kl_ref_cand_p50": 9.579298421158455e-07,
    "kl_ref_cand_p99": 2.4449262127745897e-05,
    "kl_ref_cand_max": 0.006086346693336964,
    "gumbel_margin_p50": 0.0,
    "gumbel_margin_p99": 0.0,
    "gumbel_margin_max": 0.0034542083740234375
  },
  "last": {
    "top1_match": 1.0,
    "top5_overlap": 0.9959999918937683,
    "logit_l2": 1.0278880596160889,
    "kl_ref_cand": 2.2779124719818356e-06,
    "gumbel_margin": 0.0,
    "logit_l2_p50": 0.964884877204895,
    "logit_l2_p99": 2.6785061359405518,
    "logit_l2_max": 3.3321940898895264,
    "kl_ref_cand_p50": 1.4083198038861156e-06,
    "kl_ref_cand_p99": 7.930562787805684e-06,
    "kl_ref_cand_max": 6.59438082948327e-05,
    "gumbel_margin_p50": 0.0,
    "gumbel_margin_p99": 0.0,
    "gumbel_margin_max": 0.0
  },
  "wallclock_s": 4.953506946563721,
  "config": {
    "model": "Qwen/Qwen2.5-0.5B",
    "dtype": "float32",
    "n_prompts": 100,
    "max_len": 512,
    "weight_bits": 16,
    "activation_bits": 16,
    "true_int_matmul": false,
    "quant_scheme": "symmetric",
    "group_size": 128,
    "matmul_dtype": "auto",
    "no_quant": false,
    "dataset": "Salesforce/wikitext",
    "dataset_config": "wikitext-103-raw-v1",
    "dataset_split": "train",
    "temperature": 1.0,
    "seed": 42,
    "device": "auto",
    "out": "experiments/baseline-int-cast/data/qwen25_0p5b_b16_fp32ref_fp32mm.json",
    "include_lm_head": true,
    "skip_substrings": [],
    "smoothquant_alpha": null,
    "smoothquant_n_calib": 16,
    "act_clip_quantile": null,
    "cached_bf16": false
  },
  "replaced_module_count": 169
}