{
  "n_positions": 15348,
  "n_prompts": 100,
  "all": {
    "top1_match": 0.9880766868591309,
    "top5_overlap": 0.9877638816833496,
    "logit_l2": 15.511617660522461,
    "kl_ref_cand": 0.0007304965984076262,
    "gumbel_margin": 0.0006925625493749976,
    "logit_l2_p50": 13.918646812438965,
    "logit_l2_p99": 51.84019470214844,
    "logit_l2_max": 1526.9581298828125,
    "kl_ref_cand_p50": 0.00027151734684593976,
    "kl_ref_cand_p99": 0.00501860911026597,
    "kl_ref_cand_max": 0.030770905315876007,
    "gumbel_margin_p50": 0.0,
    "gumbel_margin_p99": 0.00497172586619854,
    "gumbel_margin_max": 0.24581527709960938
  },
  "last": {
    "top1_match": 0.9599999785423279,
    "top5_overlap": 0.9880000352859497,
    "logit_l2": 14.068241119384766,
    "kl_ref_cand": 0.0010200716787949204,
    "gumbel_margin": 0.00019161224190611392,
    "logit_l2_p50": 13.39718246459961,
    "logit_l2_p99": 26.384668350219727,
    "logit_l2_max": 41.345008850097656,
    "kl_ref_cand_p50": 0.0010344639886170626,
    "kl_ref_cand_p99": 0.002066363114863634,
    "kl_ref_cand_max": 0.002289998345077038,
    "gumbel_margin_p50": 0.0,
    "gumbel_margin_p99": 0.004896413069218397,
    "gumbel_margin_max": 0.014360427856445312
  },
  "wallclock_s": 11.653600215911865,
  "config": {
    "model": "Qwen/Qwen3-8B",
    "dtype": "bfloat16",
    "n_prompts": 100,
    "max_len": 512,
    "weight_bits": 24,
    "activation_bits": 0,
    "true_int_matmul": false,
    "quant_scheme": "per_group_sym",
    "group_size": 16,
    "matmul_dtype": "bf16",
    "no_quant": false,
    "dataset": "Salesforce/wikitext",
    "dataset_config": "wikitext-103-raw-v1",
    "dataset_split": "train",
    "temperature": 1.0,
    "seed": 42,
    "device": "auto",
    "out": "experiments/baseline-int-cast/data/qwen3_8b_w24_aoff_grp16.json",
    "include_lm_head": true,
    "skip_substrings": []
  },
  "replaced_module_count": 253
}