{
  "n_positions": 608,
  "n_prompts": 5,
  "all": {
    "top1_match": 1.0,
    "top5_overlap": 1.0,
    "logit_l2": 0.0104875098913908,
    "kl_ref_cand": 1.8516339572727247e-09,
    "gumbel_margin": 0.0,
    "logit_l2_p50": 0.008261755108833313,
    "logit_l2_p99": 0.031331513077020645,
    "logit_l2_max": 0.07514937967061996,
    "kl_ref_cand_p50": 1.6366275001900021e-10,
    "kl_ref_cand_p99": 2.2444446301506105e-07,
    "kl_ref_cand_max": 3.977954179390508e-07,
    "gumbel_margin_p50": 0.0,
    "gumbel_margin_p99": 0.0,
    "gumbel_margin_max": 0.0
  },
  "last": {
    "top1_match": 1.0,
    "top5_overlap": 1.0,
    "logit_l2": 0.007550807204097509,
    "kl_ref_cand": -4.4381785357927583e-08,
    "gumbel_margin": 0.0,
    "logit_l2_p50": 0.007365453522652388,
    "logit_l2_p99": 0.008298556320369244,
    "logit_l2_max": 0.008329775184392929,
    "kl_ref_cand_p50": -1.6159447113750502e-08,
    "kl_ref_cand_p99": 4.83770712378373e-08,
    "kl_ref_cand_max": 5.0563357945065945e-08,
    "gumbel_margin_p50": 0.0,
    "gumbel_margin_p99": 0.0,
    "gumbel_margin_max": 0.0
  },
  "wallclock_s": 2.081817388534546,
  "config": {
    "model": "Qwen/Qwen3-8B",
    "dtype": "float32",
    "n_prompts": 5,
    "max_len": 128,
    "weight_bits": 24,
    "activation_bits": 24,
    "true_int_matmul": false,
    "quant_scheme": "symmetric",
    "group_size": 128,
    "matmul_dtype": "auto",
    "no_quant": false,
    "dataset": "Salesforce/wikitext",
    "dataset_config": "wikitext-103-raw-v1",
    "dataset_split": "train",
    "temperature": 1.0,
    "seed": 42,
    "device": "auto",
    "out": "experiments/baseline-int-cast/data/qwen3_8b_b24_fp32ref_5p128_FLOATEQ.json",
    "include_lm_head": true,
    "skip_substrings": [],
    "smoothquant_alpha": null,
    "smoothquant_n_calib": 16,
    "act_clip_quantile": null,
    "cached_bf16": false
  },
  "replaced_module_count": 253
}