{
  "n_positions": 15348,
  "n_prompts": 100,
  "all": {
    "top1_match": 0.9874902963638306,
    "top5_overlap": 0.9887412786483765,
    "logit_l2": 10.425542831420898,
    "kl_ref_cand": 0.0005320759955793619,
    "gumbel_margin": 0.0004020801861770451,
    "logit_l2_p50": 12.428760528564453,
    "logit_l2_p99": 30.394821166992188,
    "logit_l2_max": 51.55031967163086,
    "kl_ref_cand_p50": 0.0002341290528420359,
    "kl_ref_cand_p99": 0.002882198663428426,
    "kl_ref_cand_max": 0.02796211838722229,
    "gumbel_margin_p50": 0.0,
    "gumbel_margin_p99": 0.0,
    "gumbel_margin_max": 0.2741127014160156
  },
  "last": {
    "top1_match": 0.9699999690055847,
    "top5_overlap": 0.9880000352859497,
    "logit_l2": 13.688383102416992,
    "kl_ref_cand": 0.0006237889174371958,
    "gumbel_margin": 0.00046903608017601073,
    "logit_l2_p50": 13.848135948181152,
    "logit_l2_p99": 28.613239288330078,
    "logit_l2_max": 33.252323150634766,
    "kl_ref_cand_p50": 0.0005055420915596187,
    "kl_ref_cand_p99": 0.0018463891465216875,
    "kl_ref_cand_max": 0.0025776848196983337,
    "gumbel_margin_p50": 0.0,
    "gumbel_margin_p99": 0.00046913628466427326,
    "gumbel_margin_max": 0.04690361022949219
  },
  "wallclock_s": 4.112073183059692,
  "config": {
    "model": "Qwen/Qwen2.5-0.5B",
    "dtype": "bfloat16",
    "n_prompts": 100,
    "max_len": 512,
    "weight_bits": 24,
    "activation_bits": 0,
    "true_int_matmul": false,
    "quant_scheme": "symmetric",
    "group_size": 128,
    "matmul_dtype": "bf16",
    "no_quant": false,
    "dataset": "Salesforce/wikitext",
    "dataset_config": "wikitext-103-raw-v1",
    "dataset_split": "train",
    "temperature": 1.0,
    "seed": 42,
    "device": "auto",
    "out": "experiments/baseline-int-cast/data/qwen25_w24_aoff.json",
    "include_lm_head": true,
    "skip_substrings": []
  },
  "replaced_module_count": 169
}