{
  "n_positions": 15348,
  "n_prompts": 100,
  "all": {
    "top1_match": 0.9795413613319397,
    "top5_overlap": 0.9781730771064758,
    "logit_l2": 20.379642486572266,
    "kl_ref_cand": 0.0011779393535107374,
    "gumbel_margin": 0.0010328288190066814,
    "logit_l2_p50": 18.746362686157227,
    "logit_l2_p99": 42.83391571044922,
    "logit_l2_max": 188.3406982421875,
    "kl_ref_cand_p50": 0.0009174555889330804,
    "kl_ref_cand_p99": 0.005407426971942186,
    "kl_ref_cand_max": 0.07620523869991302,
    "gumbel_margin_p50": 0.0,
    "gumbel_margin_p99": 0.04055201634764671,
    "gumbel_margin_max": 0.3252124786376953
  },
  "last": {
    "top1_match": 0.9899999499320984,
    "top5_overlap": 0.9760000109672546,
    "logit_l2": 18.70155906677246,
    "kl_ref_cand": 0.001036248286254704,
    "gumbel_margin": 0.00015327453729696572,
    "logit_l2_p50": 17.620952606201172,
    "logit_l2_p99": 34.88844299316406,
    "logit_l2_max": 38.55004119873047,
    "kl_ref_cand_p50": 0.0007569824811071157,
    "kl_ref_cand_p99": 0.00328638544306159,
    "kl_ref_cand_max": 0.0037293527275323868,
    "gumbel_margin_p50": 0.0,
    "gumbel_margin_p99": 0.00015330727910622954,
    "gumbel_margin_max": 0.01532745361328125
  },
  "wallclock_s": 5.392237186431885,
  "config": {
    "model": "Qwen/Qwen2.5-0.5B",
    "dtype": "bfloat16",
    "n_prompts": 100,
    "max_len": 512,
    "weight_bits": 28,
    "activation_bits": 28,
    "true_int_matmul": false,
    "dataset": "Salesforce/wikitext",
    "dataset_config": "wikitext-103-raw-v1",
    "dataset_split": "train",
    "temperature": 1.0,
    "seed": 42,
    "device": "auto",
    "out": "experiments/baseline-int-cast/data/qwen25_0p5b_int28.json",
    "include_lm_head": true,
    "skip_substrings": []
  },
  "replaced_module_count": 169
}