{
  "n_positions": 15348,
  "n_prompts": 100,
  "all": {
    "top1_match": 0.9849492311477661,
    "top5_overlap": 0.9831770658493042,
    "logit_l2": 22.37002944946289,
    "kl_ref_cand": 0.00105960201472044,
    "gumbel_margin": 0.0011192017700523138,
    "logit_l2_p50": 18.110286712646484,
    "logit_l2_p99": 74.04429626464844,
    "logit_l2_max": 1570.74365234375,
    "kl_ref_cand_p50": 0.0006666772533208132,
    "kl_ref_cand_p99": 0.006723376456648111,
    "kl_ref_cand_max": 0.0732521042227745,
    "gumbel_margin_p50": 0.0,
    "gumbel_margin_p99": 0.03773287683725357,
    "gumbel_margin_max": 0.7018089294433594
  },
  "last": {
    "top1_match": 0.9699999690055847,
    "top5_overlap": 0.9879999160766602,
    "logit_l2": 16.688383102416992,
    "kl_ref_cand": 0.0011271856492385268,
    "gumbel_margin": 0.00014360428031068295,
    "logit_l2_p50": 15.536195755004883,
    "logit_l2_p99": 35.90732192993164,
    "logit_l2_max": 37.32514572143555,
    "kl_ref_cand_p50": 0.0011040382087230682,
    "kl_ref_cand_p99": 0.0027962096501141787,
    "kl_ref_cand_max": 0.004125749692320824,
    "gumbel_margin_p50": 0.0,
    "gumbel_margin_p99": 0.00014363495574798435,
    "gumbel_margin_max": 0.014360427856445312
  },
  "wallclock_s": 12.873831987380981,
  "config": {
    "model": "Qwen/Qwen3-8B",
    "dtype": "bfloat16",
    "n_prompts": 100,
    "max_len": 512,
    "weight_bits": 22,
    "activation_bits": 22,
    "true_int_matmul": false,
    "quant_scheme": "symmetric",
    "group_size": 128,
    "matmul_dtype": "bf16",
    "no_quant": false,
    "dataset": "Salesforce/wikitext",
    "dataset_config": "wikitext-103-raw-v1",
    "dataset_split": "train",
    "temperature": 1.0,
    "seed": 42,
    "device": "auto",
    "out": "experiments/baseline-int-cast/data/qwen3_8b_b22_mmbf16_flin.json",
    "include_lm_head": true,
    "skip_substrings": []
  },
  "replaced_module_count": 253
}