{
  "n_positions": 15348,
  "n_prompts": 100,
  "all": {
    "top1_match": 0.9854053258895874,
    "top5_overlap": 0.9831639528274536,
    "logit_l2": 22.057294845581055,
    "kl_ref_cand": 0.001036637695506215,
    "gumbel_margin": 0.0010793509427458048,
    "logit_l2_p50": 17.915491104125977,
    "logit_l2_p99": 75.2824935913086,
    "logit_l2_max": 1580.5634765625,
    "kl_ref_cand_p50": 0.0006433487869799137,
    "kl_ref_cand_p99": 0.0067898244597017765,
    "kl_ref_cand_max": 0.10569554567337036,
    "gumbel_margin_p50": 0.0,
    "gumbel_margin_p99": 0.039659179747104645,
    "gumbel_margin_max": 0.2892189025878906
  },
  "last": {
    "top1_match": 0.9699999690055847,
    "top5_overlap": 0.9899999499320984,
    "logit_l2": 15.77898120880127,
    "kl_ref_cand": 0.0011474265484139323,
    "gumbel_margin": 0.0011420630617067218,
    "logit_l2_p50": 14.274084091186523,
    "logit_l2_p99": 27.856773376464844,
    "logit_l2_max": 32.44363021850586,
    "kl_ref_cand_p50": 0.0012017786502838135,
    "kl_ref_cand_p99": 0.0028113066218793392,
    "kl_ref_cand_max": 0.0031485678628087044,
    "gumbel_margin_p50": 0.0,
    "gumbel_margin_p99": 0.015215464867651463,
    "gumbel_margin_max": 0.09984588623046875
  },
  "wallclock_s": 12.824522495269775,
  "config": {
    "model": "Qwen/Qwen3-8B",
    "dtype": "bfloat16",
    "n_prompts": 100,
    "max_len": 512,
    "weight_bits": 20,
    "activation_bits": 28,
    "true_int_matmul": false,
    "quant_scheme": "symmetric",
    "group_size": 128,
    "matmul_dtype": "bf16",
    "no_quant": false,
    "dataset": "Salesforce/wikitext",
    "dataset_config": "wikitext-103-raw-v1",
    "dataset_split": "train",
    "temperature": 1.0,
    "seed": 42,
    "device": "auto",
    "out": "experiments/baseline-int-cast/data/qwen3_8b_w20_a28.json",
    "include_lm_head": true,
    "skip_substrings": []
  },
  "replaced_module_count": 253
}