{
  "n_positions": 15348,
  "n_prompts": 100,
  "all": {
    "top1_match": 0.9990227222442627,
    "top5_overlap": 0.9991139769554138,
    "logit_l2": 0.7464002370834351,
    "kl_ref_cand": 3.655852560768835e-05,
    "gumbel_margin": 2.115121424139943e-05,
    "logit_l2_p50": 0.0,
    "logit_l2_p99": 12.268892288208008,
    "logit_l2_max": 38.81392288208008,
    "kl_ref_cand_p50": 0.0,
    "kl_ref_cand_p99": 0.0011457852087914944,
    "kl_ref_cand_max": 0.005639587063342333,
    "gumbel_margin_p50": 0.0,
    "gumbel_margin_p99": 0.0,
    "gumbel_margin_max": 0.11409187316894531
  },
  "last": {
    "top1_match": 0.9899999499320984,
    "top5_overlap": 0.9980000257492065,
    "logit_l2": 1.0475780963897705,
    "kl_ref_cand": 5.689141835318878e-05,
    "gumbel_margin": 0.0,
    "logit_l2_p50": 0.0,
    "logit_l2_p99": 15.215967178344727,
    "logit_l2_max": 26.55375862121582,
    "kl_ref_cand_p50": 0.0,
    "kl_ref_cand_p99": 0.0017104590078815818,
    "kl_ref_cand_max": 0.001835910603404045,
    "gumbel_margin_p50": 0.0,
    "gumbel_margin_p99": 0.0,
    "gumbel_margin_max": 0.0
  },
  "wallclock_s": 5.264362335205078,
  "config": {
    "model": "Qwen/Qwen2.5-0.5B",
    "dtype": "bfloat16",
    "n_prompts": 100,
    "max_len": 512,
    "weight_bits": 30,
    "activation_bits": 30,
    "true_int_matmul": false,
    "quant_scheme": "symmetric",
    "group_size": 128,
    "matmul_dtype": "bf16",
    "no_quant": false,
    "dataset": "Salesforce/wikitext",
    "dataset_config": "wikitext-103-raw-v1",
    "dataset_split": "train",
    "temperature": 1.0,
    "seed": 42,
    "device": "auto",
    "out": "experiments/baseline-int-cast/data/qwen25_0p5b_b30_mmbf16_flin.json",
    "include_lm_head": true,
    "skip_substrings": []
  },
  "replaced_module_count": 169
}