{
  "n_positions": 15348,
  "n_prompts": 100,
  "all": {
    "top1_match": 0.9791504144668579,
    "top5_overlap": 0.9782252907752991,
    "logit_l2": 20.285629272460938,
    "kl_ref_cand": 0.0011639953590929508,
    "gumbel_margin": 0.0011387057602405548,
    "logit_l2_p50": 18.675334930419922,
    "logit_l2_p99": 41.955055236816406,
    "logit_l2_max": 185.4304962158203,
    "kl_ref_cand_p50": 0.0009158415487036109,
    "kl_ref_cand_p99": 0.0052295224741101265,
    "kl_ref_cand_max": 0.0804404616355896,
    "gumbel_margin_p50": 0.0,
    "gumbel_margin_p99": 0.045285746455192566,
    "gumbel_margin_max": 0.34464073181152344
  },
  "last": {
    "top1_match": 0.9699999690055847,
    "top5_overlap": 0.9779999852180481,
    "logit_l2": 19.21269989013672,
    "kl_ref_cand": 0.001000535674393177,
    "gumbel_margin": 0.0,
    "logit_l2_p50": 18.14392852783203,
    "logit_l2_p99": 34.0744743347168,
    "logit_l2_max": 41.12663650512695,
    "kl_ref_cand_p50": 0.0008077860111370683,
    "kl_ref_cand_p99": 0.0034498260356485844,
    "kl_ref_cand_max": 0.0034902524203062057,
    "gumbel_margin_p50": 0.0,
    "gumbel_margin_p99": 0.0,
    "gumbel_margin_max": 0.0
  },
  "wallclock_s": 5.251136541366577,
  "config": {
    "model": "Qwen/Qwen2.5-0.5B",
    "dtype": "bfloat16",
    "n_prompts": 100,
    "max_len": 512,
    "weight_bits": 16,
    "activation_bits": 16,
    "true_int_matmul": false,
    "quant_scheme": "symmetric",
    "group_size": 128,
    "matmul_dtype": "bf16",
    "no_quant": false,
    "dataset": "Salesforce/wikitext",
    "dataset_config": "wikitext-103-raw-v1",
    "dataset_split": "train",
    "temperature": 1.0,
    "seed": 42,
    "device": "auto",
    "out": "experiments/baseline-int-cast/data/qwen25_0p5b_b16_mmbf16.json",
    "include_lm_head": true,
    "skip_substrings": []
  },
  "replaced_module_count": 169
}