{
  "n_positions": 15348,
  "n_prompts": 100,
  "all": {
    "top1_match": 0.9779776334762573,
    "top5_overlap": 0.9777952432632446,
    "logit_l2": 20.49742317199707,
    "kl_ref_cand": 0.0011795958271250129,
    "gumbel_margin": 0.001295627560466528,
    "logit_l2_p50": 18.860401153564453,
    "logit_l2_p99": 44.07151794433594,
    "logit_l2_max": 186.84866333007812,
    "kl_ref_cand_p50": 0.0009282512473873794,
    "kl_ref_cand_p99": 0.005507555790245533,
    "kl_ref_cand_max": 0.08008220791816711,
    "gumbel_margin_p50": 0.0,
    "gumbel_margin_p99": 0.04967208579182625,
    "gumbel_margin_max": 0.3612499237060547
  },
  "last": {
    "top1_match": 0.9899999499320984,
    "top5_overlap": 0.981999933719635,
    "logit_l2": 19.72865867614746,
    "kl_ref_cand": 0.0009755169157870114,
    "gumbel_margin": 0.002410306828096509,
    "logit_l2_p50": 18.45319366455078,
    "logit_l2_p99": 33.517330169677734,
    "logit_l2_max": 38.90739440917969,
    "kl_ref_cand_p50": 0.0007949946448206902,
    "kl_ref_cand_p99": 0.002525756601244211,
    "kl_ref_cand_max": 0.003241918981075287,
    "gumbel_margin_p50": 0.0,
    "gumbel_margin_p99": 0.08439648151397705,
    "gumbel_margin_max": 0.10998916625976562
  },
  "wallclock_s": 6.411850690841675,
  "config": {
    "model": "Qwen/Qwen2.5-0.5B",
    "dtype": "bfloat16",
    "n_prompts": 100,
    "max_len": 512,
    "weight_bits": 30,
    "activation_bits": 30,
    "true_int_matmul": false,
    "quant_scheme": "asymmetric",
    "group_size": 128,
    "dataset": "Salesforce/wikitext",
    "dataset_config": "wikitext-103-raw-v1",
    "dataset_split": "train",
    "temperature": 1.0,
    "seed": 42,
    "device": "auto",
    "out": "experiments/baseline-int-cast/data/qwen25_0p5b_asymmetric_b30.json",
    "include_lm_head": true,
    "skip_substrings": []
  },
  "replaced_module_count": 169
}