{
  "n_positions": 15348,
  "n_prompts": 100,
  "all": {
    "top1_match": 0.9844931364059448,
    "top5_overlap": 0.9827860593795776,
    "logit_l2": 22.144750595092773,
    "kl_ref_cand": 0.0010798717848956585,
    "gumbel_margin": 0.001074755797162652,
    "logit_l2_p50": 18.06884002685547,
    "logit_l2_p99": 72.94622802734375,
    "logit_l2_max": 1353.9005126953125,
    "kl_ref_cand_p50": 0.0006748006562702358,
    "kl_ref_cand_p99": 0.006983647122979164,
    "kl_ref_cand_max": 0.1628390997648239,
    "gumbel_margin_p50": 0.0,
    "gumbel_margin_p99": 0.034667763859033585,
    "gumbel_margin_max": 0.7018089294433594
  },
  "last": {
    "top1_match": 0.9799999594688416,
    "top5_overlap": 0.9899999499320984,
    "logit_l2": 15.86455249786377,
    "kl_ref_cand": 0.0010840920731425285,
    "gumbel_margin": 0.00014360428031068295,
    "logit_l2_p50": 14.61097526550293,
    "logit_l2_p99": 25.947301864624023,
    "logit_l2_max": 26.24674415588379,
    "kl_ref_cand_p50": 0.0011805155081674457,
    "kl_ref_cand_p99": 0.0023458825889974833,
    "kl_ref_cand_max": 0.0025665864814072847,
    "gumbel_margin_p50": 0.0,
    "gumbel_margin_p99": 0.00014363495574798435,
    "gumbel_margin_max": 0.014360427856445312
  },
  "wallclock_s": 11.696949481964111,
  "config": {
    "model": "Qwen/Qwen3-8B",
    "dtype": "bfloat16",
    "n_prompts": 100,
    "max_len": 512,
    "weight_bits": 16,
    "activation_bits": 0,
    "true_int_matmul": false,
    "quant_scheme": "per_group_sym",
    "group_size": 32,
    "matmul_dtype": "bf16",
    "no_quant": false,
    "dataset": "Salesforce/wikitext",
    "dataset_config": "wikitext-103-raw-v1",
    "dataset_split": "train",
    "temperature": 1.0,
    "seed": 42,
    "device": "auto",
    "out": "experiments/baseline-int-cast/data/qwen3_8b_w16_aoff_grp32.json",
    "include_lm_head": true,
    "skip_substrings": []
  },
  "replaced_module_count": 253
}