{
  "n_positions": 15348,
  "n_prompts": 100,
  "all": {
    "top1_match": 0.9842976927757263,
    "top5_overlap": 0.9832813143730164,
    "logit_l2": 21.9807071685791,
    "kl_ref_cand": 0.0010563848773017526,
    "gumbel_margin": 0.0010571741731837392,
    "logit_l2_p50": 17.81365966796875,
    "logit_l2_p99": 72.86212921142578,
    "logit_l2_max": 1342.066650390625,
    "kl_ref_cand_p50": 0.000644040061160922,
    "kl_ref_cand_p99": 0.006757755763828754,
    "kl_ref_cand_max": 0.08394277095794678,
    "gumbel_margin_p50": 0.0,
    "gumbel_margin_p99": 0.038463007658720016,
    "gumbel_margin_max": 0.2724323272705078
  },
  "last": {
    "top1_match": 0.9899999499320984,
    "top5_overlap": 0.9859999418258667,
    "logit_l2": 15.92655086517334,
    "kl_ref_cand": 0.0011666648788377643,
    "gumbel_margin": 0.00014360428031068295,
    "logit_l2_p50": 14.821256637573242,
    "logit_l2_p99": 27.13623046875,
    "logit_l2_max": 27.203046798706055,
    "kl_ref_cand_p50": 0.0011358805932104588,
    "kl_ref_cand_p99": 0.003655601292848587,
    "kl_ref_cand_max": 0.00395163893699646,
    "gumbel_margin_p50": 0.0,
    "gumbel_margin_p99": 0.00014363495574798435,
    "gumbel_margin_max": 0.014360427856445312
  },
  "wallclock_s": 16.335382223129272,
  "config": {
    "model": "Qwen/Qwen3-8B",
    "dtype": "bfloat16",
    "n_prompts": 100,
    "max_len": 512,
    "weight_bits": 24,
    "activation_bits": 24,
    "true_int_matmul": false,
    "quant_scheme": "asymmetric",
    "group_size": 128,
    "matmul_dtype": "bf16",
    "no_quant": false,
    "dataset": "Salesforce/wikitext",
    "dataset_config": "wikitext-103-raw-v1",
    "dataset_split": "train",
    "temperature": 1.0,
    "seed": 42,
    "device": "auto",
    "out": "experiments/baseline-int-cast/data/qwen3_8b_b24_asym.json",
    "include_lm_head": true,
    "skip_substrings": []
  },
  "replaced_module_count": 253
}