{
  "n_positions": 15348,
  "n_prompts": 100,
  "all": {
    "top1_match": 0.9793459177017212,
    "top5_overlap": 0.9797890186309814,
    "logit_l2": 19.13230323791504,
    "kl_ref_cand": 0.0010517631890252233,
    "gumbel_margin": 0.0009842825820669532,
    "logit_l2_p50": 17.750896453857422,
    "logit_l2_p99": 38.959354400634766,
    "logit_l2_max": 121.3487319946289,
    "kl_ref_cand_p50": 0.0008528450853191316,
    "kl_ref_cand_p99": 0.004519827198237181,
    "kl_ref_cand_max": 0.02052239142358303,
    "gumbel_margin_p50": 0.0,
    "gumbel_margin_p99": 0.03701639175415039,
    "gumbel_margin_max": 0.27562713623046875
  },
  "last": {
    "top1_match": 0.9799999594688416,
    "top5_overlap": 0.9860000610351562,
    "logit_l2": 18.361501693725586,
    "kl_ref_cand": 0.0009431728394702077,
    "gumbel_margin": 0.00046903608017601073,
    "logit_l2_p50": 16.745113372802734,
    "logit_l2_p99": 42.23289489746094,
    "logit_l2_max": 46.411312103271484,
    "kl_ref_cand_p50": 0.0007913019508123398,
    "kl_ref_cand_p99": 0.002239314839243889,
    "kl_ref_cand_max": 0.0024062655866146088,
    "gumbel_margin_p50": 0.0,
    "gumbel_margin_p99": 0.00046913628466427326,
    "gumbel_margin_max": 0.04690361022949219
  },
  "wallclock_s": 5.27088475227356,
  "config": {
    "model": "Qwen/Qwen2.5-0.5B",
    "dtype": "bfloat16",
    "n_prompts": 100,
    "max_len": 512,
    "weight_bits": 18,
    "activation_bits": 18,
    "true_int_matmul": false,
    "quant_scheme": "symmetric",
    "group_size": 128,
    "matmul_dtype": "bf16",
    "no_quant": false,
    "dataset": "Salesforce/wikitext",
    "dataset_config": "wikitext-103-raw-v1",
    "dataset_split": "train",
    "temperature": 1.0,
    "seed": 42,
    "device": "auto",
    "out": "experiments/baseline-int-cast/data/qwen25_0p5b_b18_mmbf16_flin.json",
    "include_lm_head": true,
    "skip_substrings": []
  },
  "replaced_module_count": 169
}