{
  "n_positions": 15348,
  "n_prompts": 100,
  "all": {
    "top1_match": 0.9989575743675232,
    "top5_overlap": 0.9989185333251953,
    "logit_l2": 1.2845464944839478,
    "kl_ref_cand": 6.373270298354328e-05,
    "gumbel_margin": 4.106118649360724e-05,
    "logit_l2_p50": 0.0,
    "logit_l2_p99": 23.53565788269043,
    "logit_l2_max": 64.1507339477539,
    "kl_ref_cand_p50": 0.0,
    "kl_ref_cand_p99": 0.0018312681932002306,
    "kl_ref_cand_max": 0.007497990969568491,
    "gumbel_margin_p50": 0.0,
    "gumbel_margin_p99": 0.0,
    "gumbel_margin_max": 0.11793708801269531
  },
  "last": {
    "top1_match": 1.0,
    "top5_overlap": 0.9980000257492065,
    "logit_l2": 1.071021318435669,
    "kl_ref_cand": 9.587484237272292e-05,
    "gumbel_margin": 0.0011490058386698365,
    "logit_l2_p50": 0.0,
    "logit_l2_p99": 15.348223686218262,
    "logit_l2_max": 19.260522842407227,
    "kl_ref_cand_p50": 0.0,
    "kl_ref_cand_p99": 0.0018035294488072395,
    "kl_ref_cand_max": 0.0019630941096693277,
    "gumbel_margin_p50": 0.0,
    "gumbel_margin_p99": 0.0011492513585835695,
    "gumbel_margin_max": 0.11490058898925781
  },
  "wallclock_s": 11.61704969406128,
  "config": {
    "model": "Qwen/Qwen3-8B",
    "dtype": "bfloat16",
    "n_prompts": 100,
    "max_len": 512,
    "weight_bits": 28,
    "activation_bits": 0,
    "true_int_matmul": false,
    "quant_scheme": "symmetric",
    "group_size": 128,
    "matmul_dtype": "bf16",
    "no_quant": false,
    "dataset": "Salesforce/wikitext",
    "dataset_config": "wikitext-103-raw-v1",
    "dataset_split": "train",
    "temperature": 1.0,
    "seed": 42,
    "device": "auto",
    "out": "experiments/baseline-int-cast/data/qwen3_8b_w28_aoff.json",
    "include_lm_head": true,
    "skip_substrings": []
  },
  "replaced_module_count": 253
}