{
  "n_positions": 15348,
  "n_prompts": 100,
  "all": {
    "top1_match": 0.9846886396408081,
    "top5_overlap": 0.9832291007041931,
    "logit_l2": 22.263195037841797,
    "kl_ref_cand": 0.0010963815730065107,
    "gumbel_margin": 0.0010348393116146326,
    "logit_l2_p50": 18.003768920898438,
    "logit_l2_p99": 74.44287872314453,
    "logit_l2_max": 1115.0360107421875,
    "kl_ref_cand_p50": 0.0006647539557889104,
    "kl_ref_cand_p99": 0.0067461756989359856,
    "kl_ref_cand_max": 0.5602501630783081,
    "gumbel_margin_p50": 0.0,
    "gumbel_margin_p99": 0.03897497430443764,
    "gumbel_margin_max": 0.3180217742919922
  },
  "last": {
    "top1_match": 1.0,
    "top5_overlap": 0.9899999499320984,
    "logit_l2": 16.15784454345703,
    "kl_ref_cand": 0.001155709265731275,
    "gumbel_margin": 0.0022910689003765583,
    "logit_l2_p50": 15.215150833129883,
    "logit_l2_p99": 27.99907875061035,
    "logit_l2_max": 32.730716705322266,
    "kl_ref_cand_p50": 0.0011708559468388557,
    "kl_ref_cand_p99": 0.00284273037686944,
    "kl_ref_cand_max": 0.00480005145072937,
    "gumbel_margin_p50": 0.0,
    "gumbel_margin_p99": 0.09999646246433258,
    "gumbel_margin_max": 0.11490058898925781
  },
  "wallclock_s": 12.735574007034302,
  "config": {
    "model": "Qwen/Qwen3-8B",
    "dtype": "bfloat16",
    "n_prompts": 100,
    "max_len": 512,
    "weight_bits": 30,
    "activation_bits": 19,
    "true_int_matmul": false,
    "quant_scheme": "symmetric",
    "group_size": 128,
    "matmul_dtype": "bf16",
    "no_quant": false,
    "dataset": "Salesforce/wikitext",
    "dataset_config": "wikitext-103-raw-v1",
    "dataset_split": "train",
    "temperature": 1.0,
    "seed": 42,
    "device": "auto",
    "out": "experiments/baseline-int-cast/data/qwen3_8b_w30_a19.json",
    "include_lm_head": true,
    "skip_substrings": []
  },
  "replaced_module_count": 253
}