{
  "n_positions": 15348,
  "n_prompts": 100,
  "all": {
    "top1_match": 0.9848189353942871,
    "top5_overlap": 0.982877254486084,
    "logit_l2": 22.681472778320312,
    "kl_ref_cand": 0.0011130227940157056,
    "gumbel_margin": 0.00094568234635517,
    "logit_l2_p50": 18.444377899169922,
    "logit_l2_p99": 75.57801055908203,
    "logit_l2_max": 1473.486572265625,
    "kl_ref_cand_p50": 0.0006938926526345313,
    "kl_ref_cand_p99": 0.0072594392113387585,
    "kl_ref_cand_max": 0.1564091295003891,
    "gumbel_margin_p50": 0.0,
    "gumbel_margin_p99": 0.03142298758029938,
    "gumbel_margin_max": 0.27072715759277344
  },
  "last": {
    "top1_match": 0.9699999690055847,
    "top5_overlap": 0.9859999418258667,
    "logit_l2": 15.978425025939941,
    "kl_ref_cand": 0.001135900616645813,
    "gumbel_margin": 0.0011490058386698365,
    "logit_l2_p50": 15.171622276306152,
    "logit_l2_p99": 29.354965209960938,
    "logit_l2_max": 35.48698806762695,
    "kl_ref_cand_p50": 0.0011666736099869013,
    "kl_ref_cand_p99": 0.0021483348682522774,
    "kl_ref_cand_max": 0.0022810203954577446,
    "gumbel_margin_p50": 0.0,
    "gumbel_margin_p99": 0.0011492513585835695,
    "gumbel_margin_max": 0.11490058898925781
  },
  "wallclock_s": 16.914263486862183,
  "config": {
    "model": "Qwen/Qwen3-8B",
    "dtype": "bfloat16",
    "n_prompts": 100,
    "max_len": 512,
    "weight_bits": 16,
    "activation_bits": 16,
    "true_int_matmul": false,
    "dataset": "Salesforce/wikitext",
    "dataset_config": "wikitext-103-raw-v1",
    "dataset_split": "train",
    "temperature": 1.0,
    "seed": 42,
    "device": "cuda",
    "out": "experiments/baseline-int-cast/data/qwen3_8b_dual.json",
    "include_lm_head": true,
    "skip_substrings": []
  },
  "replaced_module_count": 253
}