{
  "n_positions": 15348,
  "n_prompts": 100,
  "all": {
    "top1_match": 0.9848840832710266,
    "top5_overlap": 0.9845061898231506,
    "logit_l2": 19.734628677368164,
    "kl_ref_cand": 0.000944145314861089,
    "gumbel_margin": 0.0008310136036016047,
    "logit_l2_p50": 16.559659957885742,
    "logit_l2_p99": 62.72283935546875,
    "logit_l2_max": 657.6746215820312,
    "kl_ref_cand_p50": 0.0005478324601426721,
    "kl_ref_cand_p99": 0.006018355023115873,
    "kl_ref_cand_max": 0.16285192966461182,
    "gumbel_margin_p50": 0.0,
    "gumbel_margin_p99": 0.022129835560917854,
    "gumbel_margin_max": 0.24581527709960938
  },
  "last": {
    "top1_match": 0.9899999499320984,
    "top5_overlap": 0.9899999499320984,
    "logit_l2": 15.36678695678711,
    "kl_ref_cand": 0.0011081441771239042,
    "gumbel_margin": 0.00019161224190611392,
    "logit_l2_p50": 14.310476303100586,
    "logit_l2_p99": 31.932029724121094,
    "logit_l2_max": 32.059364318847656,
    "kl_ref_cand_p50": 0.0011298500467091799,
    "kl_ref_cand_p99": 0.002207860117778182,
    "kl_ref_cand_max": 0.0037586959078907967,
    "gumbel_margin_p50": 0.0,
    "gumbel_margin_p99": 0.004896413069218397,
    "gumbel_margin_max": 0.014360427856445312
  },
  "wallclock_s": 12.89742136001587,
  "config": {
    "model": "Qwen/Qwen3-8B",
    "dtype": "bfloat16",
    "n_prompts": 100,
    "max_len": 512,
    "weight_bits": 24,
    "activation_bits": 24,
    "true_int_matmul": false,
    "quant_scheme": "per_group_sym",
    "group_size": 4,
    "matmul_dtype": "bf16",
    "no_quant": false,
    "dataset": "Salesforce/wikitext",
    "dataset_config": "wikitext-103-raw-v1",
    "dataset_split": "train",
    "temperature": 1.0,
    "seed": 42,
    "device": "auto",
    "out": "experiments/baseline-int-cast/data/qwen3_8b_b24_grp4_both.json",
    "include_lm_head": true,
    "skip_substrings": [],
    "smoothquant_alpha": null,
    "smoothquant_n_calib": 16,
    "act_clip_quantile": null
  },
  "replaced_module_count": 253
}