{
  "n_positions": 5332,
  "n_prompts": 30,
  "all": {
    "top1_match": 0.9756188988685608,
    "top5_overlap": 0.9773819446563721,
    "logit_l2": 21.500198364257812,
    "kl_ref_cand": 0.0012814776273444295,
    "gumbel_margin": 0.0011081682750955224,
    "logit_l2_p50": 19.660436630249023,
    "logit_l2_p99": 44.596275329589844,
    "logit_l2_max": 248.52117919921875,
    "kl_ref_cand_p50": 0.0010210576001554728,
    "kl_ref_cand_p99": 0.005732668098062277,
    "kl_ref_cand_max": 0.07504282146692276,
    "gumbel_margin_p50": 0.0,
    "gumbel_margin_p99": 0.04108194261789322,
    "gumbel_margin_max": 0.3147850036621094
  },
  "last": {
    "top1_match": 0.9666666984558105,
    "top5_overlap": 0.986666738986969,
    "logit_l2": 21.4121150970459,
    "kl_ref_cand": 0.0012929586227983236,
    "gumbel_margin": 0.00040454865666106343,
    "logit_l2_p50": 20.976951599121094,
    "logit_l2_p99": 34.76495361328125,
    "logit_l2_max": 36.83949661254883,
    "kl_ref_cand_p50": 0.0011431020684540272,
    "kl_ref_cand_p99": 0.0033746352419257164,
    "kl_ref_cand_max": 0.003654561936855316,
    "gumbel_margin_p50": 0.0,
    "gumbel_margin_p99": 0.008616898208856583,
    "gumbel_margin_max": 0.012136459350585938
  },
  "wallclock_s": 1.5879182815551758,
  "config": {
    "model": "Qwen/Qwen2.5-0.5B",
    "dtype": "bfloat16",
    "n_prompts": 30,
    "max_len": 256,
    "weight_bits": 24,
    "activation_bits": 24,
    "true_int_matmul": false,
    "quant_scheme": "symmetric",
    "group_size": 128,
    "matmul_dtype": "bf16",
    "no_quant": false,
    "dataset": "Salesforce/wikitext",
    "dataset_config": "wikitext-103-raw-v1",
    "dataset_split": "train",
    "temperature": 1.0,
    "seed": 42,
    "device": "auto",
    "out": "experiments/baseline-int-cast/data/qwen25_0p5b_b24_sq_a05_smoke.json",
    "include_lm_head": true,
    "skip_substrings": [],
    "smoothquant_alpha": 0.5,
    "smoothquant_n_calib": 16,
    "act_clip_quantile": null
  },
  "replaced_module_count": 169
}