{
  "n_positions": 15348,
  "n_prompts": 100,
  "all": {
    "top1_match": 0.9846886396408081,
    "top5_overlap": 0.9829555153846741,
    "logit_l2": 22.402259826660156,
    "kl_ref_cand": 0.0011060083052143455,
    "gumbel_margin": 0.0009519451996311545,
    "logit_l2_p50": 18.194210052490234,
    "logit_l2_p99": 76.67144775390625,
    "logit_l2_max": 701.159912109375,
    "kl_ref_cand_p50": 0.0006856173858977854,
    "kl_ref_cand_p99": 0.006846812088042498,
    "kl_ref_cand_max": 0.4395483434200287,
    "gumbel_margin_p50": 0.0,
    "gumbel_margin_p99": 0.030585940927267075,
    "gumbel_margin_max": 0.7018089294433594
  },
  "last": {
    "top1_match": 0.9599999785423279,
    "top5_overlap": 0.9860000610351562,
    "logit_l2": 15.985390663146973,
    "kl_ref_cand": 0.001163323293440044,
    "gumbel_margin": 0.00014360428031068295,
    "logit_l2_p50": 14.625307083129883,
    "logit_l2_p99": 30.825824737548828,
    "logit_l2_max": 32.67384338378906,
    "kl_ref_cand_p50": 0.001130590564571321,
    "kl_ref_cand_p99": 0.0029100137762725353,
    "kl_ref_cand_max": 0.004027830436825752,
    "gumbel_margin_p50": 0.0,
    "gumbel_margin_p99": 0.00014363495574798435,
    "gumbel_margin_max": 0.014360427856445312
  },
  "wallclock_s": 12.741190195083618,
  "config": {
    "model": "Qwen/Qwen3-8B",
    "dtype": "bfloat16",
    "n_prompts": 100,
    "max_len": 512,
    "weight_bits": 27,
    "activation_bits": 22,
    "true_int_matmul": false,
    "quant_scheme": "symmetric",
    "group_size": 128,
    "matmul_dtype": "bf16",
    "no_quant": false,
    "dataset": "Salesforce/wikitext",
    "dataset_config": "wikitext-103-raw-v1",
    "dataset_split": "train",
    "temperature": 1.0,
    "seed": 42,
    "device": "auto",
    "out": "experiments/baseline-int-cast/data/qwen3_8b_w27_a22.json",
    "include_lm_head": true,
    "skip_substrings": []
  },
  "replaced_module_count": 253
}