{
  "n_positions": 15348,
  "n_prompts": 100,
  "all": {
    "top1_match": 0.9860568642616272,
    "top5_overlap": 0.9834116101264954,
    "logit_l2": 22.251768112182617,
    "kl_ref_cand": 0.0010685999877750874,
    "gumbel_margin": 0.0010495722526684403,
    "logit_l2_p50": 18.170387268066406,
    "logit_l2_p99": 74.98822784423828,
    "logit_l2_max": 640.0701904296875,
    "kl_ref_cand_p50": 0.0006858736160211265,
    "kl_ref_cand_p99": 0.007009208668023348,
    "kl_ref_cand_max": 0.06520454585552216,
    "gumbel_margin_p50": 0.0,
    "gumbel_margin_p99": 0.031533583998680115,
    "gumbel_margin_max": 0.7018089294433594
  },
  "last": {
    "top1_match": 1.0,
    "top5_overlap": 0.9860000610351562,
    "logit_l2": 16.68804359436035,
    "kl_ref_cand": 0.001114335493184626,
    "gumbel_margin": 0.0011490058386698365,
    "logit_l2_p50": 15.663164138793945,
    "logit_l2_p99": 28.54290771484375,
    "logit_l2_max": 34.22128677368164,
    "kl_ref_cand_p50": 0.001070688245818019,
    "kl_ref_cand_p99": 0.0023481023963540792,
    "kl_ref_cand_max": 0.0025673918426036835,
    "gumbel_margin_p50": 0.0,
    "gumbel_margin_p99": 0.0011492513585835695,
    "gumbel_margin_max": 0.11490058898925781
  },
  "wallclock_s": 12.628599405288696,
  "config": {
    "model": "Qwen/Qwen3-8B",
    "dtype": "bfloat16",
    "n_prompts": 100,
    "max_len": 512,
    "weight_bits": 20,
    "activation_bits": 20,
    "true_int_matmul": false,
    "quant_scheme": "per_group_sym",
    "group_size": 16,
    "matmul_dtype": "bf16",
    "no_quant": false,
    "dataset": "Salesforce/wikitext",
    "dataset_config": "wikitext-103-raw-v1",
    "dataset_split": "train",
    "temperature": 1.0,
    "seed": 42,
    "device": "auto",
    "out": "experiments/baseline-int-cast/data/qwen3_8b_b20_grp16_both.json",
    "include_lm_head": true,
    "skip_substrings": [],
    "smoothquant_alpha": null,
    "smoothquant_n_calib": 16,
    "act_clip_quantile": null
  },
  "replaced_module_count": 253
}