{
  "n_positions": 15348,
  "n_prompts": 100,
  "all": {
    "top1_match": 0.9856659173965454,
    "top5_overlap": 0.9829555153846741,
    "logit_l2": 22.5731201171875,
    "kl_ref_cand": 0.0010874352883547544,
    "gumbel_margin": 0.0011743847280740738,
    "logit_l2_p50": 18.2034912109375,
    "logit_l2_p99": 76.70600128173828,
    "logit_l2_max": 1538.8858642578125,
    "kl_ref_cand_p50": 0.0006849440978839993,
    "kl_ref_cand_p99": 0.006918528117239475,
    "kl_ref_cand_max": 0.3324055075645447,
    "gumbel_margin_p50": 0.0,
    "gumbel_margin_p99": 0.04601936414837837,
    "gumbel_margin_max": 0.31362342834472656
  },
  "last": {
    "top1_match": 0.949999988079071,
    "top5_overlap": 0.9880000352859497,
    "logit_l2": 16.164104461669922,
    "kl_ref_cand": 0.0013644194696098566,
    "gumbel_margin": 0.0011420630617067218,
    "logit_l2_p50": 14.880194664001465,
    "logit_l2_p99": 28.388080596923828,
    "logit_l2_max": 32.47488021850586,
    "kl_ref_cand_p50": 0.0014557319227606058,
    "kl_ref_cand_p99": 0.0038365591317415237,
    "kl_ref_cand_max": 0.005868812557309866,
    "gumbel_margin_p50": 0.0,
    "gumbel_margin_p99": 0.015215464867651463,
    "gumbel_margin_max": 0.09984588623046875
  },
  "wallclock_s": 12.870171546936035,
  "config": {
    "model": "Qwen/Qwen3-8B",
    "dtype": "bfloat16",
    "n_prompts": 100,
    "max_len": 512,
    "weight_bits": 30,
    "activation_bits": 18,
    "true_int_matmul": false,
    "quant_scheme": "symmetric",
    "group_size": 128,
    "matmul_dtype": "bf16",
    "no_quant": false,
    "dataset": "Salesforce/wikitext",
    "dataset_config": "wikitext-103-raw-v1",
    "dataset_split": "train",
    "temperature": 1.0,
    "seed": 42,
    "device": "auto",
    "out": "experiments/baseline-int-cast/data/qwen3_8b_w30_a18.json",
    "include_lm_head": true,
    "skip_substrings": []
  },
  "replaced_module_count": 253
}