{
  "n_positions": 15348,
  "n_prompts": 100,
  "all": {
    "top1_match": 0.9850143790245056,
    "top5_overlap": 0.9829815626144409,
    "logit_l2": 21.583362579345703,
    "kl_ref_cand": 0.001029470469802618,
    "gumbel_margin": 0.0009417281835339963,
    "logit_l2_p50": 17.647449493408203,
    "logit_l2_p99": 70.317626953125,
    "logit_l2_max": 1503.115478515625,
    "kl_ref_cand_p50": 0.0006497703725472093,
    "kl_ref_cand_p99": 0.00676019536331296,
    "kl_ref_cand_max": 0.06192928925156593,
    "gumbel_margin_p50": 0.0,
    "gumbel_margin_p99": 0.034467071294784546,
    "gumbel_margin_max": 0.26569366455078125
  },
  "last": {
    "top1_match": 0.9799999594688416,
    "top5_overlap": 0.9880000352859497,
    "logit_l2": 15.14915657043457,
    "kl_ref_cand": 0.0010473192669451237,
    "gumbel_margin": 0.0013406181242316961,
    "logit_l2_p50": 14.409339904785156,
    "logit_l2_p99": 28.57940673828125,
    "logit_l2_max": 32.71598434448242,
    "kl_ref_cand_p50": 0.0009548772941343486,
    "kl_ref_cand_p99": 0.002713864902034402,
    "kl_ref_cand_max": 0.003919512964785099,
    "gumbel_margin_p50": 0.0,
    "gumbel_margin_p99": 0.015366043895483017,
    "gumbel_margin_max": 0.11490058898925781
  },
  "wallclock_s": 12.911792755126953,
  "config": {
    "model": "Qwen/Qwen3-8B",
    "dtype": "bfloat16",
    "n_prompts": 100,
    "max_len": 512,
    "weight_bits": 24,
    "activation_bits": 24,
    "true_int_matmul": false,
    "quant_scheme": "per_group_sym",
    "group_size": 32,
    "matmul_dtype": "bf16",
    "no_quant": false,
    "dataset": "Salesforce/wikitext",
    "dataset_config": "wikitext-103-raw-v1",
    "dataset_split": "train",
    "temperature": 1.0,
    "seed": 42,
    "device": "auto",
    "out": "experiments/baseline-int-cast/data/qwen3_8b_b24_grp32_sym.json",
    "include_lm_head": true,
    "skip_substrings": []
  },
  "replaced_module_count": 253
}