{
  "n_positions": 15348,
  "n_prompts": 100,
  "all": {
    "top1_match": 0.9841673970222473,
    "top5_overlap": 0.9826427102088928,
    "logit_l2": 22.129337310791016,
    "kl_ref_cand": 0.0010731632355600595,
    "gumbel_margin": 0.0011413920437917113,
    "logit_l2_p50": 18.042587280273438,
    "logit_l2_p99": 74.72144317626953,
    "logit_l2_max": 1381.26123046875,
    "kl_ref_cand_p50": 0.0006673351163044572,
    "kl_ref_cand_p99": 0.006957863923162222,
    "kl_ref_cand_max": 0.09100418537855148,
    "gumbel_margin_p50": 0.0,
    "gumbel_margin_p99": 0.03897497430443764,
    "gumbel_margin_max": 0.7027626037597656
  },
  "last": {
    "top1_match": 0.9699999690055847,
    "top5_overlap": 0.9860000610351562,
    "logit_l2": 16.157230377197266,
    "kl_ref_cand": 0.0010863919742405415,
    "gumbel_margin": 0.0023900794330984354,
    "logit_l2_p50": 14.455759048461914,
    "logit_l2_p99": 32.27706527709961,
    "logit_l2_max": 37.17333984375,
    "kl_ref_cand_p50": 0.0010767425410449505,
    "kl_ref_cand_p99": 0.0023916801437735558,
    "kl_ref_cand_max": 0.003153642639517784,
    "gumbel_margin_p50": 0.0,
    "gumbel_margin_p99": 0.10979848355054855,
    "gumbel_margin_max": 0.11490058898925781
  },
  "wallclock_s": 11.641242504119873,
  "config": {
    "model": "Qwen/Qwen3-8B",
    "dtype": "bfloat16",
    "n_prompts": 100,
    "max_len": 512,
    "weight_bits": 20,
    "activation_bits": 0,
    "true_int_matmul": false,
    "quant_scheme": "per_group_sym",
    "group_size": 16,
    "matmul_dtype": "bf16",
    "no_quant": false,
    "dataset": "Salesforce/wikitext",
    "dataset_config": "wikitext-103-raw-v1",
    "dataset_split": "train",
    "temperature": 1.0,
    "seed": 42,
    "device": "auto",
    "out": "experiments/baseline-int-cast/data/qwen3_8b_w20_aoff_grp16.json",
    "include_lm_head": true,
    "skip_substrings": []
  },
  "replaced_module_count": 253
}