{
  "n_positions": 15348,
  "n_prompts": 100,
  "all": {
    "top1_match": 0.9854053258895874,
    "top5_overlap": 0.9827209711074829,
    "logit_l2": 22.17411994934082,
    "kl_ref_cand": 0.0010603994596749544,
    "gumbel_margin": 0.0010780981974676251,
    "logit_l2_p50": 18.02703285217285,
    "logit_l2_p99": 75.31951904296875,
    "logit_l2_max": 1519.2926025390625,
    "kl_ref_cand_p50": 0.0006611960707232356,
    "kl_ref_cand_p99": 0.007118869572877884,
    "kl_ref_cand_max": 0.09159432351589203,
    "gumbel_margin_p50": 0.0,
    "gumbel_margin_p99": 0.041357845067977905,
    "gumbel_margin_max": 0.25869178771972656
  },
  "last": {
    "top1_match": 0.9899999499320984,
    "top5_overlap": 0.981999933719635,
    "logit_l2": 15.745585441589355,
    "kl_ref_cand": 0.0010143514955416322,
    "gumbel_margin": 0.00014360428031068295,
    "logit_l2_p50": 15.243000984191895,
    "logit_l2_p99": 25.58333396911621,
    "logit_l2_max": 26.15498924255371,
    "kl_ref_cand_p50": 0.0010062397923320532,
    "kl_ref_cand_p99": 0.002423678059130907,
    "kl_ref_cand_max": 0.0026672245003283024,
    "gumbel_margin_p50": 0.0,
    "gumbel_margin_p99": 0.00014363495574798435,
    "gumbel_margin_max": 0.014360427856445312
  },
  "wallclock_s": 12.777816772460938,
  "config": {
    "model": "Qwen/Qwen3-8B",
    "dtype": "bfloat16",
    "n_prompts": 100,
    "max_len": 512,
    "weight_bits": 20,
    "activation_bits": 20,
    "true_int_matmul": false,
    "quant_scheme": "per_group_sym",
    "group_size": 8,
    "matmul_dtype": "bf16",
    "no_quant": false,
    "dataset": "Salesforce/wikitext",
    "dataset_config": "wikitext-103-raw-v1",
    "dataset_split": "train",
    "temperature": 1.0,
    "seed": 42,
    "device": "auto",
    "out": "experiments/baseline-int-cast/data/qwen3_8b_b20_grp8_both.json",
    "include_lm_head": true,
    "skip_substrings": [],
    "smoothquant_alpha": null,
    "smoothquant_n_calib": 16,
    "act_clip_quantile": null
  },
  "replaced_module_count": 253
}