{
  "n_positions": 15348,
  "n_prompts": 100,
  "all": {
    "top1_match": 0.9952437281608582,
    "top5_overlap": 0.9934324026107788,
    "logit_l2": 7.311910152435303,
    "kl_ref_cand": 0.00036041761632077396,
    "gumbel_margin": 0.0003217548655811697,
    "logit_l2_p50": 0.0,
    "logit_l2_p99": 43.36286544799805,
    "logit_l2_max": 179.78411865234375,
    "kl_ref_cand_p50": 0.0,
    "kl_ref_cand_p99": 0.0032837262842804193,
    "kl_ref_cand_max": 0.03877011686563492,
    "gumbel_margin_p50": 0.0,
    "gumbel_margin_p99": 0.0,
    "gumbel_margin_max": 0.24581527709960938
  },
  "last": {
    "top1_match": 0.9899999499320984,
    "top5_overlap": 0.9980000257492065,
    "logit_l2": 6.352497577667236,
    "kl_ref_cand": 0.0005127874901518226,
    "gumbel_margin": 0.0012214088346809149,
    "logit_l2_p50": 0.0,
    "logit_l2_p99": 22.741413116455078,
    "logit_l2_max": 22.83121109008789,
    "kl_ref_cand_p50": 0.0,
    "kl_ref_cand_p99": 0.00195073033683002,
    "kl_ref_cand_max": 0.002132048364728689,
    "gumbel_margin_p50": 0.0,
    "gumbel_margin_p99": 0.01529482752084732,
    "gumbel_margin_max": 0.10778045654296875
  },
  "wallclock_s": 12.774972677230835,
  "config": {
    "model": "Qwen/Qwen3-8B",
    "dtype": "bfloat16",
    "n_prompts": 100,
    "max_len": 512,
    "weight_bits": 31,
    "activation_bits": 31,
    "true_int_matmul": false,
    "quant_scheme": "symmetric",
    "group_size": 128,
    "matmul_dtype": "bf16",
    "no_quant": false,
    "dataset": "Salesforce/wikitext",
    "dataset_config": "wikitext-103-raw-v1",
    "dataset_split": "train",
    "temperature": 1.0,
    "seed": 42,
    "device": "auto",
    "out": "experiments/baseline-int-cast/data/qwen3_8b_b31_mmbf16_flin.json",
    "include_lm_head": true,
    "skip_substrings": []
  },
  "replaced_module_count": 253
}