{
  "n_positions": 15348,
  "n_prompts": 100,
  "all": {
    "top1_match": 0.9777821898460388,
    "top5_overlap": 0.9778994917869568,
    "logit_l2": 20.44884490966797,
    "kl_ref_cand": 0.0011694878339767456,
    "gumbel_margin": 0.0010955993784591556,
    "logit_l2_p50": 18.875585556030273,
    "logit_l2_p99": 43.029109954833984,
    "logit_l2_max": 130.11753845214844,
    "kl_ref_cand_p50": 0.0009394293883815408,
    "kl_ref_cand_p99": 0.005285131279379129,
    "kl_ref_cand_max": 0.042856890708208084,
    "gumbel_margin_p50": 0.0,
    "gumbel_margin_p99": 0.045619577169418335,
    "gumbel_margin_max": 0.2741127014160156
  },
  "last": {
    "top1_match": 0.9799999594688416,
    "top5_overlap": 0.9759999513626099,
    "logit_l2": 20.31272315979004,
    "kl_ref_cand": 0.0011401799274608493,
    "gumbel_margin": 0.0006223106174729764,
    "logit_l2_p50": 19.351028442382812,
    "logit_l2_p99": 32.101158142089844,
    "logit_l2_max": 32.96369552612305,
    "kl_ref_cand_p50": 0.0009379346156492829,
    "kl_ref_cand_p99": 0.0026382082141935825,
    "kl_ref_cand_max": 0.0028430698439478874,
    "gumbel_margin_p50": 0.0,
    "gumbel_margin_p99": 0.015643281862139702,
    "gumbel_margin_max": 0.04690361022949219
  },
  "wallclock_s": 3.5807623863220215,
  "config": {
    "model": "Qwen/Qwen2.5-0.5B",
    "dtype": "bfloat16",
    "n_prompts": 100,
    "max_len": 512,
    "weight_bits": 16,
    "activation_bits": 16,
    "true_int_matmul": false,
    "quant_scheme": "symmetric",
    "group_size": 128,
    "matmul_dtype": "bf16",
    "no_quant": true,
    "dataset": "Salesforce/wikitext",
    "dataset_config": "wikitext-103-raw-v1",
    "dataset_split": "train",
    "temperature": 1.0,
    "seed": 42,
    "device": "auto",
    "out": "experiments/baseline-int-cast/data/qwen25_0p5b_noquant_mmbf16.json",
    "include_lm_head": true,
    "skip_substrings": []
  },
  "replaced_module_count": 169
}