{
  "n_positions": 15348,
  "n_prompts": 100,
  "all": {
    "top1_match": 0.9866432547569275,
    "top5_overlap": 0.9831249117851257,
    "logit_l2": 21.1050968170166,
    "kl_ref_cand": 0.0010174784110859036,
    "gumbel_margin": 0.0009906215127557516,
    "logit_l2_p50": 17.423303604125977,
    "logit_l2_p99": 69.09857940673828,
    "logit_l2_max": 1508.2508544921875,
    "kl_ref_cand_p50": 0.0006371968775056303,
    "kl_ref_cand_p99": 0.006462991237640381,
    "kl_ref_cand_max": 0.11823703348636627,
    "gumbel_margin_p50": 0.0,
    "gumbel_margin_p99": 0.030375396832823753,
    "gumbel_margin_max": 0.9863929748535156
  },
  "last": {
    "top1_match": 1.0,
    "top5_overlap": 0.9839999675750732,
    "logit_l2": 15.6656494140625,
    "kl_ref_cand": 0.001191949239000678,
    "gumbel_margin": 0.002147464780136943,
    "logit_l2_p50": 14.851175308227539,
    "logit_l2_p99": 27.059837341308594,
    "logit_l2_max": 34.346771240234375,
    "kl_ref_cand_p50": 0.0012500012526288629,
    "kl_ref_cand_p99": 0.002503933385014534,
    "kl_ref_cand_max": 0.0031254147179424763,
    "gumbel_margin_p50": 0.0,
    "gumbel_margin_p99": 0.09999646246433258,
    "gumbel_margin_max": 0.11490058898925781
  },
  "wallclock_s": 12.72803807258606,
  "config": {
    "model": "Qwen/Qwen3-8B",
    "dtype": "bfloat16",
    "n_prompts": 100,
    "max_len": 512,
    "weight_bits": 24,
    "activation_bits": 24,
    "true_int_matmul": false,
    "quant_scheme": "per_group_sym",
    "group_size": 8,
    "matmul_dtype": "bf16",
    "no_quant": false,
    "dataset": "Salesforce/wikitext",
    "dataset_config": "wikitext-103-raw-v1",
    "dataset_split": "train",
    "temperature": 1.0,
    "seed": 42,
    "device": "auto",
    "out": "experiments/baseline-int-cast/data/qwen3_8b_b24_grp8_both.json",
    "include_lm_head": true,
    "skip_substrings": [],
    "smoothquant_alpha": null,
    "smoothquant_n_calib": 16,
    "act_clip_quantile": null
  },
  "replaced_module_count": 253
}