{
  "n_positions": 15348,
  "n_prompts": 100,
  "all": {
    "top1_match": 0.9982408881187439,
    "top5_overlap": 0.9977065920829773,
    "logit_l2": 2.60109281539917,
    "kl_ref_cand": 0.00011828748392872512,
    "gumbel_margin": 0.0001141323518822901,
    "logit_l2_p50": 0.0,
    "logit_l2_p99": 28.28345489501953,
    "logit_l2_max": 96.39830017089844,
    "kl_ref_cand_p50": 0.0,
    "kl_ref_cand_p99": 0.0019403935875743628,
    "kl_ref_cand_max": 0.014335032552480698,
    "gumbel_margin_p50": 0.0,
    "gumbel_margin_p99": 0.0,
    "gumbel_margin_max": 0.21336746215820312
  },
  "last": {
    "top1_match": 1.0,
    "top5_overlap": 0.9919999241828918,
    "logit_l2": 3.5921123027801514,
    "kl_ref_cand": 0.0002639488084241748,
    "gumbel_margin": 0.002147464780136943,
    "logit_l2_p50": 0.0,
    "logit_l2_p99": 20.023509979248047,
    "logit_l2_max": 23.839218139648438,
    "kl_ref_cand_p50": 0.0,
    "kl_ref_cand_p99": 0.0019643143750727177,
    "kl_ref_cand_max": 0.0024901535362005234,
    "gumbel_margin_p50": 0.0,
    "gumbel_margin_p99": 0.09999646246433258,
    "gumbel_margin_max": 0.11490058898925781
  },
  "wallclock_s": 11.64754867553711,
  "config": {
    "model": "Qwen/Qwen3-8B",
    "dtype": "bfloat16",
    "n_prompts": 100,
    "max_len": 512,
    "weight_bits": 27,
    "activation_bits": 0,
    "true_int_matmul": false,
    "quant_scheme": "symmetric",
    "group_size": 128,
    "matmul_dtype": "bf16",
    "no_quant": false,
    "dataset": "Salesforce/wikitext",
    "dataset_config": "wikitext-103-raw-v1",
    "dataset_split": "train",
    "temperature": 1.0,
    "seed": 42,
    "device": "auto",
    "out": "experiments/baseline-int-cast/data/qwen3_8b_w27_aoff.json",
    "include_lm_head": true,
    "skip_substrings": []
  },
  "replaced_module_count": 253
}