{
  "n_positions": 15348,
  "n_prompts": 100,
  "all": {
    "top1_match": 0.9843628406524658,
    "top5_overlap": 0.9813787341117859,
    "logit_l2": 24.888635635375977,
    "kl_ref_cand": 0.0012310092570260167,
    "gumbel_margin": 0.0013116532936692238,
    "logit_l2_p50": 20.266315460205078,
    "logit_l2_p99": 84.03089904785156,
    "logit_l2_max": 1589.186279296875,
    "kl_ref_cand_p50": 0.0007895716116763651,
    "kl_ref_cand_p99": 0.007747807539999485,
    "kl_ref_cand_max": 0.14120571315288544,
    "gumbel_margin_p50": 0.0,
    "gumbel_margin_p99": 0.04966649413108826,
    "gumbel_margin_max": 0.7027626037597656
  },
  "last": {
    "top1_match": 0.9699999690055847,
    "top5_overlap": 0.981999933719635,
    "logit_l2": 18.2923526763916,
    "kl_ref_cand": 0.0012773314956575632,
    "gumbel_margin": 0.0011490058386698365,
    "logit_l2_p50": 17.15580940246582,
    "logit_l2_p99": 34.7756233215332,
    "logit_l2_max": 35.05401611328125,
    "kl_ref_cand_p50": 0.0013469833647832274,
    "kl_ref_cand_p99": 0.004478185437619686,
    "kl_ref_cand_max": 0.0046080900356173515,
    "gumbel_margin_p50": 0.0,
    "gumbel_margin_p99": 0.0011492513585835695,
    "gumbel_margin_max": 0.11490058898925781
  },
  "wallclock_s": 12.603270292282104,
  "config": {
    "model": "Qwen/Qwen3-8B",
    "dtype": "bfloat16",
    "n_prompts": 100,
    "max_len": 512,
    "weight_bits": 24,
    "activation_bits": 24,
    "true_int_matmul": false,
    "quant_scheme": "symmetric",
    "group_size": 128,
    "matmul_dtype": "bf16",
    "no_quant": false,
    "dataset": "Salesforce/wikitext",
    "dataset_config": "wikitext-103-raw-v1",
    "dataset_split": "train",
    "temperature": 1.0,
    "seed": 42,
    "device": "auto",
    "out": "experiments/baseline-int-cast/data/qwen3_8b_b24_sq_a09.json",
    "include_lm_head": true,
    "skip_substrings": [],
    "smoothquant_alpha": 0.9,
    "smoothquant_n_calib": 16,
    "act_clip_quantile": null
  },
  "replaced_module_count": 253
}