{
  "n_positions": 15348,
  "n_prompts": 100,
  "all": {
    "top1_match": 0.9852750301361084,
    "top5_overlap": 0.9850143790245056,
    "logit_l2": 19.256587982177734,
    "kl_ref_cand": 0.0009388026082888246,
    "gumbel_margin": 0.0007851626724004745,
    "logit_l2_p50": 16.188945770263672,
    "logit_l2_p99": 64.07591247558594,
    "logit_l2_max": 663.9126586914062,
    "kl_ref_cand_p50": 0.000525099050719291,
    "kl_ref_cand_p99": 0.006185553036630154,
    "kl_ref_cand_max": 0.16285040974617004,
    "gumbel_margin_p50": 0.0,
    "gumbel_margin_p99": 0.019966205582022667,
    "gumbel_margin_max": 0.3221263885498047
  },
  "last": {
    "top1_match": 0.9799999594688416,
    "top5_overlap": 0.9899999499320984,
    "logit_l2": 14.88924789428711,
    "kl_ref_cand": 0.0011570884380489588,
    "gumbel_margin": 0.002226810436695814,
    "logit_l2_p50": 14.361928939819336,
    "logit_l2_p99": 25.475112915039062,
    "logit_l2_max": 26.355466842651367,
    "kl_ref_cand_p50": 0.0010864990763366222,
    "kl_ref_cand_p99": 0.0032916185446083546,
    "kl_ref_cand_max": 0.003479577600955963,
    "gumbel_margin_p50": 0.0,
    "gumbel_margin_p99": 0.10785167664289474,
    "gumbel_margin_max": 0.11490058898925781
  },
  "wallclock_s": 11.695872068405151,
  "config": {
    "model": "Qwen/Qwen3-8B",
    "dtype": "bfloat16",
    "n_prompts": 100,
    "max_len": 512,
    "weight_bits": 24,
    "activation_bits": 0,
    "true_int_matmul": false,
    "quant_scheme": "symmetric",
    "group_size": 128,
    "matmul_dtype": "bf16",
    "no_quant": false,
    "dataset": "Salesforce/wikitext",
    "dataset_config": "wikitext-103-raw-v1",
    "dataset_split": "train",
    "temperature": 1.0,
    "seed": 42,
    "device": "auto",
    "out": "experiments/baseline-int-cast/data/qwen3_8b_w24_aoff.json",
    "include_lm_head": true,
    "skip_substrings": []
  },
  "replaced_module_count": 253
}