{
  "n_positions": 15348,
  "n_prompts": 100,
  "all": {
    "top1_match": 0.9848189353942871,
    "top5_overlap": 0.9825124144554138,
    "logit_l2": 22.027097702026367,
    "kl_ref_cand": 0.0010489416308701038,
    "gumbel_margin": 0.0010217927629128098,
    "logit_l2_p50": 17.891571044921875,
    "logit_l2_p99": 73.03314971923828,
    "logit_l2_max": 1548.015625,
    "kl_ref_cand_p50": 0.0006616644095629454,
    "kl_ref_cand_p99": 0.006937666796147823,
    "kl_ref_cand_max": 0.10131733119487762,
    "gumbel_margin_p50": 0.0,
    "gumbel_margin_p99": 0.03636695444583893,
    "gumbel_margin_max": 0.2776355743408203
  },
  "last": {
    "top1_match": 0.9899999499320984,
    "top5_overlap": 0.9880000352859497,
    "logit_l2": 16.188989639282227,
    "kl_ref_cand": 0.0011083536082878709,
    "gumbel_margin": 0.0012926101917400956,
    "logit_l2_p50": 15.373571395874023,
    "logit_l2_p99": 29.730175018310547,
    "logit_l2_max": 32.275020599365234,
    "kl_ref_cand_p50": 0.0011162171140313148,
    "kl_ref_cand_p99": 0.0024584962520748377,
    "kl_ref_cand_max": 0.003121680347248912,
    "gumbel_margin_p50": 0.0,
    "gumbel_margin_p99": 0.015366043895483017,
    "gumbel_margin_max": 0.11490058898925781
  },
  "wallclock_s": 12.765378713607788,
  "config": {
    "model": "Qwen/Qwen3-8B",
    "dtype": "bfloat16",
    "n_prompts": 100,
    "max_len": 512,
    "weight_bits": 24,
    "activation_bits": 24,
    "true_int_matmul": false,
    "quant_scheme": "symmetric",
    "group_size": 128,
    "matmul_dtype": "bf16",
    "no_quant": false,
    "dataset": "Salesforce/wikitext",
    "dataset_config": "wikitext-103-raw-v1",
    "dataset_split": "train",
    "temperature": 1.0,
    "seed": 42,
    "device": "auto",
    "out": "experiments/baseline-int-cast/data/qwen3_8b_b24_mmbf16_flin.json",
    "include_lm_head": true,
    "skip_substrings": []
  },
  "replaced_module_count": 253
}