{
  "n_positions": 15348,
  "n_prompts": 100,
  "all": {
    "top1_match": 0.9920511245727539,
    "top5_overlap": 0.9920380115509033,
    "logit_l2": 7.451172351837158,
    "kl_ref_cand": 0.00038076465716585517,
    "gumbel_margin": 0.00028345006285235286,
    "logit_l2_p50": 0.0,
    "logit_l2_p99": 30.648324966430664,
    "logit_l2_max": 56.88629150390625,
    "kl_ref_cand_p50": 0.0,
    "kl_ref_cand_p99": 0.002679507015272975,
    "kl_ref_cand_max": 0.008473413996398449,
    "gumbel_margin_p50": 0.0,
    "gumbel_margin_p99": 0.0,
    "gumbel_margin_max": 0.15182113647460938
  },
  "last": {
    "top1_match": 0.9899999499320984,
    "top5_overlap": 0.9899999499320984,
    "logit_l2": 9.553916931152344,
    "kl_ref_cand": 0.0004989099106751382,
    "gumbel_margin": 0.00046903608017601073,
    "logit_l2_p50": 10.804193496704102,
    "logit_l2_p99": 35.78708267211914,
    "logit_l2_max": 35.945247650146484,
    "kl_ref_cand_p50": 0.0002615783014334738,
    "kl_ref_cand_p99": 0.0022602907847613096,
    "kl_ref_cand_max": 0.002499854192137718,
    "gumbel_margin_p50": 0.0,
    "gumbel_margin_p99": 0.00046913628466427326,
    "gumbel_margin_max": 0.04690361022949219
  },
  "wallclock_s": 5.253342866897583,
  "config": {
    "model": "Qwen/Qwen2.5-0.5B",
    "dtype": "bfloat16",
    "n_prompts": 100,
    "max_len": 512,
    "weight_bits": 28,
    "activation_bits": 28,
    "true_int_matmul": false,
    "quant_scheme": "symmetric",
    "group_size": 128,
    "matmul_dtype": "bf16",
    "no_quant": false,
    "dataset": "Salesforce/wikitext",
    "dataset_config": "wikitext-103-raw-v1",
    "dataset_split": "train",
    "temperature": 1.0,
    "seed": 42,
    "device": "auto",
    "out": "experiments/baseline-int-cast/data/qwen25_0p5b_b28_mmbf16_flin.json",
    "include_lm_head": true,
    "skip_substrings": []
  },
  "replaced_module_count": 169
}