{
  "n_positions": 15348,
  "n_prompts": 100,
  "all": {
    "top1_match": 0.979997456073761,
    "top5_overlap": 0.9807792901992798,
    "logit_l2": 17.69782829284668,
    "kl_ref_cand": 0.000930091948248446,
    "gumbel_margin": 0.0008550887578167021,
    "logit_l2_p50": 16.63941764831543,
    "logit_l2_p99": 34.25352478027344,
    "logit_l2_max": 62.687557220458984,
    "kl_ref_cand_p50": 0.0007467335090041161,
    "kl_ref_cand_p99": 0.003627575933933258,
    "kl_ref_cand_max": 0.01291623618453741,
    "gumbel_margin_p50": 0.0,
    "gumbel_margin_p99": 0.034480832517147064,
    "gumbel_margin_max": 0.21135711669921875
  },
  "last": {
    "top1_match": 0.9799999594688416,
    "top5_overlap": 0.9919999241828918,
    "logit_l2": 18.57295036315918,
    "kl_ref_cand": 0.0009861578000709414,
    "gumbel_margin": 0.0007898902986198664,
    "logit_l2_p50": 17.012195587158203,
    "logit_l2_p99": 35.98101043701172,
    "logit_l2_max": 38.64638900756836,
    "kl_ref_cand_p50": 0.0007535645272582769,
    "kl_ref_cand_p99": 0.0023194551467895508,
    "kl_ref_cand_max": 0.0035471138544380665,
    "gumbel_margin_p50": 0.0,
    "gumbel_margin_p99": 0.03223363310098648,
    "gumbel_margin_max": 0.04690361022949219
  },
  "wallclock_s": 5.336493968963623,
  "config": {
    "model": "Qwen/Qwen2.5-0.5B",
    "dtype": "bfloat16",
    "n_prompts": 100,
    "max_len": 512,
    "weight_bits": 24,
    "activation_bits": 24,
    "true_int_matmul": false,
    "quant_scheme": "per_group_sym",
    "group_size": 128,
    "matmul_dtype": "bf16",
    "no_quant": false,
    "dataset": "Salesforce/wikitext",
    "dataset_config": "wikitext-103-raw-v1",
    "dataset_split": "train",
    "temperature": 1.0,
    "seed": 42,
    "device": "auto",
    "out": "experiments/baseline-int-cast/data/qwen25_0p5b_b24_grp128_mmbf16_flin.json",
    "include_lm_head": true,
    "skip_substrings": []
  },
  "replaced_module_count": 169
}