{
  "n_positions": 15348,
  "n_prompts": 100,
  "all": {
    "top1_match": 0.9803884029388428,
    "top5_overlap": 0.9787204265594482,
    "logit_l2": 19.25973129272461,
    "kl_ref_cand": 0.001065885298885405,
    "gumbel_margin": 0.001026858459226787,
    "logit_l2_p50": 17.79326057434082,
    "logit_l2_p99": 39.18826675415039,
    "logit_l2_max": 214.89739990234375,
    "kl_ref_cand_p50": 0.0008387129637412727,
    "kl_ref_cand_p99": 0.004660807549953461,
    "kl_ref_cand_max": 0.12986811995506287,
    "gumbel_margin_p50": 0.0,
    "gumbel_margin_p99": 0.041325949132442474,
    "gumbel_margin_max": 0.2937355041503906
  },
  "last": {
    "top1_match": 0.9799999594688416,
    "top5_overlap": 0.9839999079704285,
    "logit_l2": 18.52942657470703,
    "kl_ref_cand": 0.0009792755590751767,
    "gumbel_margin": 0.0015689277788624167,
    "logit_l2_p50": 16.875001907348633,
    "logit_l2_p99": 34.3029899597168,
    "logit_l2_max": 37.12699508666992,
    "kl_ref_cand_p50": 0.0007711492944508791,
    "kl_ref_cand_p99": 0.0024128728546202183,
    "kl_ref_cand_max": 0.003204658627510071,
    "gumbel_margin_p50": 0.0,
    "gumbel_margin_p99": 0.047534599900245667,
    "gumbel_margin_max": 0.10998916625976562
  },
  "wallclock_s": 5.246359825134277,
  "config": {
    "model": "Qwen/Qwen2.5-0.5B",
    "dtype": "bfloat16",
    "n_prompts": 100,
    "max_len": 512,
    "weight_bits": 16,
    "activation_bits": 16,
    "true_int_matmul": false,
    "quant_scheme": "symmetric",
    "group_size": 128,
    "matmul_dtype": "bf16",
    "no_quant": false,
    "dataset": "Salesforce/wikitext",
    "dataset_config": "wikitext-103-raw-v1",
    "dataset_split": "train",
    "temperature": 1.0,
    "seed": 42,
    "device": "auto",
    "out": "experiments/baseline-int-cast/data/qwen25_0p5b_b16_mmbf16_flin.json",
    "include_lm_head": true,
    "skip_substrings": []
  },
  "replaced_module_count": 169
}