{
  "n_positions": 15348,
  "n_prompts": 100,
  "all": {
    "top1_match": 0.9856007695198059,
    "top5_overlap": 0.9834375977516174,
    "logit_l2": 21.29559898376465,
    "kl_ref_cand": 0.0009974101558327675,
    "gumbel_margin": 0.0009587940876372159,
    "logit_l2_p50": 17.42230987548828,
    "logit_l2_p99": 67.89156341552734,
    "logit_l2_max": 1478.0184326171875,
    "kl_ref_cand_p50": 0.0006269996520131826,
    "kl_ref_cand_p99": 0.006509596016258001,
    "kl_ref_cand_max": 0.05517375469207764,
    "gumbel_margin_p50": 0.0,
    "gumbel_margin_p99": 0.037213318049907684,
    "gumbel_margin_max": 0.36345672607421875
  },
  "last": {
    "top1_match": 1.0,
    "top5_overlap": 0.9899999499320984,
    "logit_l2": 15.40367603302002,
    "kl_ref_cand": 0.0011178363347426057,
    "gumbel_margin": 0.0011420630617067218,
    "logit_l2_p50": 14.441070556640625,
    "logit_l2_p99": 29.75310516357422,
    "logit_l2_max": 31.718456268310547,
    "kl_ref_cand_p50": 0.001085559488274157,
    "kl_ref_cand_p99": 0.002215326065197587,
    "kl_ref_cand_max": 0.0027679838240146637,
    "gumbel_margin_p50": 0.0,
    "gumbel_margin_p99": 0.015215464867651463,
    "gumbel_margin_max": 0.09984588623046875
  },
  "wallclock_s": 12.74398398399353,
  "config": {
    "model": "Qwen/Qwen3-8B",
    "dtype": "bfloat16",
    "n_prompts": 100,
    "max_len": 512,
    "weight_bits": 28,
    "activation_bits": 28,
    "true_int_matmul": false,
    "quant_scheme": "symmetric",
    "group_size": 128,
    "matmul_dtype": "bf16",
    "no_quant": false,
    "dataset": "Salesforce/wikitext",
    "dataset_config": "wikitext-103-raw-v1",
    "dataset_split": "train",
    "temperature": 1.0,
    "seed": 42,
    "device": "auto",
    "out": "experiments/baseline-int-cast/data/qwen3_8b_b28_mmbf16_flin.json",
    "include_lm_head": true,
    "skip_substrings": []
  },
  "replaced_module_count": 253
}