{
  "n_positions": 15348,
  "n_prompts": 100,
  "all": {
    "top1_match": 0.9877508878707886,
    "top5_overlap": 0.9861089587211609,
    "logit_l2": 17.375812530517578,
    "kl_ref_cand": 0.0008186495397239923,
    "gumbel_margin": 0.0007984490366652608,
    "logit_l2_p50": 15.050039291381836,
    "logit_l2_p99": 56.027042388916016,
    "logit_l2_max": 331.2981262207031,
    "kl_ref_cand_p50": 0.0003915833367500454,
    "kl_ref_cand_p99": 0.0052384198643267155,
    "kl_ref_cand_max": 0.1013103649020195,
    "gumbel_margin_p50": 0.0,
    "gumbel_margin_p99": 0.01658555120229721,
    "gumbel_margin_max": 0.33625221252441406
  },
  "last": {
    "top1_match": 0.9799999594688416,
    "top5_overlap": 0.9939998984336853,
    "logit_l2": 15.084671020507812,
    "kl_ref_cand": 0.0011037170188501477,
    "gumbel_margin": 0.0021954725962132215,
    "logit_l2_p50": 14.133138656616211,
    "logit_l2_p99": 27.817903518676758,
    "logit_l2_max": 33.17222595214844,
    "kl_ref_cand_p50": 0.0010687760077416897,
    "kl_ref_cand_p99": 0.0021728817373514175,
    "kl_ref_cand_max": 0.002531645819544792,
    "gumbel_margin_p50": 0.0,
    "gumbel_margin_p99": 0.09999646246433258,
    "gumbel_margin_max": 0.11490058898925781
  },
  "wallclock_s": 11.633594512939453,
  "config": {
    "model": "Qwen/Qwen3-8B",
    "dtype": "bfloat16",
    "n_prompts": 100,
    "max_len": 512,
    "weight_bits": 24,
    "activation_bits": 0,
    "true_int_matmul": false,
    "quant_scheme": "per_group_sym",
    "group_size": 64,
    "matmul_dtype": "bf16",
    "no_quant": false,
    "dataset": "Salesforce/wikitext",
    "dataset_config": "wikitext-103-raw-v1",
    "dataset_split": "train",
    "temperature": 1.0,
    "seed": 42,
    "device": "auto",
    "out": "experiments/baseline-int-cast/data/qwen3_8b_w24_aoff_grp64.json",
    "include_lm_head": true,
    "skip_substrings": []
  },
  "replaced_module_count": 253
}