{
  "n_positions": 15348,
  "n_prompts": 100,
  "all": {
    "top1_match": 0.9768700003623962,
    "top5_overlap": 0.9779646396636963,
    "logit_l2": 20.38582420349121,
    "kl_ref_cand": 0.001174653647467494,
    "gumbel_margin": 0.001116578234359622,
    "logit_l2_p50": 18.789688110351562,
    "logit_l2_p99": 42.17787551879883,
    "logit_l2_max": 186.80831909179688,
    "kl_ref_cand_p50": 0.0009217561455443501,
    "kl_ref_cand_p99": 0.005535731557756662,
    "kl_ref_cand_max": 0.07792957127094269,
    "gumbel_margin_p50": 0.0,
    "gumbel_margin_p99": 0.04424557089805603,
    "gumbel_margin_max": 0.34464073181152344
  },
  "last": {
    "top1_match": 0.9899999499320984,
    "top5_overlap": 0.9839999675750732,
    "logit_l2": 19.796091079711914,
    "kl_ref_cand": 0.0010641110129654408,
    "gumbel_margin": 0.00015327453729696572,
    "logit_l2_p50": 18.14358901977539,
    "logit_l2_p99": 34.91376495361328,
    "logit_l2_max": 43.76865005493164,
    "kl_ref_cand_p50": 0.0009325300343334675,
    "kl_ref_cand_p99": 0.002589016454294324,
    "kl_ref_cand_max": 0.0026633813977241516,
    "gumbel_margin_p50": 0.0,
    "gumbel_margin_p99": 0.00015330727910622954,
    "gumbel_margin_max": 0.01532745361328125
  },
  "wallclock_s": 5.396783351898193,
  "config": {
    "model": "Qwen/Qwen2.5-0.5B",
    "dtype": "bfloat16",
    "n_prompts": 100,
    "max_len": 512,
    "weight_bits": 30,
    "activation_bits": 30,
    "true_int_matmul": false,
    "dataset": "Salesforce/wikitext",
    "dataset_config": "wikitext-103-raw-v1",
    "dataset_split": "train",
    "temperature": 1.0,
    "seed": 42,
    "device": "auto",
    "out": "experiments/baseline-int-cast/data/qwen25_0p5b_int30.json",
    "include_lm_head": true,
    "skip_substrings": []
  },
  "replaced_module_count": 169
}