{
  "n_positions": 15348,
  "n_prompts": 100,
  "all": {
    "top1_match": 0.9942663908004761,
    "top5_overlap": 0.9930545687675476,
    "logit_l2": 8.414371490478516,
    "kl_ref_cand": 0.0004004713555332273,
    "gumbel_margin": 0.00041887181578204036,
    "logit_l2_p50": 5.8961639404296875,
    "logit_l2_p99": 40.105682373046875,
    "logit_l2_max": 1361.501953125,
    "kl_ref_cand_p50": 8.728954226100427e-10,
    "kl_ref_cand_p99": 0.0032205923926085234,
    "kl_ref_cand_max": 0.030250411480665207,
    "gumbel_margin_p50": 0.0,
    "gumbel_margin_p99": 0.0,
    "gumbel_margin_max": 0.2476367950439453
  },
  "last": {
    "top1_match": 0.9799999594688416,
    "top5_overlap": 0.9919999241828918,
    "logit_l2": 9.029824256896973,
    "kl_ref_cand": 0.0005881779361516237,
    "gumbel_margin": 0.0012206649407744408,
    "logit_l2_p50": 10.491131782531738,
    "logit_l2_p99": 25.89203453063965,
    "logit_l2_max": 28.07050132751465,
    "kl_ref_cand_p50": 0.00031629670411348343,
    "kl_ref_cand_p99": 0.0018880438292399049,
    "kl_ref_cand_max": 0.0019127377308905125,
    "gumbel_margin_p50": 0.0,
    "gumbel_margin_p99": 0.001220925711095333,
    "gumbel_margin_max": 0.12206649780273438
  },
  "wallclock_s": 11.734707117080688,
  "config": {
    "model": "Qwen/Qwen3-8B",
    "dtype": "bfloat16",
    "n_prompts": 100,
    "max_len": 512,
    "weight_bits": 26,
    "activation_bits": 0,
    "true_int_matmul": false,
    "quant_scheme": "symmetric",
    "group_size": 128,
    "matmul_dtype": "bf16",
    "no_quant": false,
    "dataset": "Salesforce/wikitext",
    "dataset_config": "wikitext-103-raw-v1",
    "dataset_split": "train",
    "temperature": 1.0,
    "seed": 42,
    "device": "auto",
    "out": "experiments/baseline-int-cast/data/qwen3_8b_w26_aoff.json",
    "include_lm_head": true,
    "skip_substrings": []
  },
  "replaced_module_count": 253
}