{
  "n_positions": 15348,
  "n_prompts": 100,
  "all": {
    "top1_match": 0.9790852665901184,
    "top5_overlap": 0.9786682724952698,
    "logit_l2": 20.367733001708984,
    "kl_ref_cand": 0.0011564806336537004,
    "gumbel_margin": 0.0011845753761008382,
    "logit_l2_p50": 18.746410369873047,
    "logit_l2_p99": 43.27412414550781,
    "logit_l2_max": 169.10902404785156,
    "kl_ref_cand_p50": 0.0009230456780642271,
    "kl_ref_cand_p99": 0.005319579038769007,
    "kl_ref_cand_max": 0.040157243609428406,
    "gumbel_margin_p50": 0.0,
    "gumbel_margin_p99": 0.04989117383956909,
    "gumbel_margin_max": 0.2498645782470703
  },
  "last": {
    "top1_match": 0.9799999594688416,
    "top5_overlap": 0.981999933719635,
    "logit_l2": 19.098278045654297,
    "kl_ref_cand": 0.0010374945122748613,
    "gumbel_margin": 0.00046903608017601073,
    "logit_l2_p50": 17.746662139892578,
    "logit_l2_p99": 36.98468017578125,
    "logit_l2_max": 38.833946228027344,
    "kl_ref_cand_p50": 0.000809280201792717,
    "kl_ref_cand_p99": 0.0040856217965483665,
    "kl_ref_cand_max": 0.005346238613128662,
    "gumbel_margin_p50": 0.0,
    "gumbel_margin_p99": 0.00046913628466427326,
    "gumbel_margin_max": 0.04690361022949219
  },
  "wallclock_s": 5.573118686676025,
  "config": {
    "model": "Qwen/Qwen2.5-0.5B",
    "dtype": "bfloat16",
    "n_prompts": 100,
    "max_len": 512,
    "weight_bits": 16,
    "activation_bits": 16,
    "true_int_matmul": false,
    "quant_scheme": "per_group_sym",
    "group_size": 128,
    "dataset": "Salesforce/wikitext",
    "dataset_config": "wikitext-103-raw-v1",
    "dataset_split": "train",
    "temperature": 1.0,
    "seed": 42,
    "device": "auto",
    "out": "experiments/baseline-int-cast/data/qwen25_0p5b_grp128_16.json",
    "include_lm_head": true,
    "skip_substrings": []
  },
  "replaced_module_count": 169
}