{
  "n_positions": 15348,
  "n_prompts": 100,
  "all": {
    "top1_match": 0.9846234321594238,
    "top5_overlap": 0.982733964920044,
    "logit_l2": 22.590070724487305,
    "kl_ref_cand": 0.0010796046117320657,
    "gumbel_margin": 0.0011542412685230374,
    "logit_l2_p50": 18.274532318115234,
    "logit_l2_p99": 75.27601623535156,
    "logit_l2_max": 1450.7867431640625,
    "kl_ref_cand_p50": 0.0006694176699966192,
    "kl_ref_cand_p99": 0.007154703605920076,
    "kl_ref_cand_max": 0.0996682196855545,
    "gumbel_margin_p50": 0.0,
    "gumbel_margin_p99": 0.040557730942964554,
    "gumbel_margin_max": 0.6409530639648438
  },
  "last": {
    "top1_match": 0.9899999499320984,
    "top5_overlap": 0.9860000610351562,
    "logit_l2": 15.217765808105469,
    "kl_ref_cand": 0.0010990763548761606,
    "gumbel_margin": 0.0,
    "logit_l2_p50": 14.682926177978516,
    "logit_l2_p99": 28.79002571105957,
    "logit_l2_max": 31.42348289489746,
    "kl_ref_cand_p50": 0.0010262825526297092,
    "kl_ref_cand_p99": 0.0026156241074204445,
    "kl_ref_cand_max": 0.002881842665374279,
    "gumbel_margin_p50": 0.0,
    "gumbel_margin_p99": 0.0,
    "gumbel_margin_max": 0.0
  },
  "wallclock_s": 12.800642251968384,
  "config": {
    "model": "Qwen/Qwen3-8B",
    "dtype": "bfloat16",
    "n_prompts": 100,
    "max_len": 512,
    "weight_bits": 18,
    "activation_bits": 18,
    "true_int_matmul": false,
    "quant_scheme": "symmetric",
    "group_size": 128,
    "matmul_dtype": "bf16",
    "no_quant": false,
    "dataset": "Salesforce/wikitext",
    "dataset_config": "wikitext-103-raw-v1",
    "dataset_split": "train",
    "temperature": 1.0,
    "seed": 42,
    "device": "auto",
    "out": "experiments/baseline-int-cast/data/qwen3_8b_b18_mmbf16_flin.json",
    "include_lm_head": true,
    "skip_substrings": []
  },
  "replaced_module_count": 253
}