{
  "n_positions": 15348,
  "n_prompts": 100,
  "all": {
    "top1_match": 0.9876857399940491,
    "top5_overlap": 0.9858484268188477,
    "logit_l2": 17.956823348999023,
    "kl_ref_cand": 0.0008480284013785422,
    "gumbel_margin": 0.000876609527040273,
    "logit_l2_p50": 15.43930435180664,
    "logit_l2_p99": 57.28988265991211,
    "logit_l2_max": 340.9114685058594,
    "kl_ref_cand_p50": 0.00043486771755851805,
    "kl_ref_cand_p99": 0.00534790800884366,
    "kl_ref_cand_max": 0.05512150004506111,
    "gumbel_margin_p50": 0.0,
    "gumbel_margin_p99": 0.025067048147320747,
    "gumbel_margin_max": 0.3180217742919922
  },
  "last": {
    "top1_match": 0.9899999499320984,
    "top5_overlap": 0.9899999499320984,
    "logit_l2": 14.659913063049316,
    "kl_ref_cand": 0.00093079888029024,
    "gumbel_margin": 0.0013406181242316961,
    "logit_l2_p50": 13.777061462402344,
    "logit_l2_p99": 26.16083526611328,
    "logit_l2_max": 33.17222595214844,
    "kl_ref_cand_p50": 0.0008152261143550277,
    "kl_ref_cand_p99": 0.0020709203090518713,
    "kl_ref_cand_max": 0.0020984227303415537,
    "gumbel_margin_p50": 0.0,
    "gumbel_margin_p99": 0.015366043895483017,
    "gumbel_margin_max": 0.11490058898925781
  },
  "wallclock_s": 11.609304904937744,
  "config": {
    "model": "Qwen/Qwen3-8B",
    "dtype": "bfloat16",
    "n_prompts": 100,
    "max_len": 512,
    "weight_bits": 24,
    "activation_bits": 0,
    "true_int_matmul": false,
    "quant_scheme": "per_group_sym",
    "group_size": 128,
    "matmul_dtype": "bf16",
    "no_quant": false,
    "dataset": "Salesforce/wikitext",
    "dataset_config": "wikitext-103-raw-v1",
    "dataset_split": "train",
    "temperature": 1.0,
    "seed": 42,
    "device": "auto",
    "out": "experiments/baseline-int-cast/data/qwen3_8b_w24_aoff_grp128.json",
    "include_lm_head": true,
    "skip_substrings": []
  },
  "replaced_module_count": 253
}