{
  "n_positions": 15348,
  "n_prompts": 100,
  "all": {
    "top1_match": 0.9882721304893494,
    "top5_overlap": 0.9871254563331604,
    "logit_l2": 15.437393188476562,
    "kl_ref_cand": 0.0007456871098838747,
    "gumbel_margin": 0.0007075934554450214,
    "logit_l2_p50": 13.880695343017578,
    "logit_l2_p99": 54.38810348510742,
    "logit_l2_max": 1205.2969970703125,
    "kl_ref_cand_p50": 0.0002649236121214926,
    "kl_ref_cand_p99": 0.004907628986984491,
    "kl_ref_cand_max": 0.23996038734912872,
    "gumbel_margin_p50": 0.0,
    "gumbel_margin_p99": 0.0019070319831371307,
    "gumbel_margin_max": 0.24581527709960938
  },
  "last": {
    "top1_match": 0.9799999594688416,
    "top5_overlap": 0.9939998984336853,
    "logit_l2": 14.2257661819458,
    "kl_ref_cand": 0.0009983319323509932,
    "gumbel_margin": 0.002369670895859599,
    "logit_l2_p50": 13.797714233398438,
    "logit_l2_p99": 24.47378158569336,
    "logit_l2_max": 27.118545532226562,
    "kl_ref_cand_p50": 0.001011083833873272,
    "kl_ref_cand_p99": 0.002044019987806678,
    "kl_ref_cand_max": 0.002068372443318367,
    "gumbel_margin_p50": 0.0,
    "gumbel_margin_p99": 0.11497226357460022,
    "gumbel_margin_max": 0.12206649780273438
  },
  "wallclock_s": 11.673044919967651,
  "config": {
    "model": "Qwen/Qwen3-8B",
    "dtype": "bfloat16",
    "n_prompts": 100,
    "max_len": 512,
    "weight_bits": 25,
    "activation_bits": 0,
    "true_int_matmul": false,
    "quant_scheme": "symmetric",
    "group_size": 128,
    "matmul_dtype": "bf16",
    "no_quant": false,
    "dataset": "Salesforce/wikitext",
    "dataset_config": "wikitext-103-raw-v1",
    "dataset_split": "train",
    "temperature": 1.0,
    "seed": 42,
    "device": "auto",
    "out": "experiments/baseline-int-cast/data/qwen3_8b_w25_aoff.json",
    "include_lm_head": true,
    "skip_substrings": []
  },
  "replaced_module_count": 253
}