{
  "n_positions": 15348,
  "n_prompts": 100,
  "all": {
    "top1_match": 0.9844279885292053,
    "top5_overlap": 0.9820824265480042,
    "logit_l2": 22.43950843811035,
    "kl_ref_cand": 0.0010995403863489628,
    "gumbel_margin": 0.0011624773032963276,
    "logit_l2_p50": 18.22977066040039,
    "logit_l2_p99": 73.38514709472656,
    "logit_l2_max": 1551.003662109375,
    "kl_ref_cand_p50": 0.0006770950276404619,
    "kl_ref_cand_p99": 0.006985119078308344,
    "kl_ref_cand_max": 0.33241942524909973,
    "gumbel_margin_p50": 0.0,
    "gumbel_margin_p99": 0.047152869403362274,
    "gumbel_margin_max": 0.24207687377929688
  },
  "last": {
    "top1_match": 0.9699999690055847,
    "top5_overlap": 0.9880000352859497,
    "logit_l2": 16.364816665649414,
    "kl_ref_cand": 0.0011388059938326478,
    "gumbel_margin": 0.0023704147897660732,
    "logit_l2_p50": 15.458209991455078,
    "logit_l2_p99": 29.25059700012207,
    "logit_l2_max": 40.94404983520508,
    "kl_ref_cand_p50": 0.0010311238002032042,
    "kl_ref_cand_p99": 0.003190056886523962,
    "kl_ref_cand_max": 0.0038019982166588306,
    "gumbel_margin_p50": 0.0,
    "gumbel_margin_p99": 0.10785167664289474,
    "gumbel_margin_max": 0.11490058898925781
  },
  "wallclock_s": 11.678681135177612,
  "config": {
    "model": "Qwen/Qwen3-8B",
    "dtype": "bfloat16",
    "n_prompts": 100,
    "max_len": 512,
    "weight_bits": 16,
    "activation_bits": 0,
    "true_int_matmul": false,
    "quant_scheme": "per_group_sym",
    "group_size": 16,
    "matmul_dtype": "bf16",
    "no_quant": false,
    "dataset": "Salesforce/wikitext",
    "dataset_config": "wikitext-103-raw-v1",
    "dataset_split": "train",
    "temperature": 1.0,
    "seed": 42,
    "device": "auto",
    "out": "experiments/baseline-int-cast/data/qwen3_8b_w16_aoff_grp16.json",
    "include_lm_head": true,
    "skip_substrings": []
  },
  "replaced_module_count": 253
}