{
  "n_positions": 15348,
  "n_prompts": 100,
  "all": {
    "top1_match": 0.9805186986923218,
    "top5_overlap": 0.9806098937988281,
    "logit_l2": 17.389371871948242,
    "kl_ref_cand": 0.0009136357111856341,
    "gumbel_margin": 0.0008201832533814013,
    "logit_l2_p50": 16.509281158447266,
    "logit_l2_p99": 33.87889099121094,
    "logit_l2_max": 71.19363403320312,
    "kl_ref_cand_p50": 0.0007276341784745455,
    "kl_ref_cand_p99": 0.0036111746449023485,
    "kl_ref_cand_max": 0.012203328311443329,
    "gumbel_margin_p50": 0.0,
    "gumbel_margin_p99": 0.03243637830018997,
    "gumbel_margin_max": 0.21135711669921875
  },
  "last": {
    "top1_match": 0.9599999785423279,
    "top5_overlap": 0.9779999852180481,
    "logit_l2": 18.50438117980957,
    "kl_ref_cand": 0.0009728723089210689,
    "gumbel_margin": 0.002336645033210516,
    "logit_l2_p50": 16.77484130859375,
    "logit_l2_p99": 33.150882720947266,
    "logit_l2_max": 34.20918273925781,
    "kl_ref_cand_p50": 0.0007090066792443395,
    "kl_ref_cand_p99": 0.0027057956904172897,
    "kl_ref_cand_max": 0.0027824915014207363,
    "gumbel_margin_p50": 0.0,
    "gumbel_margin_p99": 0.08439648151397705,
    "gumbel_margin_max": 0.10998916625976562
  },
  "wallclock_s": 5.272005796432495,
  "config": {
    "model": "Qwen/Qwen2.5-0.5B",
    "dtype": "bfloat16",
    "n_prompts": 100,
    "max_len": 512,
    "weight_bits": 26,
    "activation_bits": 26,
    "true_int_matmul": false,
    "quant_scheme": "symmetric",
    "group_size": 128,
    "matmul_dtype": "bf16",
    "no_quant": false,
    "dataset": "Salesforce/wikitext",
    "dataset_config": "wikitext-103-raw-v1",
    "dataset_split": "train",
    "temperature": 1.0,
    "seed": 42,
    "device": "auto",
    "out": "experiments/baseline-int-cast/data/qwen25_0p5b_b26_mmbf16_flin.json",
    "include_lm_head": true,
    "skip_substrings": []
  },
  "replaced_module_count": 169
}