{
  "n_positions": 15348,
  "n_prompts": 100,
  "all": {
    "top1_match": 0.11428199708461761,
    "top5_overlap": 0.15129007399082184,
    "logit_l2": 1453.968017578125,
    "kl_ref_cand": 5.621488094329834,
    "gumbel_margin": 9.573084831237793,
    "logit_l2_p50": 1309.56494140625,
    "logit_l2_p99": 2927.39501953125,
    "logit_l2_max": 4663.06396484375,
    "kl_ref_cand_p50": 5.2685394287109375,
    "kl_ref_cand_p99": 13.727952003479004,
    "kl_ref_cand_max": 21.528087615966797,
    "gumbel_margin_p50": 8.717578887939453,
    "gumbel_margin_p99": 31.562198638916016,
    "gumbel_margin_max": 50.0
  },
  "last": {
    "top1_match": 0.17999999225139618,
    "top5_overlap": 0.15399999916553497,
    "logit_l2": 1279.8082275390625,
    "kl_ref_cand": 4.155477523803711,
    "gumbel_margin": 4.547052383422852,
    "logit_l2_p50": 1268.4083251953125,
    "logit_l2_p99": 2016.5894775390625,
    "logit_l2_max": 2195.62060546875,
    "kl_ref_cand_p50": 3.858043670654297,
    "kl_ref_cand_p99": 8.55381965637207,
    "kl_ref_cand_max": 8.59237003326416,
    "gumbel_margin_p50": 4.272147178649902,
    "gumbel_margin_p99": 16.72587776184082,
    "gumbel_margin_max": 17.931970596313477
  },
  "wallclock_s": 15.725195407867432,
  "config": {
    "model": "Qwen/Qwen3-8B",
    "dtype": "bfloat16",
    "n_prompts": 100,
    "max_len": 512,
    "weight_bits": 24,
    "activation_bits": 24,
    "true_int_matmul": false,
    "quant_scheme": "symmetric",
    "group_size": 128,
    "matmul_dtype": "bf16",
    "no_quant": false,
    "dataset": "Salesforce/wikitext",
    "dataset_config": "wikitext-103-raw-v1",
    "dataset_split": "train",
    "temperature": 1.0,
    "seed": 42,
    "device": "auto",
    "out": "experiments/baseline-int-cast/data/qwen3_8b_b24_clip999.json",
    "include_lm_head": true,
    "skip_substrings": [],
    "smoothquant_alpha": null,
    "smoothquant_n_calib": 16,
    "act_clip_quantile": 0.999
  },
  "replaced_module_count": 253
}