{
  "n_positions": 608,
  "n_prompts": 5,
  "all": {
    "top1_match": 0.9802631735801697,
    "top5_overlap": 0.977960467338562,
    "logit_l2": 20.284793853759766,
    "kl_ref_cand": 0.0012136198347434402,
    "gumbel_margin": 0.0014996983809396625,
    "logit_l2_p50": 18.325698852539062,
    "logit_l2_p99": 45.892417907714844,
    "logit_l2_max": 63.55559539794922,
    "kl_ref_cand_p50": 0.0009823320433497429,
    "kl_ref_cand_p99": 0.004992417059838772,
    "kl_ref_cand_max": 0.02338315173983574,
    "gumbel_margin_p50": 0.0,
    "gumbel_margin_p99": 0.04119684547185898,
    "gumbel_margin_max": 0.3284454345703125
  },
  "last": {
    "top1_match": 1.0,
    "top5_overlap": 0.9600000381469727,
    "logit_l2": 19.836708068847656,
    "kl_ref_cand": 0.0012038123095408082,
    "gumbel_margin": 0.0,
    "logit_l2_p50": 18.737384796142578,
    "logit_l2_p99": 25.744373321533203,
    "logit_l2_max": 25.852474212646484,
    "kl_ref_cand_p50": 0.0010096668265759945,
    "kl_ref_cand_p99": 0.0022597203496843576,
    "kl_ref_cand_max": 0.002308182418346405,
    "gumbel_margin_p50": 0.0,
    "gumbel_margin_p99": 0.0,
    "gumbel_margin_max": 0.0
  },
  "wallclock_s": 228.93090653419495,
  "config": {
    "model": "Qwen/Qwen2.5-0.5B",
    "dtype": "bfloat16",
    "n_prompts": 5,
    "max_len": 128,
    "weight_bits": 24,
    "activation_bits": 24,
    "true_int_matmul": true,
    "quant_scheme": "symmetric",
    "group_size": 128,
    "matmul_dtype": "bf16",
    "no_quant": false,
    "dataset": "Salesforce/wikitext",
    "dataset_config": "wikitext-103-raw-v1",
    "dataset_split": "train",
    "temperature": 1.0,
    "seed": 42,
    "device": "auto",
    "out": "experiments/baseline-int-cast/data/qwen25_0p5b_b24_TRUEINT.json",
    "include_lm_head": true,
    "skip_substrings": [],
    "smoothquant_alpha": null,
    "smoothquant_n_calib": 16,
    "act_clip_quantile": null
  },
  "replaced_module_count": 169
}