{
  "n_positions": 15348,
  "n_prompts": 100,
  "all": {
    "top1_match": 0.9844279885292053,
    "top5_overlap": 0.9836852550506592,
    "logit_l2": 21.487606048583984,
    "kl_ref_cand": 0.0010183535050600767,
    "gumbel_margin": 0.0009474284015595913,
    "logit_l2_p50": 17.549850463867188,
    "logit_l2_p99": 69.6030044555664,
    "logit_l2_max": 965.3237915039062,
    "kl_ref_cand_p50": 0.0006405632011592388,
    "kl_ref_cand_p99": 0.006477088201791048,
    "kl_ref_cand_max": 0.07832401990890503,
    "gumbel_margin_p50": 0.0,
    "gumbel_margin_p99": 0.03397666662931442,
    "gumbel_margin_max": 0.36345672607421875
  },
  "last": {
    "top1_match": 1.0,
    "top5_overlap": 0.9899999499320984,
    "logit_l2": 15.44987964630127,
    "kl_ref_cand": 0.0010213382774963975,
    "gumbel_margin": 0.001364269177429378,
    "logit_l2_p50": 14.824413299560547,
    "logit_l2_p99": 24.97058868408203,
    "logit_l2_max": 37.35944366455078,
    "kl_ref_cand_p50": 0.001007322920486331,
    "kl_ref_cand_p99": 0.002411555964499712,
    "kl_ref_cand_max": 0.00390922836959362,
    "gumbel_margin_p50": 0.0,
    "gumbel_margin_p99": 0.015437718480825424,
    "gumbel_margin_max": 0.12206649780273438
  },
  "wallclock_s": 12.883386135101318,
  "config": {
    "model": "Qwen/Qwen3-8B",
    "dtype": "bfloat16",
    "n_prompts": 100,
    "max_len": 512,
    "weight_bits": 24,
    "activation_bits": 24,
    "true_int_matmul": false,
    "quant_scheme": "per_group_sym",
    "group_size": 16,
    "matmul_dtype": "bf16",
    "no_quant": false,
    "dataset": "Salesforce/wikitext",
    "dataset_config": "wikitext-103-raw-v1",
    "dataset_split": "train",
    "temperature": 1.0,
    "seed": 42,
    "device": "auto",
    "out": "experiments/baseline-int-cast/data/qwen3_8b_b24_grp16_both.json",
    "include_lm_head": true,
    "skip_substrings": [],
    "smoothquant_alpha": null,
    "smoothquant_n_calib": 16,
    "act_clip_quantile": null
  },
  "replaced_module_count": 253
}