{
  "n_positions": 15348,
  "n_prompts": 100,
  "all": {
    "top1_match": 0.9842976927757263,
    "top5_overlap": 0.9819391369819641,
    "logit_l2": 24.81537628173828,
    "kl_ref_cand": 0.0011571927461773157,
    "gumbel_margin": 0.0010985326953232288,
    "logit_l2_p50": 19.953418731689453,
    "logit_l2_p99": 83.11479949951172,
    "logit_l2_max": 1466.6729736328125,
    "kl_ref_cand_p50": 0.0007556882337667048,
    "kl_ref_cand_p99": 0.007204972207546234,
    "kl_ref_cand_max": 0.05772444233298302,
    "gumbel_margin_p50": 0.0,
    "gumbel_margin_p99": 0.04284800589084625,
    "gumbel_margin_max": 0.36345672607421875
  },
  "last": {
    "top1_match": 0.9799999594688416,
    "top5_overlap": 0.9919999241828918,
    "logit_l2": 17.930070877075195,
    "kl_ref_cand": 0.0012202858924865723,
    "gumbel_margin": 4.800796523340978e-05,
    "logit_l2_p50": 16.76646614074707,
    "logit_l2_p99": 30.969989776611328,
    "logit_l2_max": 36.58448028564453,
    "kl_ref_cand_p50": 0.0010588401928544044,
    "kl_ref_cand_p99": 0.0027464255690574646,
    "kl_ref_cand_max": 0.0074328407645225525,
    "gumbel_margin_p50": 0.0,
    "gumbel_margin_p99": 4.801822069566697e-05,
    "gumbel_margin_max": 0.0048007965087890625
  },
  "wallclock_s": 12.479807376861572,
  "config": {
    "model": "Qwen/Qwen3-8B",
    "dtype": "bfloat16",
    "n_prompts": 100,
    "max_len": 512,
    "weight_bits": 24,
    "activation_bits": 24,
    "true_int_matmul": false,
    "quant_scheme": "per_group_sym",
    "group_size": 32,
    "matmul_dtype": "bf16",
    "no_quant": false,
    "dataset": "Salesforce/wikitext",
    "dataset_config": "wikitext-103-raw-v1",
    "dataset_split": "train",
    "temperature": 1.0,
    "seed": 42,
    "device": "auto",
    "out": "experiments/baseline-int-cast/data/qwen3_8b_b24_grp32_sq05.json",
    "include_lm_head": true,
    "skip_substrings": [],
    "smoothquant_alpha": 0.5,
    "smoothquant_n_calib": 16,
    "act_clip_quantile": null
  },
  "replaced_module_count": 253
}