{
  "n_positions": 15348,
  "n_prompts": 100,
  "all": {
    "top1_match": 0.9787595272064209,
    "top5_overlap": 0.9785640239715576,
    "logit_l2": 20.361881256103516,
    "kl_ref_cand": 0.0011587358312681317,
    "gumbel_margin": 0.0011349503183737397,
    "logit_l2_p50": 18.78787612915039,
    "logit_l2_p99": 42.75836181640625,
    "logit_l2_max": 140.4179229736328,
    "kl_ref_cand_p50": 0.000921844330150634,
    "kl_ref_cand_p99": 0.005412423517554998,
    "kl_ref_cand_max": 0.038636259734630585,
    "gumbel_margin_p50": 0.0,
    "gumbel_margin_p99": 0.04897727072238922,
    "gumbel_margin_max": 0.3231697082519531
  },
  "last": {
    "top1_match": 1.0,
    "top5_overlap": 0.9739999771118164,
    "logit_l2": 19.704919815063477,
    "kl_ref_cand": 0.0010432183044031262,
    "gumbel_margin": 0.0018740653758868575,
    "logit_l2_p50": 18.798572540283203,
    "logit_l2_p99": 33.88480758666992,
    "logit_l2_max": 35.60114669799805,
    "kl_ref_cand_p50": 0.0008433283655904233,
    "kl_ref_cand_p99": 0.0026740040630102158,
    "kl_ref_cand_max": 0.005272442474961281,
    "gumbel_margin_p50": 0.0,
    "gumbel_margin_p99": 0.07774315774440765,
    "gumbel_margin_max": 0.10998916625976562
  },
  "wallclock_s": 5.4229817390441895,
  "config": {
    "model": "Qwen/Qwen2.5-0.5B",
    "dtype": "bfloat16",
    "n_prompts": 100,
    "max_len": 512,
    "weight_bits": 16,
    "activation_bits": 16,
    "true_int_matmul": false,
    "dataset": "Salesforce/wikitext",
    "dataset_config": "wikitext-103-raw-v1",
    "dataset_split": "train",
    "temperature": 1.0,
    "seed": 42,
    "device": "cuda",
    "out": "experiments/baseline-int-cast/data/qwen25_0p5b_dual.json",
    "include_lm_head": true,
    "skip_substrings": []
  },
  "replaced_module_count": 169
}