{
  "n_positions": 15348,
  "n_prompts": 100,
  "all": {
    "top1_match": 0.20992964506149292,
    "top5_overlap": 0.233150914311409,
    "logit_l2": 1362.08349609375,
    "kl_ref_cand": 4.42734432220459,
    "gumbel_margin": 7.150704860687256,
    "logit_l2_p50": 1207.5595703125,
    "logit_l2_p99": 2906.146240234375,
    "logit_l2_max": 5093.28173828125,
    "kl_ref_cand_p50": 3.8770129680633545,
    "kl_ref_cand_p99": 13.334511756896973,
    "kl_ref_cand_max": 22.068296432495117,
    "gumbel_margin_p50": 5.933961868286133,
    "gumbel_margin_p99": 29.222698211669922,
    "gumbel_margin_max": 47.59709930419922
  },
  "last": {
    "top1_match": 0.25,
    "top5_overlap": 0.3060000240802765,
    "logit_l2": 1181.040771484375,
    "kl_ref_cand": 2.9856886863708496,
    "gumbel_margin": 3.0552966594696045,
    "logit_l2_p50": 1115.74267578125,
    "logit_l2_p99": 1850.876220703125,
    "logit_l2_max": 1874.228515625,
    "kl_ref_cand_p50": 2.7061917781829834,
    "kl_ref_cand_p99": 6.810941696166992,
    "kl_ref_cand_max": 9.769875526428223,
    "gumbel_margin_p50": 2.387989044189453,
    "gumbel_margin_p99": 9.526386260986328,
    "gumbel_margin_max": 10.047983169555664
  },
  "wallclock_s": 15.406414270401001,
  "config": {
    "model": "Qwen/Qwen3-8B",
    "dtype": "bfloat16",
    "n_prompts": 100,
    "max_len": 512,
    "weight_bits": 24,
    "activation_bits": 24,
    "true_int_matmul": false,
    "quant_scheme": "symmetric",
    "group_size": 128,
    "matmul_dtype": "bf16",
    "no_quant": false,
    "dataset": "Salesforce/wikitext",
    "dataset_config": "wikitext-103-raw-v1",
    "dataset_split": "train",
    "temperature": 1.0,
    "seed": 42,
    "device": "auto",
    "out": "experiments/baseline-int-cast/data/qwen3_8b_b24_sq_a05_clip999.json",
    "include_lm_head": true,
    "skip_substrings": [],
    "smoothquant_alpha": 0.5,
    "smoothquant_n_calib": 16,
    "act_clip_quantile": 0.999
  },
  "replaced_module_count": 253
}