{
  "n_positions": 15348,
  "n_prompts": 100,
  "all": {
    "top1_match": 0.9856007695198059,
    "top5_overlap": 0.982864260673523,
    "logit_l2": 22.40719223022461,
    "kl_ref_cand": 0.0010612988844513893,
    "gumbel_margin": 0.0010636084480211139,
    "logit_l2_p50": 18.10014533996582,
    "logit_l2_p99": 76.21055603027344,
    "logit_l2_max": 1622.2930908203125,
    "kl_ref_cand_p50": 0.0006655041361227632,
    "kl_ref_cand_p99": 0.006991493981331587,
    "kl_ref_cand_max": 0.08326379954814911,
    "gumbel_margin_p50": 0.0,
    "gumbel_margin_p99": 0.03975547105073929,
    "gumbel_margin_max": 0.24965286254882812
  },
  "last": {
    "top1_match": 0.9799999594688416,
    "top5_overlap": 0.9899999499320984,
    "logit_l2": 16.934343338012695,
    "kl_ref_cand": 0.001018629176542163,
    "gumbel_margin": 0.0011490058386698365,
    "logit_l2_p50": 15.906684875488281,
    "logit_l2_p99": 30.89458465576172,
    "logit_l2_max": 33.754703521728516,
    "kl_ref_cand_p50": 0.0009230567375198007,
    "kl_ref_cand_p99": 0.002224201336503029,
    "kl_ref_cand_max": 0.002570238895714283,
    "gumbel_margin_p50": 0.0,
    "gumbel_margin_p99": 0.0011492513585835695,
    "gumbel_margin_max": 0.11490058898925781
  },
  "wallclock_s": 12.856459140777588,
  "config": {
    "model": "Qwen/Qwen3-8B",
    "dtype": "bfloat16",
    "n_prompts": 100,
    "max_len": 512,
    "weight_bits": 20,
    "activation_bits": 20,
    "true_int_matmul": false,
    "quant_scheme": "symmetric",
    "group_size": 128,
    "matmul_dtype": "bf16",
    "no_quant": false,
    "dataset": "Salesforce/wikitext",
    "dataset_config": "wikitext-103-raw-v1",
    "dataset_split": "train",
    "temperature": 1.0,
    "seed": 42,
    "device": "auto",
    "out": "experiments/baseline-int-cast/data/qwen3_8b_b20_mmbf16_flin.json",
    "include_lm_head": true,
    "skip_substrings": []
  },
  "replaced_module_count": 253
}