{
  "n_positions": 15348,
  "n_prompts": 100,
  "all": {
    "top1_match": 0.9856007695198059,
    "top5_overlap": 0.9831640124320984,
    "logit_l2": 21.84702491760254,
    "kl_ref_cand": 0.0010288645280525088,
    "gumbel_margin": 0.001021719304844737,
    "logit_l2_p50": 17.76780128479004,
    "logit_l2_p99": 73.5213623046875,
    "logit_l2_max": 1538.2200927734375,
    "kl_ref_cand_p50": 0.0006462368182837963,
    "kl_ref_cand_p99": 0.006689358968287706,
    "kl_ref_cand_max": 0.03586316108703613,
    "gumbel_margin_p50": 0.0,
    "gumbel_margin_p99": 0.03897497430443764,
    "gumbel_margin_max": 0.3854503631591797
  },
  "last": {
    "top1_match": 0.9799999594688416,
    "top5_overlap": 0.9880000352859497,
    "logit_l2": 15.815038681030273,
    "kl_ref_cand": 0.001169781549833715,
    "gumbel_margin": 0.0025132750160992146,
    "logit_l2_p50": 14.846277236938477,
    "logit_l2_p99": 30.823814392089844,
    "logit_l2_max": 32.18098449707031,
    "kl_ref_cand_p50": 0.0012553856940940022,
    "kl_ref_cand_p99": 0.0026616163086146116,
    "kl_ref_cand_max": 0.0028699797112494707,
    "gumbel_margin_p50": 0.0,
    "gumbel_margin_p99": 0.11497226357460022,
    "gumbel_margin_max": 0.12206649780273438
  },
  "wallclock_s": 12.692368268966675,
  "config": {
    "model": "Qwen/Qwen3-8B",
    "dtype": "bfloat16",
    "n_prompts": 100,
    "max_len": 512,
    "weight_bits": 24,
    "activation_bits": 24,
    "true_int_matmul": false,
    "quant_scheme": "per_group_sym",
    "group_size": 128,
    "matmul_dtype": "bf16",
    "no_quant": false,
    "dataset": "Salesforce/wikitext",
    "dataset_config": "wikitext-103-raw-v1",
    "dataset_split": "train",
    "temperature": 1.0,
    "seed": 42,
    "device": "auto",
    "out": "experiments/baseline-int-cast/data/qwen3_8b_b24_grp128_sym.json",
    "include_lm_head": true,
    "skip_substrings": []
  },
  "replaced_module_count": 253
}