{
  "n_positions": 15348,
  "n_prompts": 100,
  "all": {
    "top1_match": 0.9824733138084412,
    "top5_overlap": 0.9812353849411011,
    "logit_l2": 24.913415908813477,
    "kl_ref_cand": 0.001207805355079472,
    "gumbel_margin": 0.0011903072008863091,
    "logit_l2_p50": 20.077308654785156,
    "logit_l2_p99": 83.68788146972656,
    "logit_l2_max": 780.37255859375,
    "kl_ref_cand_p50": 0.0007623189594596624,
    "kl_ref_cand_p99": 0.007763671223074198,
    "kl_ref_cand_max": 0.16283810138702393,
    "gumbel_margin_p50": 0.0,
    "gumbel_margin_p99": 0.04866478592157364,
    "gumbel_margin_max": 0.36345672607421875
  },
  "last": {
    "top1_match": 0.9699999690055847,
    "top5_overlap": 0.9880000352859497,
    "logit_l2": 18.05706787109375,
    "kl_ref_cand": 0.0012767321895807981,
    "gumbel_margin": 0.0,
    "logit_l2_p50": 16.287195205688477,
    "logit_l2_p99": 41.200931549072266,
    "logit_l2_max": 43.095279693603516,
    "kl_ref_cand_p50": 0.0013312092050909996,
    "kl_ref_cand_p99": 0.0029679755680263042,
    "kl_ref_cand_max": 0.006062649190425873,
    "gumbel_margin_p50": 0.0,
    "gumbel_margin_p99": 0.0,
    "gumbel_margin_max": 0.0
  },
  "wallclock_s": 12.523669719696045,
  "config": {
    "model": "Qwen/Qwen3-8B",
    "dtype": "bfloat16",
    "n_prompts": 100,
    "max_len": 512,
    "weight_bits": 24,
    "activation_bits": 24,
    "true_int_matmul": false,
    "quant_scheme": "symmetric",
    "group_size": 128,
    "matmul_dtype": "bf16",
    "no_quant": false,
    "dataset": "Salesforce/wikitext",
    "dataset_config": "wikitext-103-raw-v1",
    "dataset_split": "train",
    "temperature": 1.0,
    "seed": 42,
    "device": "auto",
    "out": "experiments/baseline-int-cast/data/qwen3_8b_b24_sq_a07.json",
    "include_lm_head": true,
    "skip_substrings": [],
    "smoothquant_alpha": 0.7,
    "smoothquant_n_calib": 16,
    "act_clip_quantile": null
  },
  "replaced_module_count": 253
}