{
  "n_positions": 15348,
  "n_prompts": 100,
  "all": {
    "top1_match": 0.9790201187133789,
    "top5_overlap": 0.9783685803413391,
    "logit_l2": 20.44615364074707,
    "kl_ref_cand": 0.001172365853562951,
    "gumbel_margin": 0.0009426259784959257,
    "logit_l2_p50": 18.756267547607422,
    "logit_l2_p99": 43.67198944091797,
    "logit_l2_max": 163.53916931152344,
    "kl_ref_cand_p50": 0.0009248450514860451,
    "kl_ref_cand_p99": 0.005522589664906263,
    "kl_ref_cand_max": 0.04470323026180267,
    "gumbel_margin_p50": 0.0,
    "gumbel_margin_p99": 0.03993447124958038,
    "gumbel_margin_max": 0.2427082061767578
  },
  "last": {
    "top1_match": 0.9799999594688416,
    "top5_overlap": 0.981999933719635,
    "logit_l2": 20.18605613708496,
    "kl_ref_cand": 0.0011133685475215316,
    "gumbel_margin": 0.0,
    "logit_l2_p50": 19.350276947021484,
    "logit_l2_p99": 35.90105438232422,
    "logit_l2_max": 38.02987289428711,
    "kl_ref_cand_p50": 0.0008539602858945727,
    "kl_ref_cand_p99": 0.0030171857215464115,
    "kl_ref_cand_max": 0.0036098938435316086,
    "gumbel_margin_p50": 0.0,
    "gumbel_margin_p99": 0.0,
    "gumbel_margin_max": 0.0
  },
  "wallclock_s": 6.439325332641602,
  "config": {
    "model": "Qwen/Qwen2.5-0.5B",
    "dtype": "bfloat16",
    "n_prompts": 100,
    "max_len": 512,
    "weight_bits": 16,
    "activation_bits": 16,
    "true_int_matmul": false,
    "quant_scheme": "asymmetric",
    "group_size": 128,
    "dataset": "Salesforce/wikitext",
    "dataset_config": "wikitext-103-raw-v1",
    "dataset_split": "train",
    "temperature": 1.0,
    "seed": 42,
    "device": "auto",
    "out": "experiments/baseline-int-cast/data/qwen25_0p5b_asym16.json",
    "include_lm_head": true,
    "skip_substrings": []
  },
  "replaced_module_count": 169
}