{
  "n_positions": 15348,
  "n_prompts": 100,
  "all": {
    "top1_match": 0.9814308881759644,
    "top5_overlap": 0.9799714088439941,
    "logit_l2": 18.377336502075195,
    "kl_ref_cand": 0.0009758241358213127,
    "gumbel_margin": 0.0010143048129975796,
    "logit_l2_p50": 17.143516540527344,
    "logit_l2_p99": 35.5080680847168,
    "logit_l2_max": 57.31901168823242,
    "kl_ref_cand_p50": 0.0007889442495070398,
    "kl_ref_cand_p99": 0.003805078798905015,
    "kl_ref_cand_max": 0.012459620833396912,
    "gumbel_margin_p50": 0.0,
    "gumbel_margin_p99": 0.04387320578098297,
    "gumbel_margin_max": 0.2313232421875
  },
  "last": {
    "top1_match": 0.9799999594688416,
    "top5_overlap": 0.9779999852180481,
    "logit_l2": 18.927913665771484,
    "kl_ref_cand": 0.0009187763789668679,
    "gumbel_margin": 0.0,
    "logit_l2_p50": 17.075101852416992,
    "logit_l2_p99": 33.359806060791016,
    "logit_l2_max": 38.21116256713867,
    "kl_ref_cand_p50": 0.0007034754380583763,
    "kl_ref_cand_p99": 0.002155949827283621,
    "kl_ref_cand_max": 0.0027619125321507454,
    "gumbel_margin_p50": 0.0,
    "gumbel_margin_p99": 0.0,
    "gumbel_margin_max": 0.0
  },
  "wallclock_s": 5.259984731674194,
  "config": {
    "model": "Qwen/Qwen2.5-0.5B",
    "dtype": "bfloat16",
    "n_prompts": 100,
    "max_len": 512,
    "weight_bits": 24,
    "activation_bits": 24,
    "true_int_matmul": false,
    "quant_scheme": "symmetric",
    "group_size": 128,
    "matmul_dtype": "bf16",
    "no_quant": false,
    "dataset": "Salesforce/wikitext",
    "dataset_config": "wikitext-103-raw-v1",
    "dataset_split": "train",
    "temperature": 1.0,
    "seed": 42,
    "device": "auto",
    "out": "experiments/baseline-int-cast/data/qwen25_0p5b_b24_mmbf16_flin.json",
    "include_lm_head": true,
    "skip_substrings": []
  },
  "replaced_module_count": 169
}