{
  "n_positions": 15348,
  "n_prompts": 100,
  "all": {
    "top1_match": 1.0,
    "top5_overlap": 1.0,
    "logit_l2": 0.010856801643967628,
    "kl_ref_cand": -6.212110270631399e-10,
    "gumbel_margin": 0.0,
    "logit_l2_p50": 0.008656227961182594,
    "logit_l2_p99": 0.034597381949424744,
    "logit_l2_max": 0.34897637367248535,
    "kl_ref_cand_p50": -1.8814498570218774e-11,
    "kl_ref_cand_p99": 2.439573734136502e-07,
    "kl_ref_cand_max": 5.268194627205958e-07,
    "gumbel_margin_p50": 0.0,
    "gumbel_margin_p99": 0.0,
    "gumbel_margin_max": 0.0
  },
  "last": {
    "top1_match": 1.0,
    "top5_overlap": 1.0,
    "logit_l2": 0.008108078502118587,
    "kl_ref_cand": -9.697785685602867e-09,
    "gumbel_margin": 0.0,
    "logit_l2_p50": 0.007883087731897831,
    "logit_l2_p99": 0.016085386276245117,
    "logit_l2_max": 0.016484636813402176,
    "kl_ref_cand_p50": -1.6197766683490045e-08,
    "kl_ref_cand_p99": 2.501728886272758e-07,
    "kl_ref_cand_max": 3.3335882676510664e-07,
    "gumbel_margin_p50": 0.0,
    "gumbel_margin_p99": 0.0,
    "gumbel_margin_max": 0.0
  },
  "wallclock_s": 21.323487281799316,
  "config": {
    "model": "Qwen/Qwen3-8B",
    "dtype": "float32",
    "n_prompts": 100,
    "max_len": 512,
    "weight_bits": 24,
    "activation_bits": 24,
    "true_int_matmul": false,
    "quant_scheme": "symmetric",
    "group_size": 128,
    "matmul_dtype": "auto",
    "no_quant": false,
    "dataset": "Salesforce/wikitext",
    "dataset_config": "wikitext-103-raw-v1",
    "dataset_split": "train",
    "temperature": 1.0,
    "seed": 42,
    "device": "auto",
    "out": "experiments/baseline-int-cast/data/qwen3_8b_b24_fp32ref_fp32mm.json",
    "include_lm_head": true,
    "skip_substrings": [],
    "smoothquant_alpha": null,
    "smoothquant_n_calib": 16,
    "act_clip_quantile": null,
    "cached_bf16": false
  },
  "replaced_module_count": 253
}