{
  "top1_match": 0.9848189353942871,
  "top5_overlap": 0.982877254486084,
  "logit_l2": 22.681472778320312,
  "kl_ref_cand": 0.0011130227940157056,
  "gumbel_margin": 0.00094568234635517,
  "n_positions": 15348,
  "n_prompts": 100,
  "logit_l2_p50": 18.444377899169922,
  "logit_l2_p99": 75.57801055908203,
  "logit_l2_max": 1473.486572265625,
  "kl_ref_cand_p50": 0.0006938926526345313,
  "kl_ref_cand_p99": 0.0072594392113387585,
  "kl_ref_cand_max": 0.1564091295003891,
  "gumbel_margin_p50": 0.0,
  "gumbel_margin_p99": 0.03142298758029938,
  "gumbel_margin_max": 0.27072715759277344,
  "wallclock_s": 17.143961906433105,
  "config": {
    "model": "Qwen/Qwen3-8B",
    "dtype": "bfloat16",
    "n_prompts": 100,
    "max_len": 512,
    "weight_bits": 16,
    "activation_bits": 16,
    "true_int_matmul": false,
    "dataset": "Salesforce/wikitext",
    "dataset_config": "wikitext-103-raw-v1",
    "dataset_split": "train",
    "temperature": 1.0,
    "seed": 42,
    "device": "cuda",
    "out": "experiments/baseline-int-cast/data/qwen3_8b.json",
    "include_lm_head": true,
    "skip_substrings": []
  },
  "replaced_module_count": 253
}