{
  "n_positions": 15348,
  "n_prompts": 100,
  "all": {
    "top1_match": 0.7306489944458008,
    "top5_overlap": 0.7247589230537415,
    "logit_l2": 583.6577758789062,
    "kl_ref_cand": 0.46467500925064087,
    "gumbel_margin": 0.5665490627288818,
    "logit_l2_p50": 455.9259338378906,
    "logit_l2_p99": 2074.376953125,
    "logit_l2_max": 3711.048828125,
    "kl_ref_cand_p50": 0.1636783480644226,
    "kl_ref_cand_p99": 4.7414445877075195,
    "kl_ref_cand_max": 22.14094352722168,
    "gumbel_margin_p50": 0.0,
    "gumbel_margin_p99": 8.884498596191406,
    "gumbel_margin_max": 29.260459899902344
  },
  "last": {
    "top1_match": 0.7599999904632568,
    "top5_overlap": 0.8339999318122864,
    "logit_l2": 373.5573425292969,
    "kl_ref_cand": 0.18116562068462372,
    "gumbel_margin": 0.16284847259521484,
    "logit_l2_p50": 346.82147216796875,
    "logit_l2_p99": 818.9061889648438,
    "logit_l2_max": 941.8827514648438,
    "kl_ref_cand_p50": 0.1112767830491066,
    "kl_ref_cand_p99": 0.9332486391067505,
    "kl_ref_cand_max": 1.1886813640594482,
    "gumbel_margin_p50": 0.0,
    "gumbel_margin_p99": 1.452582597732544,
    "gumbel_margin_max": 2.0077285766601562
  },
  "wallclock_s": 15.516793727874756,
  "config": {
    "model": "Qwen/Qwen3-8B",
    "dtype": "bfloat16",
    "n_prompts": 100,
    "max_len": 512,
    "weight_bits": 24,
    "activation_bits": 24,
    "true_int_matmul": false,
    "quant_scheme": "symmetric",
    "group_size": 128,
    "matmul_dtype": "bf16",
    "no_quant": false,
    "dataset": "Salesforce/wikitext",
    "dataset_config": "wikitext-103-raw-v1",
    "dataset_split": "train",
    "temperature": 1.0,
    "seed": 42,
    "device": "auto",
    "out": "experiments/baseline-int-cast/data/qwen3_8b_b24_clip9999.json",
    "include_lm_head": true,
    "skip_substrings": [],
    "smoothquant_alpha": null,
    "smoothquant_n_calib": 16,
    "act_clip_quantile": 0.9999
  },
  "replaced_module_count": 253
}