{
  "n_positions": 15348,
  "n_prompts": 100,
  "all": {
    "top1_match": 0.9798020124435425,
    "top5_overlap": 0.9777821898460388,
    "logit_l2": 20.319976806640625,
    "kl_ref_cand": 0.0011689594248309731,
    "gumbel_margin": 0.0010943029774352908,
    "logit_l2_p50": 18.767723083496094,
    "logit_l2_p99": 43.15882110595703,
    "logit_l2_max": 153.69216918945312,
    "kl_ref_cand_p50": 0.0009305879939347506,
    "kl_ref_cand_p99": 0.005268189124763012,
    "kl_ref_cand_max": 0.043563418090343475,
    "gumbel_margin_p50": 0.0,
    "gumbel_margin_p99": 0.04414612054824829,
    "gumbel_margin_max": 0.2741127014160156
  },
  "last": {
    "top1_match": 0.9699999690055847,
    "top5_overlap": 0.981999933719635,
    "logit_l2": 20.11043357849121,
    "kl_ref_cand": 0.0010003260103985667,
    "gumbel_margin": 0.0015689277788624167,
    "logit_l2_p50": 18.330047607421875,
    "logit_l2_p99": 35.95903396606445,
    "logit_l2_max": 41.31634521484375,
    "kl_ref_cand_p50": 0.0007828118395991623,
    "kl_ref_cand_p99": 0.0033773782197386026,
    "kl_ref_cand_max": 0.0036587389186024666,
    "gumbel_margin_p50": 0.0,
    "gumbel_margin_p99": 0.047534599900245667,
    "gumbel_margin_max": 0.10998916625976562
  },
  "wallclock_s": 5.626765012741089,
  "config": {
    "model": "Qwen/Qwen2.5-0.5B",
    "dtype": "bfloat16",
    "n_prompts": 100,
    "max_len": 512,
    "weight_bits": 24,
    "activation_bits": 24,
    "true_int_matmul": false,
    "quant_scheme": "per_group_sym",
    "group_size": 128,
    "dataset": "Salesforce/wikitext",
    "dataset_config": "wikitext-103-raw-v1",
    "dataset_split": "train",
    "temperature": 1.0,
    "seed": 42,
    "device": "auto",
    "out": "experiments/baseline-int-cast/data/qwen25_0p5b_grp128_b24.json",
    "include_lm_head": true,
    "skip_substrings": []
  },
  "replaced_module_count": 169
}