{
  "n_positions": 15348,
  "n_prompts": 100,
  "all": {
    "top1_match": 0.9854053258895874,
    "top5_overlap": 0.9828121066093445,
    "logit_l2": 21.920757293701172,
    "kl_ref_cand": 0.001068511395715177,
    "gumbel_margin": 0.000962589867413044,
    "logit_l2_p50": 17.876697540283203,
    "logit_l2_p99": 73.23464965820312,
    "logit_l2_max": 934.9086303710938,
    "kl_ref_cand_p50": 0.0006549122044816613,
    "kl_ref_cand_p99": 0.006866698618978262,
    "kl_ref_cand_max": 0.2399565428495407,
    "gumbel_margin_p50": 0.0,
    "gumbel_margin_p99": 0.022153129801154137,
    "gumbel_margin_max": 0.7027626037597656
  },
  "last": {
    "top1_match": 0.9799999594688416,
    "top5_overlap": 0.9899999499320984,
    "logit_l2": 16.007139205932617,
    "kl_ref_cand": 0.0010609192540869117,
    "gumbel_margin": 0.0,
    "logit_l2_p50": 14.702972412109375,
    "logit_l2_p99": 38.53670120239258,
    "logit_l2_max": 39.825111389160156,
    "kl_ref_cand_p50": 0.000993560766801238,
    "kl_ref_cand_p99": 0.003223869251087308,
    "kl_ref_cand_max": 0.003315618960186839,
    "gumbel_margin_p50": 0.0,
    "gumbel_margin_p99": 0.0,
    "gumbel_margin_max": 0.0
  },
  "wallclock_s": 12.793842077255249,
  "config": {
    "model": "Qwen/Qwen3-8B",
    "dtype": "bfloat16",
    "n_prompts": 100,
    "max_len": 512,
    "weight_bits": 24,
    "activation_bits": 24,
    "true_int_matmul": false,
    "quant_scheme": "per_group_sym",
    "group_size": 64,
    "matmul_dtype": "bf16",
    "no_quant": false,
    "dataset": "Salesforce/wikitext",
    "dataset_config": "wikitext-103-raw-v1",
    "dataset_split": "train",
    "temperature": 1.0,
    "seed": 42,
    "device": "auto",
    "out": "experiments/baseline-int-cast/data/qwen3_8b_b24_grp64_sym.json",
    "include_lm_head": true,
    "skip_substrings": []
  },
  "replaced_module_count": 253
}