{
  "n_positions": 15348,
  "n_prompts": 100,
  "all": {
    "top1_match": 0.9999349117279053,
    "top5_overlap": 0.9999739527702332,
    "logit_l2": 0.0596269816160202,
    "kl_ref_cand": 3.865212875098223e-06,
    "gumbel_margin": 0.0,
    "logit_l2_p50": 0.0,
    "logit_l2_p99": 2.79050350189209,
    "logit_l2_max": 22.137516021728516,
    "kl_ref_cand_p50": 0.0,
    "kl_ref_cand_p99": 4.88303021484171e-06,
    "kl_ref_cand_max": 0.0021361075341701508,
    "gumbel_margin_p50": 0.0,
    "gumbel_margin_p99": 0.0,
    "gumbel_margin_max": 0.0
  },
  "last": {
    "top1_match": 1.0,
    "top5_overlap": 1.0,
    "logit_l2": 0.06211007013916969,
    "kl_ref_cand": 2.140419610441313e-06,
    "gumbel_margin": 0.0,
    "logit_l2_p50": 0.0,
    "logit_l2_p99": 0.062123339623212814,
    "logit_l2_max": 6.211007118225098,
    "kl_ref_cand_p50": 0.0,
    "kl_ref_cand_p99": 2.1408768589026295e-06,
    "kl_ref_cand_max": 0.00021404196741059422,
    "gumbel_margin_p50": 0.0,
    "gumbel_margin_p99": 0.0,
    "gumbel_margin_max": 0.0
  },
  "wallclock_s": 5.267495155334473,
  "config": {
    "model": "Qwen/Qwen2.5-0.5B",
    "dtype": "bfloat16",
    "n_prompts": 100,
    "max_len": 512,
    "weight_bits": 31,
    "activation_bits": 31,
    "true_int_matmul": false,
    "quant_scheme": "symmetric",
    "group_size": 128,
    "matmul_dtype": "bf16",
    "no_quant": false,
    "dataset": "Salesforce/wikitext",
    "dataset_config": "wikitext-103-raw-v1",
    "dataset_split": "train",
    "temperature": 1.0,
    "seed": 42,
    "device": "auto",
    "out": "experiments/baseline-int-cast/data/qwen25_0p5b_b31_mmbf16_flin.json",
    "include_lm_head": true,
    "skip_substrings": []
  },
  "replaced_module_count": 169
}