{
  "n_positions": 15348,
  "n_prompts": 100,
  "all": {
    "top1_match": 0.9855356216430664,
    "top5_overlap": 0.98333340883255,
    "logit_l2": 22.475343704223633,
    "kl_ref_cand": 0.0010709884809330106,
    "gumbel_margin": 0.0009953329572454095,
    "logit_l2_p50": 18.14663314819336,
    "logit_l2_p99": 76.3515853881836,
    "logit_l2_max": 1433.57666015625,
    "kl_ref_cand_p50": 0.0006752255139872432,
    "kl_ref_cand_p99": 0.006838145200163126,
    "kl_ref_cand_max": 0.10416717827320099,
    "gumbel_margin_p50": 0.0,
    "gumbel_margin_p99": 0.03636695444583893,
    "gumbel_margin_max": 0.24207687377929688
  },
  "last": {
    "top1_match": 0.9799999594688416,
    "top5_overlap": 0.9899999499320984,
    "logit_l2": 15.90047550201416,
    "kl_ref_cand": 0.0011504038702696562,
    "gumbel_margin": 4.800796523340978e-05,
    "logit_l2_p50": 15.063333511352539,
    "logit_l2_p99": 27.168180465698242,
    "logit_l2_max": 27.350292205810547,
    "kl_ref_cand_p50": 0.0011048463638871908,
    "kl_ref_cand_p99": 0.0025486359372735023,
    "kl_ref_cand_max": 0.0028973002918064594,
    "gumbel_margin_p50": 0.0,
    "gumbel_margin_p99": 4.801822069566697e-05,
    "gumbel_margin_max": 0.0048007965087890625
  },
  "wallclock_s": 12.849747657775879,
  "config": {
    "model": "Qwen/Qwen3-8B",
    "dtype": "bfloat16",
    "n_prompts": 100,
    "max_len": 512,
    "weight_bits": 29,
    "activation_bits": 20,
    "true_int_matmul": false,
    "quant_scheme": "symmetric",
    "group_size": 128,
    "matmul_dtype": "bf16",
    "no_quant": false,
    "dataset": "Salesforce/wikitext",
    "dataset_config": "wikitext-103-raw-v1",
    "dataset_split": "train",
    "temperature": 1.0,
    "seed": 42,
    "device": "auto",
    "out": "experiments/baseline-int-cast/data/qwen3_8b_w29_a20.json",
    "include_lm_head": true,
    "skip_substrings": []
  },
  "replaced_module_count": 253
}