{
  "n_positions": 15348,
  "n_prompts": 100,
  "all": {
    "top1_match": 0.9779124855995178,
    "top5_overlap": 0.9783555865287781,
    "logit_l2": 20.381847381591797,
    "kl_ref_cand": 0.0011655649868771434,
    "gumbel_margin": 0.0010454501025378704,
    "logit_l2_p50": 18.75084114074707,
    "logit_l2_p99": 43.30357360839844,
    "logit_l2_max": 133.2587127685547,
    "kl_ref_cand_p50": 0.0009323160629719496,
    "kl_ref_cand_p99": 0.005354724824428558,
    "kl_ref_cand_max": 0.042661234736442566,
    "gumbel_margin_p50": 0.0,
    "gumbel_margin_p99": 0.040002964437007904,
    "gumbel_margin_max": 0.34464073181152344
  },
  "last": {
    "top1_match": 0.9799999594688416,
    "top5_overlap": 0.9880000352859497,
    "logit_l2": 19.699575424194336,
    "kl_ref_cand": 0.0010516118491068482,
    "gumbel_margin": 0.0015689277788624167,
    "logit_l2_p50": 18.273279190063477,
    "logit_l2_p99": 42.029205322265625,
    "logit_l2_max": 43.59855270385742,
    "kl_ref_cand_p50": 0.0008084786823019385,
    "kl_ref_cand_p99": 0.003128662006929517,
    "kl_ref_cand_max": 0.0033229186665266752,
    "gumbel_margin_p50": 0.0,
    "gumbel_margin_p99": 0.047534599900245667,
    "gumbel_margin_max": 0.10998916625976562
  },
  "wallclock_s": 5.384915113449097,
  "config": {
    "model": "Qwen/Qwen2.5-0.5B",
    "dtype": "bfloat16",
    "n_prompts": 100,
    "max_len": 512,
    "weight_bits": 24,
    "activation_bits": 24,
    "true_int_matmul": false,
    "dataset": "Salesforce/wikitext",
    "dataset_config": "wikitext-103-raw-v1",
    "dataset_split": "train",
    "temperature": 1.0,
    "seed": 42,
    "device": "auto",
    "out": "experiments/baseline-int-cast/data/qwen25_0p5b_int24.json",
    "include_lm_head": true,
    "skip_substrings": []
  },
  "replaced_module_count": 169
}