{
  "n_positions": 15348,
  "n_prompts": 100,
  "all": {
    "top1_match": 1.0,
    "top5_overlap": 1.0,
    "logit_l2": 0.004861603956669569,
    "kl_ref_cand": -2.0572246128836014e-09,
    "gumbel_margin": 0.0,
    "logit_l2_p50": 0.0039177825674414635,
    "logit_l2_p99": 0.014881574548780918,
    "logit_l2_max": 0.16144192218780518,
    "kl_ref_cand_p50": -1.3545999877351278e-09,
    "kl_ref_cand_p99": 3.009253077834728e-07,
    "kl_ref_cand_max": 5.856733764630917e-07,
    "gumbel_margin_p50": 0.0,
    "gumbel_margin_p99": 0.0,
    "gumbel_margin_max": 0.0
  },
  "last": {
    "top1_match": 1.0,
    "top5_overlap": 1.0,
    "logit_l2": 0.004435136914253235,
    "kl_ref_cand": -2.7294686510970223e-09,
    "gumbel_margin": 0.0,
    "logit_l2_p50": 0.0040892912074923515,
    "logit_l2_p99": 0.008873785845935345,
    "logit_l2_max": 0.012934873811900616,
    "kl_ref_cand_p50": 1.4629648603659007e-09,
    "kl_ref_cand_p99": 2.670917353952973e-07,
    "kl_ref_cand_max": 3.2175989872484934e-07,
    "gumbel_margin_p50": 0.0,
    "gumbel_margin_p99": 0.0,
    "gumbel_margin_max": 0.0
  },
  "wallclock_s": 4.9313788414001465,
  "config": {
    "model": "Qwen/Qwen2.5-0.5B",
    "dtype": "float32",
    "n_prompts": 100,
    "max_len": 512,
    "weight_bits": 24,
    "activation_bits": 24,
    "true_int_matmul": false,
    "quant_scheme": "symmetric",
    "group_size": 128,
    "matmul_dtype": "auto",
    "no_quant": false,
    "dataset": "Salesforce/wikitext",
    "dataset_config": "wikitext-103-raw-v1",
    "dataset_split": "train",
    "temperature": 1.0,
    "seed": 42,
    "device": "auto",
    "out": "experiments/baseline-int-cast/data/qwen25_0p5b_b24_fp32ref_fp32mm.json",
    "include_lm_head": true,
    "skip_substrings": [],
    "smoothquant_alpha": null,
    "smoothquant_n_calib": 16,
    "act_clip_quantile": null,
    "cached_bf16": false
  },
  "replaced_module_count": 169
}