{
  "n_positions": 15348,
  "n_prompts": 100,
  "all": {
    "top1_match": 0.9827991127967834,
    "top5_overlap": 0.9814830422401428,
    "logit_l2": 25.202552795410156,
    "kl_ref_cand": 0.001220592181198299,
    "gumbel_margin": 0.0011573259253054857,
    "logit_l2_p50": 20.141380310058594,
    "logit_l2_p99": 87.90089416503906,
    "logit_l2_max": 1605.970703125,
    "kl_ref_cand_p50": 0.0007664007134735584,
    "kl_ref_cand_p99": 0.0077222553081810474,
    "kl_ref_cand_max": 0.15192541480064392,
    "gumbel_margin_p50": 0.0,
    "gumbel_margin_p99": 0.04284800589084625,
    "gumbel_margin_max": 0.6500072479248047
  },
  "last": {
    "top1_match": 0.9599999785423279,
    "top5_overlap": 0.9839999675750732,
    "logit_l2": 18.925270080566406,
    "kl_ref_cand": 0.0012838244438171387,
    "gumbel_margin": 0.0012206649407744408,
    "logit_l2_p50": 17.444486618041992,
    "logit_l2_p99": 37.118736267089844,
    "logit_l2_max": 39.33688735961914,
    "kl_ref_cand_p50": 0.0013372448738664389,
    "kl_ref_cand_p99": 0.003155214712023735,
    "kl_ref_cand_max": 0.0032862876541912556,
    "gumbel_margin_p50": 0.0,
    "gumbel_margin_p99": 0.001220925711095333,
    "gumbel_margin_max": 0.12206649780273438
  },
  "wallclock_s": 12.597763061523438,
  "config": {
    "model": "Qwen/Qwen3-8B",
    "dtype": "bfloat16",
    "n_prompts": 100,
    "max_len": 512,
    "weight_bits": 24,
    "activation_bits": 24,
    "true_int_matmul": false,
    "quant_scheme": "symmetric",
    "group_size": 128,
    "matmul_dtype": "bf16",
    "no_quant": false,
    "dataset": "Salesforce/wikitext",
    "dataset_config": "wikitext-103-raw-v1",
    "dataset_split": "train",
    "temperature": 1.0,
    "seed": 42,
    "device": "auto",
    "out": "experiments/baseline-int-cast/data/qwen3_8b_b24_sq_a06.json",
    "include_lm_head": true,
    "skip_substrings": [],
    "smoothquant_alpha": 0.6,
    "smoothquant_n_calib": 16,
    "act_clip_quantile": null
  },
  "replaced_module_count": 253
}