{
  "n_positions": 15348,
  "n_prompts": 100,
  "all": {
    "top1_match": 0.9784988760948181,
    "top5_overlap": 0.9780688881874084,
    "logit_l2": 20.4281063079834,
    "kl_ref_cand": 0.0011759414337575436,
    "gumbel_margin": 0.0010447349632158875,
    "logit_l2_p50": 18.879993438720703,
    "logit_l2_p99": 43.02008819580078,
    "logit_l2_max": 193.3214569091797,
    "kl_ref_cand_p50": 0.0009352276101708412,
    "kl_ref_cand_p99": 0.005541226360946894,
    "kl_ref_cand_max": 0.07788008451461792,
    "gumbel_margin_p50": 0.0,
    "gumbel_margin_p99": 0.04307044297456741,
    "gumbel_margin_max": 0.27156734466552734
  },
  "last": {
    "top1_match": 0.9699999690055847,
    "top5_overlap": 0.9880000352859497,
    "logit_l2": 19.496280670166016,
    "kl_ref_cand": 0.0010361772729083896,
    "gumbel_margin": 0.00046903608017601073,
    "logit_l2_p50": 18.601505279541016,
    "logit_l2_p99": 33.1891975402832,
    "logit_l2_max": 35.77808380126953,
    "kl_ref_cand_p50": 0.0008353836019523442,
    "kl_ref_cand_p99": 0.0037006093189120293,
    "kl_ref_cand_max": 0.00404198095202446,
    "gumbel_margin_p50": 0.0,
    "gumbel_margin_p99": 0.00046913628466427326,
    "gumbel_margin_max": 0.04690361022949219
  },
  "wallclock_s": 6.468821048736572,
  "config": {
    "model": "Qwen/Qwen2.5-0.5B",
    "dtype": "bfloat16",
    "n_prompts": 100,
    "max_len": 512,
    "weight_bits": 24,
    "activation_bits": 24,
    "true_int_matmul": false,
    "quant_scheme": "asymmetric",
    "group_size": 128,
    "dataset": "Salesforce/wikitext",
    "dataset_config": "wikitext-103-raw-v1",
    "dataset_split": "train",
    "temperature": 1.0,
    "seed": 42,
    "device": "auto",
    "out": "experiments/baseline-int-cast/data/qwen25_0p5b_asymmetric_b24.json",
    "include_lm_head": true,
    "skip_substrings": []
  },
  "replaced_module_count": 169
}