{
  "n_positions": 15348,
  "n_prompts": 100,
  "all": {
    "top1_match": 0.9859265685081482,
    "top5_overlap": 0.9829555153846741,
    "logit_l2": 21.674259185791016,
    "kl_ref_cand": 0.0010347019415348768,
    "gumbel_margin": 0.0009641284705139697,
    "logit_l2_p50": 17.710411071777344,
    "logit_l2_p99": 71.16181182861328,
    "logit_l2_max": 1210.5517578125,
    "kl_ref_cand_p50": 0.000648614892270416,
    "kl_ref_cand_p99": 0.006917603313922882,
    "kl_ref_cand_max": 0.06565959751605988,
    "gumbel_margin_p50": 0.0,
    "gumbel_margin_p99": 0.024803422391414642,
    "gumbel_margin_max": 0.7018089294433594
  },
  "last": {
    "top1_match": 0.9699999690055847,
    "top5_overlap": 0.9859999418258667,
    "logit_l2": 15.864776611328125,
    "kl_ref_cand": 0.0011866738786920905,
    "gumbel_margin": 0.0,
    "logit_l2_p50": 14.882827758789062,
    "logit_l2_p99": 32.110595703125,
    "logit_l2_max": 33.341407775878906,
    "kl_ref_cand_p50": 0.0012117782607674599,
    "kl_ref_cand_p99": 0.0029910390730947256,
    "kl_ref_cand_max": 0.003008537692949176,
    "gumbel_margin_p50": 0.0,
    "gumbel_margin_p99": 0.0,
    "gumbel_margin_max": 0.0
  },
  "wallclock_s": 12.810260534286499,
  "config": {
    "model": "Qwen/Qwen3-8B",
    "dtype": "bfloat16",
    "n_prompts": 100,
    "max_len": 512,
    "weight_bits": 26,
    "activation_bits": 26,
    "true_int_matmul": false,
    "quant_scheme": "symmetric",
    "group_size": 128,
    "matmul_dtype": "bf16",
    "no_quant": false,
    "dataset": "Salesforce/wikitext",
    "dataset_config": "wikitext-103-raw-v1",
    "dataset_split": "train",
    "temperature": 1.0,
    "seed": 42,
    "device": "auto",
    "out": "experiments/baseline-int-cast/data/qwen3_8b_b26_mmbf16_flin.json",
    "include_lm_head": true,
    "skip_substrings": []
  },
  "replaced_module_count": 253
}