{
  "top1_match": 1.0,
  "top5_overlap": 1.0,
  "logit_l2": 7.313037997391802e-08,
  "kl_ref_cand": -3.1305969101780295e-12,
  "gumbel_margin": 0.0,
  "n_positions": 122,
  "n_prompts": 4,
  "logit_l2_p50": 8.030079357013165e-08,
  "logit_l2_p99": 8.535342033155757e-08,
  "logit_l2_max": 8.713325883036305e-08,
  "kl_ref_cand_p50": -2.6174375167276054e-14,
  "kl_ref_cand_p99": 5.87853585254372e-11,
  "kl_ref_cand_max": 7.679249597325466e-11,
  "gumbel_margin_p50": 0.0,
  "gumbel_margin_p99": 0.0,
  "gumbel_margin_max": 0.0,
  "wallclock_s": 0.39246344566345215,
  "config": {
    "model": "sshleifer/tiny-gpt2",
    "dtype": "float32",
    "n_prompts": 4,
    "max_len": 48,
    "bits": 32,
    "dataset": "lmsys/lmsys-chat-1m",
    "dataset_split": "train",
    "temperature": 1.0,
    "seed": 42,
    "device": "cpu",
    "out": "results/smoke_tiny_gpt2.json",
    "include_lm_head": true,
    "skip_substrings": []
  },
  "replaced_module_count": 1
}