{
  "data_dir": "experiments/int-residual/data/r11a_val_T512_int8",
  "train_prompts": [
    0,
    1
  ],
  "val_prompts": [
    2,
    3
  ],
  "results": [
    {
      "model": "R1",
      "info": {
        "params": "none"
      },
      "n_val_cells": 4359168,
      "abs_mean": 268.84906005859375,
      "abs_p50": 218.0,
      "abs_p99": 981.0,
      "abs_p99.9": 1495.0,
      "abs_worst": 3071,
      "signed_mean": 0.4917316734790802,
      "signed_p1": -847.0,
      "signed_p99": 852.0,
      "bit_exact_frac": 0.0012495503729151986,
      "per_family": {
        "q": {
          "n": 308224,
          "abs_mean": 231.08901977539062,
          "abs_p99": 821.0,
          "abs_worst": 1568,
          "signed_mean": 1.7882221937179565,
          "bit_exact_frac": 0.0014664659468438539
        },
        "k": {
          "n": 44032,
          "abs_mean": 272.1619567871094,
          "abs_p99": 901.0,
          "abs_worst": 1459,
          "signed_mean": 0.07047147303819656,
          "bit_exact_frac": 0.001112827034883721
        },
        "v": {
          "n": 44032,
          "abs_mean": 226.5952911376953,
          "abs_p99": 765.0,
          "abs_worst": 1299,
          "signed_mean": 2.7102560997009277,
          "bit_exact_frac": 0.000885719476744186
        },
        "o": {
          "n": 308224,
          "abs_mean": 222.28280639648438,
          "abs_p99": 740.0,
          "abs_worst": 1462,
          "signed_mean": 3.2136011123657227,
          "bit_exact_frac": 0.0014080668604651162
        },
        "gate": {
          "n": 1673216,
          "abs_mean": 261.7047424316406,
          "abs_p99": 872.0,
          "abs_worst": 1903,
          "signed_mean": 0.5043712258338928,
          "bit_exact_frac": 0.001230564374235006
        },
        "up": {
          "n": 1673216,
          "abs_mean": 257.99713134765625,
          "abs_p99": 862.0,
          "abs_worst": 1645,
          "signed_mean": -0.41714340448379517,
          "bit_exact_frac": 0.001306466110771114
        },
        "down": {
          "n": 308224,
          "abs_mean": 456.4325256347656,
          "abs_p99": 1573.0,
          "abs_worst": 3071,
          "signed_mean": 1.0818982124328613,
          "bit_exact_frac": 0.0007397217607973422
        }
      }
    },
    {
      "model": "R11",
      "info": {
        "coefs": [
          0.009473049835582349,
          0.9994410083303008,
          0.9999415696768507,
          -0.9990448954344753
        ],
        "names": [
          "1",
          "X'\u00b7\u03b4_W",
          "W'\u00b7\u03b4_X",
          "\u03b4_X\u00b7\u03b4_W"
        ]
      },
      "n_val_cells": 4359168,
      "abs_mean": 2.40374755859375,
      "abs_p50": 2.0,
      "abs_p99": 10.0,
      "abs_p99.9": 16.0,
      "abs_worst": 50,
      "signed_mean": -0.0024286743719130754,
      "signed_p1": -9.0,
      "signed_p99": 9.0,
      "bit_exact_frac": 0.15757731750645995,
      "per_family": {
        "q": {
          "n": 308224,
          "abs_mean": 3.6273229122161865,
          "abs_p99": 15.0,
          "abs_worst": 50,
          "signed_mean": 0.008487333543598652,
          "bit_exact_frac": 0.10206538102159468
        },
        "k": {
          "n": 44032,
          "abs_mean": 3.310319662094116,
          "abs_p99": 14.0,
          "abs_worst": 33,
          "signed_mean": -0.16733284294605255,
          "bit_exact_frac": 0.11512082122093023
        },
        "v": {
          "n": 44032,
          "abs_mean": 1.8959847688674927,
          "abs_p99": 8.0,
          "abs_worst": 20,
          "signed_mean": -0.03751816973090172,
          "bit_exact_frac": 0.18958938953488372
        },
        "o": {
          "n": 308224,
          "abs_mean": 2.7190356254577637,
          "abs_p99": 10.0,
          "abs_worst": 32,
          "signed_mean": -0.045012716203927994,
          "bit_exact_frac": 0.12768311357973422
        },
        "gate": {
          "n": 1673216,
          "abs_mean": 2.4937970638275146,
          "abs_p99": 10.0,
          "abs_worst": 27,
          "signed_mean": -0.0033498364500701427,
          "bit_exact_frac": 0.14518029949510403
        },
        "up": {
          "n": 1673216,
          "abs_mean": 2.1039464473724365,
          "abs_p99": 9.0,
          "abs_worst": 29,
          "signed_mean": 0.005393804516643286,
          "bit_exact_frac": 0.17248281154375766
        },
        "down": {
          "n": 308224,
          "abs_mean": 1.946561574935913,
          "abs_p99": 10.0,
          "abs_worst": 43,
          "signed_mean": 0.020345592871308327,
          "bit_exact_frac": 0.2308580772425249
        }
      }
    },
    {
      "model": "R11a",
      "info": {
        "coefs": [
          0.008635676574296982,
          0.9998416269897092,
          1.00024655777545
        ],
        "names": [
          "1",
          "X'\u00b7\u03b4_W",
          "W'\u00b7\u03b4_X"
        ]
      },
      "n_val_cells": 4359168,
      "abs_mean": 3.350432872772217,
      "abs_p50": 3.0,
      "abs_p99": 13.0,
      "abs_p99.9": 18.0,
      "abs_worst": 57,
      "signed_mean": -0.004506823141127825,
      "signed_p1": -11.0,
      "signed_p99": 11.0,
      "bit_exact_frac": 0.10012621674594785,
      "per_family": {
        "q": {
          "n": 308224,
          "abs_mean": 4.197749137878418,
          "abs_p99": 16.0,
          "abs_worst": 46,
          "signed_mean": 0.018236737698316574,
          "bit_exact_frac": 0.07976990759966777
        },
        "k": {
          "n": 44032,
          "abs_mean": 3.9255313873291016,
          "abs_p99": 16.0,
          "abs_worst": 34,
          "signed_mean": -0.2034202367067337,
          "bit_exact_frac": 0.08929869186046512
        },
        "v": {
          "n": 44032,
          "abs_mean": 2.801621437072754,
          "abs_p99": 10.0,
          "abs_worst": 21,
          "signed_mean": -0.03899436816573143,
          "bit_exact_frac": 0.11873183139534883
        },
        "o": {
          "n": 308224,
          "abs_mean": 3.409562587738037,
          "abs_p99": 12.0,
          "abs_worst": 32,
          "signed_mean": -0.06046576425433159,
          "bit_exact_frac": 0.09636173691860465
        },
        "gate": {
          "n": 1673216,
          "abs_mean": 3.262972593307495,
          "abs_p99": 12.0,
          "abs_worst": 30,
          "signed_mean": -0.00361698679625988,
          "bit_exact_frac": 0.10120032320991432
        },
        "up": {
          "n": 1673216,
          "abs_mean": 2.971055746078491,
          "abs_p99": 10.0,
          "abs_worst": 32,
          "signed_mean": 0.006408018991351128,
          "bit_exact_frac": 0.10979096542227662
        },
        "down": {
          "n": 308224,
          "abs_mean": 4.97449254989624,
          "abs_p99": 17.0,
          "abs_worst": 57,
          "signed_mean": -0.0020309905521571636,
          "bit_exact_frac": 0.0648392078488372
        }
      }
    }
  ]
}