{
  "data_dir": "experiments/int-residual/data/r11a_val_int8",
  "train_prompts": [
    0,
    1
  ],
  "val_prompts": [
    2,
    3
  ],
  "results": [
    {
      "model": "R1",
      "info": {
        "params": "none"
      },
      "n_val_cells": 9237888,
      "abs_mean": 270.1657409667969,
      "abs_p50": 220.0,
      "abs_p99": 975.0,
      "abs_p99.9": 1459.0,
      "abs_worst": 3071,
      "signed_mean": -5.252834320068359,
      "signed_p1": -854.0,
      "signed_p99": 844.0,
      "bit_exact_frac": 0.0012589457676906236,
      "per_family": {
        "q": {
          "n": 653184,
          "abs_mean": 234.24990844726562,
          "abs_p99": 811.0,
          "abs_worst": 1616,
          "signed_mean": 0.5201505422592163,
          "bit_exact_frac": 0.0014054232804232803
        },
        "k": {
          "n": 93312,
          "abs_mean": 245.26535034179688,
          "abs_p99": 835.890625,
          "abs_worst": 1946,
          "signed_mean": -1.690704345703125,
          "bit_exact_frac": 0.0013395919067215364
        },
        "v": {
          "n": 93312,
          "abs_mean": 226.891845703125,
          "abs_p99": 762.0,
          "abs_worst": 1299,
          "signed_mean": 1.863983154296875,
          "bit_exact_frac": 0.0013181584362139918
        },
        "o": {
          "n": 653184,
          "abs_mean": 242.84161376953125,
          "abs_p99": 822.0,
          "abs_worst": 1668,
          "signed_mean": -0.5885661840438843,
          "bit_exact_frac": 0.0013227513227513227
        },
        "gate": {
          "n": 3545856,
          "abs_mean": 261.500244140625,
          "abs_p99": 878.0,
          "abs_worst": 2065,
          "signed_mean": -13.290836334228516,
          "bit_exact_frac": 0.0012654208179914807
        },
        "up": {
          "n": 3545856,
          "abs_mean": 260.5494384765625,
          "abs_p99": 872.0,
          "abs_worst": 1854,
          "signed_mean": -0.47093847393989563,
          "bit_exact_frac": 0.0012981350624503645
        },
        "down": {
          "n": 653184,
          "abs_mean": 442.3890380859375,
          "abs_p99": 1531.0,
          "abs_worst": 3071,
          "signed_mean": 0.46034348011016846,
          "bit_exact_frac": 0.0007807907113462669
        }
      }
    },
    {
      "model": "R11",
      "info": {
        "coefs": [
          0.00774808037540875,
          0.9995543209783,
          1.0000263408297443,
          -0.9992106981037941
        ],
        "names": [
          "1",
          "X'\u00b7\u03b4_W",
          "W'\u00b7\u03b4_X",
          "\u03b4_X\u00b7\u03b4_W"
        ]
      },
      "n_val_cells": 9237888,
      "abs_mean": 2.643275499343872,
      "abs_p50": 2.0,
      "abs_p99": 12.0,
      "abs_p99.9": 19.0,
      "abs_worst": 59,
      "signed_mean": 0.0008646998321637511,
      "signed_p1": -10.0,
      "signed_p99": 10.0,
      "bit_exact_frac": 0.14973151871943025,
      "per_family": {
        "q": {
          "n": 653184,
          "abs_mean": 2.5929553508758545,
          "abs_p99": 12.0,
          "abs_worst": 50,
          "signed_mean": 0.01366689894348383,
          "bit_exact_frac": 0.15180561679404272
        },
        "k": {
          "n": 93312,
          "abs_mean": 2.921435594558716,
          "abs_p99": 12.0,
          "abs_worst": 31,
          "signed_mean": -0.09976208955049515,
          "bit_exact_frac": 0.130176183127572
        },
        "v": {
          "n": 93312,
          "abs_mean": 2.1467442512512207,
          "abs_p99": 10.0,
          "abs_worst": 26,
          "signed_mean": 0.008284036070108414,
          "bit_exact_frac": 0.1756258573388203
        },
        "o": {
          "n": 653184,
          "abs_mean": 2.7510993480682373,
          "abs_p99": 12.0,
          "abs_worst": 43,
          "signed_mean": 0.010753477923572063,
          "bit_exact_frac": 0.1428357093866353
        },
        "gate": {
          "n": 3545856,
          "abs_mean": 2.9020133018493652,
          "abs_p99": 13.0,
          "abs_worst": 59,
          "signed_mean": 0.0019495997112244368,
          "bit_exact_frac": 0.13144527019709767
        },
        "up": {
          "n": 3545856,
          "abs_mean": 2.506962537765503,
          "abs_p99": 11.0,
          "abs_worst": 54,
          "signed_mean": -0.0023610659409314394,
          "bit_exact_frac": 0.15478265332827953
        },
        "down": {
          "n": 653184,
          "abs_mean": 1.952374815940857,
          "abs_p99": 10.0,
          "abs_worst": 43,
          "signed_mean": 0.0031109151896089315,
          "bit_exact_frac": 0.2254954193611601
        }
      }
    },
    {
      "model": "R11a",
      "info": {
        "coefs": [
          0.006965210822089089,
          1.0001095066285144,
          1.0003763223998683
        ],
        "names": [
          "1",
          "X'\u00b7\u03b4_W",
          "W'\u00b7\u03b4_X"
        ]
      },
      "n_val_cells": 9237888,
      "abs_mean": 3.553987979888916,
      "abs_p50": 3.0,
      "abs_p99": 14.0,
      "abs_p99.9": 20.0,
      "abs_worst": 63,
      "signed_mean": -0.0005911524640396237,
      "signed_p1": -12.0,
      "signed_p99": 12.0,
      "bit_exact_frac": 0.09644358104363249,
      "per_family": {
        "q": {
          "n": 653184,
          "abs_mean": 3.3583691120147705,
          "abs_p99": 13.0,
          "abs_worst": 46,
          "signed_mean": 0.0204398762434721,
          "bit_exact_frac": 0.10089500048990789
        },
        "k": {
          "n": 93312,
          "abs_mean": 3.6026663780212402,
          "abs_p99": 14.0,
          "abs_worst": 30,
          "signed_mean": -0.11132544279098511,
          "bit_exact_frac": 0.09512174211248285
        },
        "v": {
          "n": 93312,
          "abs_mean": 3.0070836544036865,
          "abs_p99": 11.0,
          "abs_worst": 25,
          "signed_mean": 0.00024648490943945944,
          "bit_exact_frac": 0.11136831275720165
        },
        "o": {
          "n": 653184,
          "abs_mean": 3.4513275623321533,
          "abs_p99": 13.0,
          "abs_worst": 45,
          "signed_mean": 0.006050362717360258,
          "bit_exact_frac": 0.09937628600823045
        },
        "gate": {
          "n": 3545856,
          "abs_mean": 3.6075551509857178,
          "abs_p99": 14.0,
          "abs_worst": 63,
          "signed_mean": 0.002881955821067095,
          "bit_exact_frac": 0.09433349803263302
        },
        "up": {
          "n": 3545856,
          "abs_mean": 3.2985990047454834,
          "abs_p99": 13.0,
          "abs_worst": 57,
          "signed_mean": -0.0024876927491277456,
          "bit_exact_frac": 0.10275995415493466
        },
        "down": {
          "n": 653184,
          "abs_mean": 5.019049644470215,
          "abs_p99": 17.0,
          "abs_worst": 57,
          "signed_mean": -0.021122684702277184,
          "bit_exact_frac": 0.06428203997648442
        }
      }
    },
    {
      "model": "R11_fixed",
      "info": {
        "rule": "X'\u00b7\u03b4_W + W'\u00b7\u03b4_X - \u03b4_X\u00b7\u03b4_W (no fit)"
      },
      "n_val_cells": 9237888,
      "abs_mean": 2.6435060501098633,
      "abs_p50": 2.0,
      "abs_p99": 12.0,
      "abs_p99.9": 19.0,
      "abs_worst": 59,
      "signed_mean": -0.006198061630129814,
      "signed_p1": -10.0,
      "signed_p99": 10.0,
      "bit_exact_frac": 0.1497868343933159,
      "per_family": {
        "q": {
          "n": 653184,
          "abs_mean": 2.59334135055542,
          "abs_p99": 12.0,
          "abs_worst": 50,
          "signed_mean": 0.005886549595743418,
          "bit_exact_frac": 0.15171682098765432
        },
        "k": {
          "n": 93312,
          "abs_mean": 2.9217679500579834,
          "abs_p99": 12.0,
          "abs_worst": 31,
          "signed_mean": -0.10663151741027832,
          "bit_exact_frac": 0.12958676268861455
        },
        "v": {
          "n": 93312,
          "abs_mean": 2.1466050148010254,