{
  "data_dir": "experiments/int-residual/data/r11a_val_int8",
  "train_prompts": [
    0,
    1
  ],
  "val_prompts": [
    2,
    3
  ],
  "results": [
    {
      "model": "R11",
      "info": {
        "coefs": [
          0.00774808037540875,
          0.9995543209783,
          1.0000263408297443,
          -0.9992106981037941
        ],
        "names": [
          "1",
          "X'\u00b7\u03b4_W",
          "W'\u00b7\u03b4_X",
          "\u03b4_X\u00b7\u03b4_W"
        ]
      },
      "n_val_cells": 9237888,
      "abs_mean": 2.643275499343872,
      "abs_p50": 2.0,
      "abs_p99": 12.0,
      "abs_p99.9": 19.0,
      "abs_worst": 59,
      "signed_mean": 0.0008646998321637511,
      "signed_p1": -10.0,
      "signed_p99": 10.0,
      "bit_exact_frac": 0.14973151871943025,
      "per_family": {
        "q": {
          "n": 653184,
          "abs_mean": 2.5929553508758545,
          "abs_p99": 12.0,
          "abs_worst": 50,
          "signed_mean": 0.01366689894348383,
          "bit_exact_frac": 0.15180561679404272
        },
        "k": {
          "n": 93312,
          "abs_mean": 2.921435594558716,
          "abs_p99": 12.0,
          "abs_worst": 31,
          "signed_mean": -0.09976208955049515,
          "bit_exact_frac": 0.130176183127572
        },
        "v": {
          "n": 93312,
          "abs_mean": 2.1467442512512207,
          "abs_p99": 10.0,
          "abs_worst": 26,
          "signed_mean": 0.008284036070108414,
          "bit_exact_frac": 0.1756258573388203
        },
        "o": {
          "n": 653184,
          "abs_mean": 2.7510993480682373,
          "abs_p99": 12.0,
          "abs_worst": 43,
          "signed_mean": 0.010753477923572063,
          "bit_exact_frac": 0.1428357093866353
        },
        "gate": {
          "n": 3545856,
          "abs_mean": 2.9020133018493652,
          "abs_p99": 13.0,
          "abs_worst": 59,
          "signed_mean": 0.0019495997112244368,
          "bit_exact_frac": 0.13144527019709767
        },
        "up": {
          "n": 3545856,
          "abs_mean": 2.506962537765503,
          "abs_p99": 11.0,
          "abs_worst": 54,
          "signed_mean": -0.0023610659409314394,
          "bit_exact_frac": 0.15478265332827953
        },
        "down": {
          "n": 653184,
          "abs_mean": 1.952374815940857,
          "abs_p99": 10.0,
          "abs_worst": 43,
          "signed_mean": 0.0031109151896089315,
          "bit_exact_frac": 0.2254954193611601
        }
      }
    },
    {
      "model": "R11a",
      "info": {
        "coefs": [
          0.006965210822089089,
          1.0001095066285144,
          1.0003763223998683
        ],
        "names": [
          "1",
          "X'\u00b7\u03b4_W",
          "W'\u00b7\u03b4_X"
        ]
      },
      "n_val_cells": 9237888,
      "abs_mean": 3.553987979888916,
      "abs_p50": 3.0,
      "abs_p99": 14.0,
      "abs_p99.9": 20.0,
      "abs_worst": 63,
      "signed_mean": -0.0005911524640396237,
      "signed_p1": -12.0,
      "signed_p99": 12.0,
      "bit_exact_frac": 0.09644358104363249,
      "per_family": {
        "q": {
          "n": 653184,
          "abs_mean": 3.3583691120147705,
          "abs_p99": 13.0,
          "abs_worst": 46,
          "signed_mean": 0.0204398762434721,
          "bit_exact_frac": 0.10089500048990789
        },
        "k": {
          "n": 93312,
          "abs_mean": 3.6026663780212402,
          "abs_p99": 14.0,
          "abs_worst": 30,
          "signed_mean": -0.11132544279098511,
          "bit_exact_frac": 0.09512174211248285
        },
        "v": {
          "n": 93312,
          "abs_mean": 3.0070836544036865,
          "abs_p99": 11.0,
          "abs_worst": 25,
          "signed_mean": 0.00024648490943945944,
          "bit_exact_frac": 0.11136831275720165
        },
        "o": {
          "n": 653184,
          "abs_mean": 3.4513275623321533,
          "abs_p99": 13.0,
          "abs_worst": 45,
          "signed_mean": 0.006050362717360258,
          "bit_exact_frac": 0.09937628600823045
        },
        "gate": {
          "n": 3545856,
          "abs_mean": 3.6075551509857178,
          "abs_p99": 14.0,
          "abs_worst": 63,
          "signed_mean": 0.002881955821067095,
          "bit_exact_frac": 0.09433349803263302
        },
        "up": {
          "n": 3545856,
          "abs_mean": 3.2985990047454834,
          "abs_p99": 13.0,
          "abs_worst": 57,
          "signed_mean": -0.0024876927491277456,
          "bit_exact_frac": 0.10275995415493466
        },
        "down": {
          "n": 653184,
          "abs_mean": 5.019049644470215,
          "abs_p99": 17.0,
          "abs_worst": 57,
          "signed_mean": -0.021122684702277184,
          "bit_exact_frac": 0.06428203997648442
        }
      }
    },
    {
      "model": "R11_hybrid_byK",
      "info": {
        "strategy": "R11 on down_proj (family=6), R11a elsewhere",
        "down_coefs": [
          0.004189023813760557,
          0.9996293339562683,
          0.9999886225442426,
          -0.9996457715851139
        ],
        "other_coefs": [
          0.0072592913440824,
          1.0003093589888916,
          1.0002466092692022
        ]
      },
      "n_val_cells": 9237888,
      "abs_mean": 3.336872100830078,
      "abs_p50": 3.0,
      "abs_p99": 13.0,
      "abs_p99.9": 20.0,
      "abs_worst": 63,
      "signed_mean": 0.0010004451032727957,
      "signed_p1": -11.0,
      "signed_p99": 11.0,
      "bit_exact_frac": 0.10783471286943509,
      "per_family": {
        "q": {
          "n": 653184,
          "abs_mean": 3.35957407951355,
          "abs_p99": 13.0,
          "abs_worst": 46,
          "signed_mean": 0.020557759329676628,
          "bit_exact_frac": 0.10075721389378797
        },
        "k": {
          "n": 93312,
          "abs_mean": 3.6024842262268066,
          "abs_p99": 14.0,
          "abs_worst": 30,
          "signed_mean": -0.10923568159341812,
          "bit_exact_frac": 0.09457518861454046
        },
        "v": {
          "n": 93312,
          "abs_mean": 3.0081875324249268,
          "abs_p99": 11.0,
          "abs_worst": 25,
          "signed_mean": -0.00034293552744202316,
          "bit_exact_frac": 0.11133616255144033
        },
        "o": {
          "n": 653184,
          "abs_mean": 3.452223300933838,
          "abs_p99": 13.0,
          "abs_worst": 45,
          "signed_mean": 0.006177432369440794,
          "bit_exact_frac": 0.09922778267685675
        },
        "gate": {
          "n": 3545856,
          "abs_mean": 3.6071670055389404,
          "abs_p99": 14.0,
          "abs_worst": 63,
          "signed_mean": 0.0029067734722048044,
          "bit_exact_frac": 0.09433124187784275
        },
        "up": {
          "n": 3545856,
          "abs_mean": 3.297926902770996,
          "abs_p99": 13.0,
          "abs_worst": 57,
          "signed_mean": -0.002279844367876649,
          "bit_exact_frac": 0.10277969550934951
        },
        "down": {
          "n": 653184,
          "abs_mean": 1.9519293308258057,
          "abs_p99": 10.0,
          "abs_worst": 43,
          "signed_mean": -0.00033528072526678443,
          "bit_exact_frac": 0.22565923231432491
        }
      }
    }
  ]
}