{
  "data_dir": "experiments/int-residual/data/r11a_val_int8",
  "train_prompts": [
    0,
    1
  ],
  "val_prompts": [
    2,
    3
  ],
  "results": [
    {
      "model": "R12",
      "info": {
        "coefs": [
          2.392388804566903,
          0.25135945966186923,
          0.24933364924895143
        ],
        "names": [
          "1",
          "X'\u00b7sign(\u03b4_W)",
          "sign(\u03b4_X)\u00b7W'"
        ]
      },
      "n_val_cells": 9237888,
      "abs_mean": 134.96551513671875,
      "abs_p50": 110.0,
      "abs_p99": 496.0,
      "abs_p99.9": 767.0,
      "abs_worst": 1737,
      "signed_mean": -0.4845021963119507,
      "signed_p1": -428.0,
      "signed_p99": 428.0,
      "bit_exact_frac": 0.0024583541173047348,
      "per_family": {
        "q": {
          "n": 653184,
          "abs_mean": 115.64181518554688,
          "abs_p99": 395.0,
          "abs_worst": 748,
          "signed_mean": 2.7417972087860107,
          "bit_exact_frac": 0.0028659611992945325
        },
        "k": {
          "n": 93312,
          "abs_mean": 120.68472290039062,
          "abs_p99": 407.0,
          "abs_worst": 823,
          "signed_mean": 3.185753107070923,
          "bit_exact_frac": 0.002550582990397805
        },
        "v": {
          "n": 93312,
          "abs_mean": 112.45828247070312,
          "abs_p99": 380.0,
          "abs_worst": 749,
          "signed_mean": 4.0975542068481445,
          "bit_exact_frac": 0.0027113340192043895
        },
        "o": {
          "n": 653184,
          "abs_mean": 125.16419219970703,
          "abs_p99": 427.0,
          "abs_worst": 867,
          "signed_mean": 4.079652786254883,
          "bit_exact_frac": 0.002544459141681364
        },
        "gate": {
          "n": 3545856,
          "abs_mean": 129.51100158691406,
          "abs_p99": 435.0,
          "abs_worst": 993,
          "signed_mean": -5.515742301940918,
          "bit_exact_frac": 0.0024938971012923253
        },
        "up": {
          "n": 3545856,
          "abs_mean": 128.77099609375,
          "abs_p99": 432.0,
          "abs_worst": 1019,
          "signed_mean": 2.2414867877960205,
          "bit_exact_frac": 0.0025139204750559527
        },
        "down": {
          "n": 653184,
          "abs_mean": 232.58348083496094,
          "abs_p99": 807.0,
          "abs_worst": 1737,
          "signed_mean": 3.06036114692688,
          "bit_exact_frac": 0.0014207329022143838
        }
      }
    },
    {
      "model": "R12a_X",
      "info": {
        "coefs": [
          0.5921074118877672,
          1.0015876676491806,
          0.2488649643546866
        ],
        "names": [
          "1",
          "X'\u00b7\u03b4_W (full)",
          "sign(\u03b4_X)\u00b7W'"
        ]
      },
      "n_val_cells": 9237888,
      "abs_mean": 126.19578552246094,
      "abs_p50": 102.0,
      "abs_p99": 474.0,
      "abs_p99.9": 752.0,
      "abs_worst": 1708,
      "signed_mean": -0.3476645350456238,
      "signed_p1": -406.0,
      "signed_p99": 406.0,
      "bit_exact_frac": 0.0026861118039101578,
      "per_family": {
        "q": {
          "n": 653184,
          "abs_mean": 106.61393737792969,
          "abs_p99": 371.0,
          "abs_worst": 733,
          "signed_mean": 1.399167776107788,
          "bit_exact_frac": 0.003054269547325103
        },
        "k": {
          "n": 93312,
          "abs_mean": 111.48893737792969,
          "abs_p99": 383.0,
          "abs_worst": 674,
          "signed_mean": 1.4698431491851807,
          "bit_exact_frac": 0.00318287037037037
        },
        "v": {
          "n": 93312,
          "abs_mean": 103.42940521240234,
          "abs_p99": 355.0,
          "abs_worst": 731,
          "signed_mean": 1.5779213905334473,
          "bit_exact_frac": 0.0031721536351165982
        },
        "o": {
          "n": 653184,
          "abs_mean": 108.97264099121094,
          "abs_p99": 384.0,
          "abs_worst": 863,
          "signed_mean": 0.998634397983551,
          "bit_exact_frac": 0.003078764942190868
        },
        "gate": {
          "n": 3545856,
          "abs_mean": 121.03157806396484,
          "abs_p99": 407.0,
          "abs_worst": 932,
          "signed_mean": -2.027182102203369,
          "bit_exact_frac": 0.0027183845029239767
        },
        "up": {
          "n": 3545856,
          "abs_mean": 120.57588195800781,
          "abs_p99": 404.0,
          "abs_worst": 880,
          "signed_mean": 0.5132131576538086,
          "bit_exact_frac": 0.002698643148509133
        },
        "down": {
          "n": 653184,
          "abs_mean": 226.8964385986328,
          "abs_p99": 794.0,
          "abs_worst": 1708,
          "signed_mean": 0.4685218930244446,
          "bit_exact_frac": 0.0015416789143640995
        }
      }
    },
    {
      "model": "R12a_W",
      "info": {
        "coefs": [
          1.8047061869682914,
          1.0020624732870997,
          0.2515695225780142
        ],
        "names": [
          "1",
          "W'\u00b7\u03b4_X (full)",
          "X'\u00b7sign(\u03b4_W)"
        ]
      },
      "n_val_cells": 9237888,
      "abs_mean": 44.35860824584961,
      "abs_p50": 34.0,
      "abs_p99": 178.0,
      "abs_p99.9": 261.0,
      "abs_worst": 798,
      "signed_mean": -0.13662917912006378,
      "signed_p1": -154.0,
      "signed_p99": 152.0,
      "bit_exact_frac": 0.00796329204251015,
      "per_family": {
        "q": {
          "n": 653184,
          "abs_mean": 44.72999954223633,
          "abs_p99": 156.0,
          "abs_worst": 320,
          "signed_mean": 1.3574628829956055,
          "bit_exact_frac": 0.007455785812267294
        },
        "k": {
          "n": 93312,
          "abs_mean": 45.29617691040039,
          "abs_p99": 156.0,
          "abs_worst": 324,
          "signed_mean": 1.6086784601211548,
          "bit_exact_frac": 0.0073302469135802465
        },
        "v": {
          "n": 93312,
          "abs_mean": 44.26734924316406,
          "abs_p99": 154.0,
          "abs_worst": 349,
          "signed_mean": 2.5102131366729736,
          "bit_exact_frac": 0.00818758573388203
        },
        "o": {
          "n": 653184,
          "abs_mean": 56.9411735534668,
          "abs_p99": 222.0,
          "abs_worst": 798,
          "signed_mean": 3.084277868270874,
          "bit_exact_frac": 0.006218768371546149
        },
        "gate": {
          "n": 3545856,
          "abs_mean": 43.29538345336914,
          "abs_p99": 174.0,
          "abs_worst": 585,
          "signed_mean": -3.479355573654175,
          "bit_exact_frac": 0.008145000812215725
        },
        "up": {
          "n": 3545856,
          "abs_mean": 42.71213150024414,
          "abs_p99": 173.0,
          "abs_worst": 521,
          "signed_mean": 1.7238759994506836,
          "bit_exact_frac": 0.008199430546530936
        },
        "down": {
          "n": 653184,
          "abs_mean": 45.99350357055664,
          "abs_p99": 189.0,
          "abs_worst": 563,
          "signed_mean": 2.5672659873962402,
          "bit_exact_frac": 0.008005401234567902
        }
      }
    },
    {
      "model": "R11b_X",
      "info": {
        "coefs": [
          3.0202623249327347,
          1.005359375947447
        ],
        "names": [
          "1",
          "X'\u00b7\u03b4_W"
        ]
      },
      "n_val_cells": 9237888,
      "abs_mean": 253.00096130371094,
      "abs_p50": 205.0,
      "abs_p99": 931.0,
      "abs_p99.9": 1428.0,
      "abs_worst": 2998,
      "signed_mean": -0.5074149966239929,
      "signed_p1": -805.0,
      "signed_p99": 805.0,
      "bit_exact_frac": 0.0013398084064236327,
      "per_family": {
        "q": {
          "n": 653184,
          "abs_mean": 216.47337341308594,
          "abs_p99": 760.0,
          "abs_worst": 1615,
          "signed_mean": 2.800255298614502,
          "bit_exact_frac": 0.0015876077797374094
        },
        "k": {
          "n": 93312,
          "abs_mean": 226.4389190673828,