{
  "data_dir": "experiments/int-residual/data/r11a_val_int8",
  "train_prompts": [
    0,
    1
  ],
  "val_prompts": [
    2,
    3
  ],
  "results": [
    {
      "model": "R13",
      "info": {
        "coefs": [
          4.520034417298406,
          0.0005813473332695046,
          0.0008192661115839086,
          3.202342831226522e-07,
          6.087128036949664e-06
        ],
        "names": [
          "1",
          "dX_sum_t \u00b7 Wp_sum_d",
          "dW_sum_d \u00b7 Xp_sum_t",
          "Wp_sum_d \u00b7 dX_abs_sum_t",
          "Xp_sum_t \u00b7 dW_abs_sum_d"
        ]
      },
      "n_val_cells": 9237888,
      "abs_mean": 270.0328369140625,
      "abs_p50": 220.0,
      "abs_p99": 975.0,
      "abs_p99.9": 1459.0,
      "abs_worst": 3066,
      "signed_mean": -0.7160837054252625,
      "signed_p1": -849.0,
      "signed_p99": 848.0,
      "bit_exact_frac": 0.0012427082900333928,
      "per_family": {
        "q": {
          "n": 653184,
          "abs_mean": 234.2213897705078,
          "abs_p99": 811.0,
          "abs_worst": 1631,
          "signed_mean": 5.222887992858887,
          "bit_exact_frac": 0.0013885826964530668
        },
        "k": {
          "n": 93312,
          "abs_mean": 245.18496704101562,
          "abs_p99": 836.0,
          "abs_worst": 1953,
          "signed_mean": 2.971289873123169,
          "bit_exact_frac": 0.0012324245541838134
        },
        "v": {
          "n": 93312,
          "abs_mean": 226.85296630859375,
          "abs_p99": 762.0,
          "abs_worst": 1292,
          "signed_mean": 6.567054748535156,
          "bit_exact_frac": 0.001361025377229081
        },
        "o": {
          "n": 653184,
          "abs_mean": 242.69204711914062,
          "abs_p99": 821.0,
          "abs_worst": 1656,
          "signed_mean": 4.105099201202393,
          "bit_exact_frac": 0.0013304061336468743
        },
        "gate": {
          "n": 3545856,
          "abs_mean": 261.2662353515625,
          "abs_p99": 878.0,
          "abs_worst": 2052,
          "signed_mean": -8.705523490905762,
          "bit_exact_frac": 0.001232706573532597
        },
        "up": {
          "n": 3545856,
          "abs_mean": 260.4608154296875,
          "abs_p99": 872.0,
          "abs_worst": 1846,
          "signed_mean": 4.114490985870361,
          "bit_exact_frac": 0.001290802559381994
        },
        "down": {
          "n": 653184,
          "abs_mean": 442.45587158203125,
          "abs_p99": 1531.0,
          "abs_worst": 3066,
          "signed_mean": 4.104670524597168,
          "bit_exact_frac": 0.0007869145600627082
        }
      }
    },
    {
      "model": "R13a_W",
      "info": {
        "coefs": [
          4.529021418859708,
          0.000580192598401724
        ],
        "names": [
          "1",
          "dX_sum_t \u00b7 Wp_sum_d"
        ]
      },
      "n_val_cells": 9237888,
      "abs_mean": 270.0516662597656,
      "abs_p50": 220.0,
      "abs_p99": 975.0,
      "abs_p99.9": 1459.0,
      "abs_worst": 3067,
      "signed_mean": -0.7007054090499878,
      "signed_p1": -849.0,
      "signed_p99": 848.0,
      "bit_exact_frac": 0.0012291770586523674,
      "per_family": {
        "q": {
          "n": 653184,
          "abs_mean": 234.23085021972656,
          "abs_p99": 811.0,
          "abs_worst": 1627,
          "signed_mean": 5.055967330932617,
          "bit_exact_frac": 0.0014681927297668037
        },
        "k": {
          "n": 93312,
          "abs_mean": 245.20120239257812,
          "abs_p99": 835.0,
          "abs_worst": 1950,
          "signed_mean": 2.8384344577789307,
          "bit_exact_frac": 0.0013074417009602195
        },
        "v": {
          "n": 93312,
          "abs_mean": 226.8606414794922,
          "abs_p99": 761.890625,
          "abs_worst": 1292,
          "signed_mean": 6.413569450378418,
          "bit_exact_frac": 0.001511059670781893
        },
        "o": {
          "n": 653184,
          "abs_mean": 242.76364135742188,
          "abs_p99": 821.0,
          "abs_worst": 1664,
          "signed_mean": 3.9483163356781006,
          "bit_exact_frac": 0.001399299431706839
        },
        "gate": {
          "n": 3545856,
          "abs_mean": 261.28411865234375,
          "abs_p99": 878.0,
          "abs_worst": 2052,
          "signed_mean": -8.72495174407959,
          "bit_exact_frac": 0.0012155033932568047
        },
        "up": {
          "n": 3545856,
          "abs_mean": 260.4756774902344,
          "abs_p99": 872.0,
          "abs_worst": 1844,
          "signed_mean": 4.07098913192749,
          "bit_exact_frac": 0.0012521659085986572
        },
        "down": {
          "n": 653184,
          "abs_mean": 442.4598693847656,
          "abs_p99": 1531.0,
          "abs_worst": 3067,
          "signed_mean": 5.028399467468262,
          "bit_exact_frac": 0.0007180212620027435
        }
      }
    },
    {
      "model": "R14",
      "info": {
        "coefs": [
          1.5343378547864834,
          -8.747681127658327e-07,
          0.0007895535105774509,
          1.0010639143095281
        ],
        "names": [
          "1",
          "dX_sum_t\u00b7Wp_sum_d",
          "dW_sum_d\u00b7Xp_sum_t",
          "W'\u00b7\u03b4_X"
        ]
      },
      "n_val_cells": 9237888,
      "abs_mean": 87.401123046875,
      "abs_p50": 68.0,
      "abs_p99": 352.0,
      "abs_p99.9": 512.0,
      "abs_worst": 1234,
      "signed_mean": -0.18750768899917603,
      "signed_p1": -305.0,
      "signed_p99": 300.0,
      "bit_exact_frac": 0.004079287386900556,
      "per_family": {
        "q": {
          "n": 653184,
          "abs_mean": 87.84674835205078,
          "abs_p99": 309.0,
          "abs_worst": 657,
          "signed_mean": 2.291914701461792,
          "bit_exact_frac": 0.003706459435626102
        },
        "k": {
          "n": 93312,
          "abs_mean": 87.48603820800781,
          "abs_p99": 308.0,
          "abs_worst": 661,
          "signed_mean": -1.123124599456787,
          "bit_exact_frac": 0.0037830075445816186
        },
        "v": {
          "n": 93312,
          "abs_mean": 87.3399658203125,
          "abs_p99": 312.0,
          "abs_worst": 623,
          "signed_mean": 4.207400798797607,
          "bit_exact_frac": 0.004243827160493827
        },
        "o": {
          "n": 653184,
          "abs_mean": 114.2308578491211,
          "abs_p99": 440.0,
          "abs_worst": 1234,
          "signed_mean": 1.415129542350769,
          "bit_exact_frac": 0.0031736845972957085
        },
        "gate": {
          "n": 3545856,
          "abs_mean": 84.85628509521484,
          "abs_p99": 343.0,
          "abs_worst": 1075,
          "signed_mean": -2.893350124359131,
          "bit_exact_frac": 0.004158939336509999
        },
        "up": {
          "n": 3545856,
          "abs_mean": 84.22602844238281,
          "abs_p99": 340.0,
          "abs_worst": 1176,
          "signed_mean": 1.2543439865112305,
          "bit_exact_frac": 0.0042601842827232695
        },
        "down": {
          "n": 653184,
          "abs_mean": 91.17335510253906,
          "abs_p99": 376.0,
          "abs_worst": 1083,
          "signed_mean": 2.0979127883911133,
          "bit_exact_frac": 0.003962130119537527
        }
      }
    },
    {
      "model": "R11b_W",
      "info": {
        "coefs": [
          1.534092614717358,
          1.0010676201673514
        ],
        "names": [
          "1",
          "W'\u00b7\u03b4_X"
        ]
      },
      "n_val_cells": 9237888,
      "abs_mean": 87.43582153320312,
      "abs_p50": 68.0,
      "abs_p99": 352.0,
      "abs_p99.9": 512.0,
      "abs_worst": 1239,
      "signed_mean": -0.18694359064102173,
      "signed_p1": -305.0,
      "signed_p99": 301.0,
      "bit_exact_frac": 0.004081885383325713,
      "per_family": {
        "q": {
          "n": 653184,
          "abs_mean": 87.86927795410156,
          "abs_p99": 309.0,
          "abs_worst": 658,