{
  "data_dir": "experiments/int-residual/data/r11a_val_fp4_int8",
  "train_prompts": [
    0,
    1
  ],
  "val_prompts": [
    2,
    3
  ],
  "results": [
    {
      "model": "R1",
      "info": {
        "params": "none"
      },
      "n_val_cells": 9237888,
      "abs_mean": 1109.402587890625,
      "abs_p50": 862.0,
      "abs_p99": 4394.0,
      "abs_p99.9": 6404.0,
      "abs_worst": 18615,
      "signed_mean": 0.3604380190372467,
      "signed_p1": -3782.0,
      "signed_p99": 3799.0,
      "bit_exact_frac": 0.0003180380623796262,
      "per_family": {
        "q": {
          "n": 653184,
          "abs_mean": 1110.22021484375,
          "abs_p99": 4129.0,
          "abs_worst": 10214,
          "signed_mean": -1.6879730224609375,
          "bit_exact_frac": 0.00028322800313541056
        },
        "k": {
          "n": 93312,
          "abs_mean": 1154.33984375,
          "abs_p99": 4227.890625,
          "abs_worst": 9134,
          "signed_mean": 4.142521858215332,
          "bit_exact_frac": 0.0002250514403292181
        },
        "v": {
          "n": 93312,
          "abs_mean": 1035.85498046875,
          "abs_p99": 3819.890625,
          "abs_worst": 9035,
          "signed_mean": 0.8814728856086731,
          "bit_exact_frac": 0.00038580246913580245
        },
        "o": {
          "n": 653184,
          "abs_mean": 1241.3953857421875,
          "abs_p99": 4935.0,
          "abs_worst": 18615,
          "signed_mean": 0.3730250597000122,
          "bit_exact_frac": 0.0003077233980011758
        },
        "gate": {
          "n": 3545856,
          "abs_mean": 1115.9727783203125,
          "abs_p99": 4407.0,
          "abs_worst": 17377,
          "signed_mean": 2.398090362548828,
          "bit_exact_frac": 0.0003085291675691286
        },
        "up": {
          "n": 3545856,
          "abs_mean": 1109.1607666015625,
          "abs_p99": 4369.0,
          "abs_worst": 13455,
          "signed_mean": -1.6690099239349365,
          "bit_exact_frac": 0.0003130414771496643
        },
        "down": {
          "n": 653184,
          "abs_mean": 946.3263549804688,
          "abs_p99": 4141.0,
          "abs_worst": 12711,
          "signed_mean": 1.7369914054870605,
          "bit_exact_frac": 0.0004455099941211052
        }
      }
    },
    {
      "model": "R11",
      "info": {
        "coefs": [
          -7.05597754482121,
          1.0055212261736328,
          0.9770132155159329,
          -1.1408909652843922
        ],
        "names": [
          "1",
          "X'\u00b7\u03b4_W",
          "W'\u00b7\u03b4_X",
          "\u03b4_X\u00b7\u03b4_W"
        ]
      },
      "n_val_cells": 9237888,
      "abs_mean": 1072.768798828125,
      "abs_p50": 825.0,
      "abs_p99": 4320.0,
      "abs_p99.9": 6337.0,
      "abs_worst": 18306,
      "signed_mean": -3.011955499649048,
      "signed_p1": -3712.0,
      "signed_p99": 3727.0,
      "bit_exact_frac": 0.0003556007606933533,
      "per_family": {
        "q": {
          "n": 653184,
          "abs_mean": 1085.95556640625,
          "abs_p99": 4053.0,
          "abs_worst": 9814,
          "signed_mean": -6.541374206542969,
          "bit_exact_frac": 0.0003613070742700372
        },
        "k": {
          "n": 93312,
          "abs_mean": 1126.683349609375,
          "abs_p99": 4123.0,
          "abs_worst": 8768,
          "signed_mean": -3.007491111755371,
          "bit_exact_frac": 0.00031078532235939645
        },
        "v": {
          "n": 93312,
          "abs_mean": 1011.2374877929688,
          "abs_p99": 3754.0,
          "abs_worst": 9692,
          "signed_mean": -2.424757719039917,
          "bit_exact_frac": 0.0006858710562414266
        },
        "o": {
          "n": 653184,
          "abs_mean": 1213.3487548828125,
          "abs_p99": 4876.0,
          "abs_worst": 18306,
          "signed_mean": -7.594076156616211,
          "bit_exact_frac": 0.00032303301979227906
        },
        "gate": {
          "n": 3545856,
          "abs_mean": 1084.3218994140625,
          "abs_p99": 4341.0,
          "abs_worst": 16545,
          "signed_mean": 4.080789089202881,
          "bit_exact_frac": 0.0003460377409573316
        },
        "up": {
          "n": 3545856,
          "abs_mean": 1077.133544921875,
          "abs_p99": 4303.5,
          "abs_worst": 13483,
          "signed_mean": -8.111191749572754,
          "bit_exact_frac": 0.00032968061872788967
        },
        "down": {
          "n": 653184,
          "abs_mean": 833.6806640625,
          "abs_p99": 3954.0,
          "abs_worst": 12976,
          "signed_mean": -5.806844711303711,
          "bit_exact_frac": 0.0005343058005095042
        }
      }
    },
    {
      "model": "R11a",
      "info": {
        "coefs": [
          -7.056773468422445,
          1.0061931412971605,
          0.9768734096699733
        ],
        "names": [
          "1",
          "X'\u00b7\u03b4_W",
          "W'\u00b7\u03b4_X"
        ]
      },
      "n_val_cells": 9237888,
      "abs_mean": 1072.7705078125,
      "abs_p50": 825.0,
      "abs_p99": 4320.0,
      "abs_p99.9": 6337.0,
      "abs_worst": 18304,
      "signed_mean": -3.013888120651245,
      "signed_p1": -3712.0,
      "signed_p99": 3727.0,
      "bit_exact_frac": 0.00036068850369261893,
      "per_family": {
        "q": {
          "n": 653184,
          "abs_mean": 1085.9564208984375,
          "abs_p99": 4053.0,
          "abs_worst": 9810,
          "signed_mean": -6.545223236083984,
          "bit_exact_frac": 0.00032915686850872034
        },
        "k": {
          "n": 93312,
          "abs_mean": 1126.6712646484375,
          "abs_p99": 4123.0,
          "abs_worst": 8765,
          "signed_mean": -3.00557279586792,
          "bit_exact_frac": 0.0003643689986282579
        },
        "v": {
          "n": 93312,
          "abs_mean": 1011.248291015625,
          "abs_p99": 3754.0,
          "abs_worst": 9692,
          "signed_mean": -2.436492681503296,
          "bit_exact_frac": 0.0002679183813443073
        },
        "o": {
          "n": 653184,
          "abs_mean": 1213.348388671875,
          "abs_p99": 4877.0,
          "abs_worst": 18304,
          "signed_mean": -7.598237037658691,
          "bit_exact_frac": 0.0003429355281207133
        },
        "gate": {
          "n": 3545856,
          "abs_mean": 1084.3216552734375,
          "abs_p99": 4341.0,
          "abs_worst": 16550,
          "signed_mean": 4.078305244445801,
          "bit_exact_frac": 0.0003488579344451664
        },
        "up": {
          "n": 3545856,
          "abs_mean": 1077.136962890625,
          "abs_p99": 4303.0,
          "abs_worst": 13482,
          "signed_mean": -8.113215446472168,
          "bit_exact_frac": 0.0003536522633744856
        },
        "down": {
          "n": 653184,
          "abs_mean": 833.6849975585938,
          "abs_p99": 3955.0,
          "abs_worst": 12980,
          "signed_mean": -5.800289154052734,
          "bit_exact_frac": 0.0005251200274348423
        }
      }
    },
    {
      "model": "R11_fixed",
      "info": {
        "rule": "X'\u00b7\u03b4_W + W'\u00b7\u03b4_X - \u03b4_X\u00b7\u03b4_W (no fit)"
      },
      "n_val_cells": 9237888,
      "abs_mean": 1072.7855224609375,
      "abs_p50": 825.0,
      "abs_p99": 4321.0,
      "abs_p99.9": 6337.0,
      "abs_worst": 18303,
      "signed_mean": 4.118878364562988,
      "signed_p1": -3705.0,
      "signed_p99": 3734.0,
      "bit_exact_frac": 0.00034888926992836456,
      "per_family": {
        "q": {
          "n": 653184,
          "abs_mean": 1085.9447021484375,
          "abs_p99": 4053.0,
          "abs_worst": 9797,
          "signed_mean": 0.5294955372810364,
          "bit_exact_frac": 0.00033068783068783067
        },
        "k": {
          "n": 93312,
          "abs_mean": 1126.6416015625,
          "abs_p99": 4120.0,
          "abs_worst": 8767,
          "signed_mean": 4.0428667068481445,