{
  "data_dir": "experiments/int-residual/data/smoke_resid_int8",
  "train_prompts": [
    0
  ],
  "val_prompts": [
    0
  ],
  "results": [
    {
      "model": "R1",
      "info": {
        "params": "none"
      },
      "n_val_cells": 405504,
      "abs_mean": 272.70635986328125,
      "abs_p50": 222.0,
      "abs_p99": 993.0,
      "abs_p99.9": 1517.0,
      "abs_worst": 3083,
      "signed_mean": 3.7819626331329346,
      "signed_p1": -861.0,
      "signed_p99": 862.0,
      "bit_exact_frac": 0.0011491871843434343,
      "per_family": {
        "q": {
          "n": 28672,
          "abs_mean": 236.657958984375,
          "abs_p99": 857.0,
          "abs_worst": 1457,
          "signed_mean": -1.2286900281906128,
          "bit_exact_frac": 0.0017787388392857143
        },
        "k": {
          "n": 4096,
          "abs_mean": 271.8603515625,
          "abs_p99": 895.2001953125,
          "abs_worst": 1459,
          "signed_mean": -2.9033203125,
          "bit_exact_frac": 0.0009765625
        },
        "v": {
          "n": 4096,
          "abs_mean": 227.87890625,
          "abs_p99": 756.400390625,
          "abs_worst": 1077,
          "signed_mean": -1.9775390625,
          "bit_exact_frac": 0.00048828125
        },
        "o": {
          "n": 28672,
          "abs_mean": 230.27883911132812,
          "abs_p99": 771.0,
          "abs_worst": 1436,
          "signed_mean": 4.9722723960876465,
          "bit_exact_frac": 0.001220703125
        },
        "gate": {
          "n": 155648,
          "abs_mean": 263.7231750488281,
          "abs_p99": 880.0,
          "abs_worst": 1726,
          "signed_mean": 7.780331134796143,
          "bit_exact_frac": 0.001117907072368421
        },
        "up": {
          "n": 155648,
          "abs_mean": 261.83404541015625,
          "abs_p99": 869.0,
          "abs_worst": 1640,
          "signed_mean": 1.3533614873886108,
          "bit_exact_frac": 0.0011693050986842106
        },
        "down": {
          "n": 28672,
          "abs_mean": 465.4939270019531,
          "abs_p99": 1599.291015625,
          "abs_worst": 3083,
          "signed_mean": 0.8585379719734192,
          "bit_exact_frac": 0.0006277901785714286
        }
      }
    },
    {
      "model": "R2",
      "info": {
        "a": -4
      },
      "n_val_cells": 405504,
      "abs_mean": 272.6925048828125,
      "abs_p50": 222.0,
      "abs_p99": 993.0,
      "abs_p99.9": 1517.0,
      "abs_worst": 3079,
      "signed_mean": -0.21803730726242065,
      "signed_p1": -865.0,
      "signed_p99": 858.0,
      "bit_exact_frac": 0.0012059067234848485,
      "per_family": {
        "q": {
          "n": 28672,
          "abs_mean": 236.67385864257812,
          "abs_p99": 856.291015625,
          "abs_worst": 1461,
          "signed_mean": -5.228690147399902,
          "bit_exact_frac": 0.0011858258928571428
        },
        "k": {
          "n": 4096,
          "abs_mean": 271.8662109375,
          "abs_p99": 899.0,
          "abs_worst": 1463,
          "signed_mean": -6.9033203125,
          "bit_exact_frac": 0.001953125
        },
        "v": {
          "n": 4096,
          "abs_mean": 227.99609375,
          "abs_p99": 760.0,
          "abs_worst": 1073,
          "signed_mean": -5.9775390625,
          "bit_exact_frac": 0.000732421875
        },
        "o": {
          "n": 28672,
          "abs_mean": 230.26272583007812,
          "abs_p99": 768.291015625,
          "abs_worst": 1432,
          "signed_mean": 0.9722725749015808,
          "bit_exact_frac": 0.0011858258928571428
        },
        "gate": {
          "n": 155648,
          "abs_mean": 263.6715393066406,
          "abs_p99": 881.0,
          "abs_worst": 1722,
          "signed_mean": 3.7803313732147217,
          "bit_exact_frac": 0.0013042249177631579
        },
        "up": {
          "n": 155648,
          "abs_mean": 261.8472595214844,
          "abs_p99": 870.0,
          "abs_worst": 1636,
          "signed_mean": -2.6466386318206787,
          "bit_exact_frac": 0.0011885793585526315
        },
        "down": {
          "n": 28672,
          "abs_mean": 465.48919677734375,
          "abs_p99": 1600.291015625,
          "abs_worst": 3079,
          "signed_mean": -3.1414620876312256,
          "bit_exact_frac": 0.0007672991071428571
        }
      }
    },
    {
      "model": "R3",
      "info": {
        "means": {
          "q": 1,
          "k": 3,
          "v": 2,
          "o": -5,
          "gate": -8,
          "up": -1,
          "down": -1,
          "other": 0
        }
      },
      "n_val_cells": 405504,
      "abs_mean": 272.6803894042969,
      "abs_p50": 222.0,
      "abs_p99": 993.0,
      "abs_p99.9": 1517.5,
      "abs_worst": 3082,
      "signed_mean": 0.0243869349360466,
      "signed_p1": -864.0,
      "signed_p99": 859.0,
      "bit_exact_frac": 0.0012601601957070707,
      "per_family": {
        "q": {
          "n": 28672,
          "abs_mean": 236.66249084472656,
          "abs_p99": 856.58203125,
          "abs_worst": 1456,
          "signed_mean": -0.2286900132894516,
          "bit_exact_frac": 0.0016043526785714285
        },
        "k": {
          "n": 4096,
          "abs_mean": 271.88623046875,
          "abs_p99": 894.10009765625,
          "abs_worst": 1456,
          "signed_mean": 0.0966796875,
          "bit_exact_frac": 0.000732421875
        },
        "v": {
          "n": 4096,
          "abs_mean": 227.83251953125,
          "abs_p99": 757.450439453125,
          "abs_worst": 1079,
          "signed_mean": 0.0224609375,
          "bit_exact_frac": 0.001953125
        },
        "o": {
          "n": 28672,
          "abs_mean": 230.26551818847656,
          "abs_p99": 769.0,
          "abs_worst": 1431,
          "signed_mean": -0.0277273990213871,
          "bit_exact_frac": 0.0012904575892857143
        },
        "gate": {
          "n": 155648,
          "abs_mean": 263.6585998535156,
          "abs_p99": 881.0,
          "abs_worst": 1718,
          "signed_mean": -0.21966874599456787,
          "bit_exact_frac": 0.0013299239309210527
        },
        "up": {
          "n": 155648,
          "abs_mean": 261.8336181640625,
          "abs_p99": 869.0,
          "abs_worst": 1639,
          "signed_mean": 0.35336142778396606,
          "bit_exact_frac": 0.0012464021381578948
        },
        "down": {
          "n": 28672,
          "abs_mean": 465.49127197265625,
          "abs_p99": 1598.873046875,
          "abs_worst": 3082,
          "signed_mean": -0.1414620578289032,
          "bit_exact_frac": 0.0005580357142857143
        }
      }
    },
    {
      "model": "R4",
      "info": {
        "a": -4.3635491229352,
        "b": -0.0006997748968565515
      },
      "n_val_cells": 405504,
      "abs_mean": 272.5224609375,
      "abs_p50": 222.0,
      "abs_p99": 992.0,
      "abs_p99.9": 1518.5,
      "abs_worst": 3072,
      "signed_mean": -0.00019975141913164407,
      "signed_p1": -864.0,
      "signed_p99": 858.0,
      "bit_exact_frac": 0.001252761994949495,
      "per_family": {
        "q": {
          "n": 28672,
          "abs_mean": 237.1302947998047,
          "abs_p99": 853.0,
          "abs_worst": 1429,
          "signed_mean": -5.8382391929626465,
          "bit_exact_frac": 0.0010463169642857143
        },
        "k": {
          "n": 4096,
          "abs_mean": 272.585693359375,
          "abs_p99": 889.50048828125,
          "abs_worst": 1468,
          "signed_mean": -8.286865234375,
          "bit_exact_frac": 0.000732421875
        },
        "v": {
          "n": 4096,
          "abs_mean": 227.895751953125,
          "abs_p99": 754.2001953125,
          "abs_worst": 1084,
          "signed_mean": -6.150634765625,
          "bit_exact_frac": 0.000732421875
        },
        "o": {
          "n": 28672,
          "abs_mean": 230.27249145507812,
          "abs_p99": 767.291015625,
          "abs_worst": 1416,
          "signed_mean": 0.6742118000984192,