{
  "data_dir": "experiments/int-residual/data/smoke_v3",
  "train_prompts": [
    0
  ],
  "val_prompts": [
    0
  ],
  "results": [
    {
      "model": "R1",
      "info": {
        "params": "none"
      },
      "n_val_cells": 405504,
      "abs_mean": 272.9603576660156,
      "abs_p50": 222.0,
      "abs_p99": 996.0,
      "abs_p99.9": 1516.5,
      "abs_worst": 3042,
      "signed_mean": 3.2909958362579346,
      "signed_p1": -862.969970703125,
      "signed_p99": 863.0,
      "bit_exact_frac": 0.0011812460542929293,
      "per_family": {
        "q": {
          "n": 28672,
          "abs_mean": 237.39425659179688,
          "abs_p99": 857.0,
          "abs_worst": 1568,
          "signed_mean": -1.3003627061843872,
          "bit_exact_frac": 0.0016392299107142857
        },
        "k": {
          "n": 4096,
          "abs_mean": 272.814697265625,
          "abs_p99": 911.250244140625,
          "abs_worst": 1459,
          "signed_mean": -2.819580078125,
          "bit_exact_frac": 0.0009765625
        },
        "v": {
          "n": 4096,
          "abs_mean": 227.83837890625,
          "abs_p99": 759.250244140625,
          "abs_worst": 1077,
          "signed_mean": -1.9873046875,
          "bit_exact_frac": 0.0009765625
        },
        "o": {
          "n": 28672,
          "abs_mean": 230.27001953125,
          "abs_p99": 770.291015625,
          "abs_worst": 1436,
          "signed_mean": 5.613002300262451,
          "bit_exact_frac": 0.0016392299107142857
        },
        "gate": {
          "n": 155648,
          "abs_mean": 264.1314392089844,
          "abs_p99": 882.53125,
          "abs_worst": 1726,
          "signed_mean": 6.422176837921143,
          "bit_exact_frac": 0.0011243318256578948
        },
        "up": {
          "n": 155648,
          "abs_mean": 262.007080078125,
          "abs_p99": 871.0,
          "abs_worst": 1669,
          "signed_mean": 1.3262168169021606,
          "bit_exact_frac": 0.0011757298519736842
        },
        "down": {
          "n": 28672,
          "abs_mean": 465.0723571777344,
          "abs_p99": 1595.291015625,
          "abs_worst": 3042,
          "signed_mean": 0.8554338812828064,
          "bit_exact_frac": 0.0006626674107142857
        }
      }
    },
    {
      "model": "R7b",
      "info": {
        "a": -4.385673067623555,
        "b": -78.57377462503794,
        "c": -0.0008921022276126672
      },
      "n_val_cells": 405504,
      "abs_mean": 272.5898742675781,
      "abs_p50": 222.0,
      "abs_p99": 993.0,
      "abs_p99.9": 1516.0,
      "abs_worst": 3029,
      "signed_mean": 0.0007422861526720226,
      "signed_p1": -863.0,
      "signed_p99": 859.0,
      "bit_exact_frac": 0.0012133049242424242,
      "per_family": {
        "q": {
          "n": 28672,
          "abs_mean": 237.6541290283203,
          "abs_p99": 853.291015625,
          "abs_worst": 1535,
          "signed_mean": -5.978062152862549,
          "bit_exact_frac": 0.0012904575892857143
        },
        "k": {
          "n": 4096,
          "abs_mean": 273.41845703125,
          "abs_p99": 927.10009765625,
          "abs_worst": 1470,
          "signed_mean": -8.6142578125,
          "bit_exact_frac": 0.00146484375
        },
        "v": {
          "n": 4096,
          "abs_mean": 227.83203125,
          "abs_p99": 756.30029296875,
          "abs_worst": 1087,
          "signed_mean": -6.11279296875,
          "bit_exact_frac": 0.0009765625
        },
        "o": {
          "n": 28672,
          "abs_mean": 230.1616973876953,
          "abs_p99": 768.0,
          "abs_worst": 1412,
          "signed_mean": 1.3085240125656128,
          "bit_exact_frac": 0.0014997209821428572
        },
        "gate": {
          "n": 155648,
          "abs_mean": 263.3721618652344,
          "abs_p99": 881.0,
          "abs_worst": 1670,
          "signed_mean": 4.958540916442871,
          "bit_exact_frac": 0.0011757298519736842
        },
        "up": {
          "n": 155648,
          "abs_mean": 261.6556701660156,
          "abs_p99": 870.0,
          "abs_worst": 1675,
          "signed_mean": -3.07209849357605,
          "bit_exact_frac": 0.0013299239309210527
        },
        "down": {
          "n": 28672,
          "abs_mean": 465.62530517578125,
          "abs_p99": 1597.291015625,
          "abs_worst": 3029,
          "signed_mean": -3.456787109375,
          "bit_exact_frac": 0.0004185267857142857
        }
      }
    },
    {
      "model": "R10",
      "info": {
        "coefs": [
          -4.451871389645499,
          -0.0010456643475763568,
          0.35001448874451424,
          -0.10930582974321909,
          -0.04835644764450233,
          0.04900303626038845,
          -0.0010323830568203288,
          0.0010039233809313332,
          0.0005789763838587846,
          0.0005194614392983469
        ],
        "names": [
          "1",
          "Y'",
          "\u03a3\u03b4_X[t]",
          "\u03a3\u03b4_W[d]",
          "\u03a3|\u03b4_X[t]|",
          "\u03a3|\u03b4_W[d]|",
          "\u03a3X'[t]",
          "\u03a3W'[d]",
          "\u03a3X'\u00b7\u03a3\u03b4_W",
          "\u03a3W'\u00b7\u03a3\u03b4_X"
        ]
      },
      "n_val_cells": 405504,
      "abs_mean": 272.5168151855469,
      "abs_p50": 221.0,
      "abs_p99": 993.0,
      "abs_p99.9": 1516.0,
      "abs_worst": 3035,
      "signed_mean": -0.0007940735667943954,
      "signed_p1": -863.0,
      "signed_p99": 859.0,
      "bit_exact_frac": 0.0011467211174242425,
      "per_family": {
        "q": {
          "n": 28672,
          "abs_mean": 237.6001739501953,
          "abs_p99": 851.0,
          "abs_worst": 1532,
          "signed_mean": -6.897181987762451,
          "bit_exact_frac": 0.0013253348214285715
        },
        "k": {
          "n": 4096,
          "abs_mean": 273.37451171875,
          "abs_p99": 930.0,
          "abs_worst": 1471,
          "signed_mean": -9.720703125,
          "bit_exact_frac": 0.0009765625
        },
        "v": {
          "n": 4096,
          "abs_mean": 227.86279296875,
          "abs_p99": 757.2001953125,
          "abs_worst": 1090,
          "signed_mean": -6.96337890625,
          "bit_exact_frac": 0.000732421875
        },
        "o": {
          "n": 28672,
          "abs_mean": 230.108154296875,
          "abs_p99": 767.0,
          "abs_worst": 1386,
          "signed_mean": 0.7531040906906128,
          "bit_exact_frac": 0.00146484375
        },
        "gate": {
          "n": 155648,
          "abs_mean": 263.2276306152344,
          "abs_p99": 879.0,
          "abs_worst": 1664,
          "signed_mean": 4.448486328125,
          "bit_exact_frac": 0.0010665090460526315
        },
        "up": {
          "n": 155648,
          "abs_mean": 261.613525390625,
          "abs_p99": 869.0,
          "abs_worst": 1684,
          "signed_mean": -2.8603837490081787,
          "bit_exact_frac": 0.0012271278782894736
        },
        "down": {
          "n": 28672,
          "abs_mean": 465.7151794433594,
          "abs_p99": 1598.0,
          "abs_worst": 3035,
          "signed_mean": -0.1048409566283226,
          "bit_exact_frac": 0.000732421875
        }
      }
    },
    {
      "model": "R11",
      "info": {
        "coefs": [
          -0.024777621685476155,
          0.9993504254145603,
          0.9997545628802169,
          -0.9971530700313518
        ],
        "names": [
          "1",
          "X'\u00b7\u03b4_W",
          "W'\u00b7\u03b4_X",
          "\u03b4_X\u00b7\u03b4_W"
        ]
      },
      "n_val_cells": 405504,
      "abs_mean": 2.783005952835083,
      "abs_p50": 2.0,
      "abs_p99": 11.0,
      "abs_p99.9": 17.0,
      "abs_worst": 45,
      "signed_mean": 9.864267485681921e-05,
      "signed_p1": -10.0,
      "signed_p99": 10.0,
      "bit_exact_frac": 0.13099254261363635,
      "per_family": {
        "q": {
          "n": 28672,
          "abs_mean": 3.6199429035186768,
          "abs_p99": 14.0,
          "abs_worst": 33,