{
  "pre": {
    "student_vs_teacher/top1": 0.9624019265174866,
    "student_vs_teacher/top5": 0.9563429355621338,
    "student_vs_teacher/top10": 0.9563971161842346,
    "student_vs_teacher/logit_l1_mean": 24272.751953125,
    "student_vs_teacher/logit_l1_p99": 95061.171875,
    "student_vs_teacher/logit_mae_mean": 0.15975642204284668,
    "student_vs_teacher/logit_l2_mean": 75.957763671875,
    "student_vs_teacher/logit_l2_p99": 278.3128662109375,
    "student_vs_teacher/logit_max_err_mean": 0.9089472889900208,
    "student_vs_teacher/logit_max_err_p99": 2.75,
    "student_vs_teacher/logit_cosine_mean": 0.9985001683235168,
    "student_vs_teacher/logit_cosine_p01": 0.988068163394928,
    "student_vs_teacher/kl_mean": 0.007660348434001207,
    "student_vs_teacher/kl_p99": 0.08132699877023697,
    "student_vs_teacher/margin_mean": 0.007618607021868229,
    "student_vs_teacher/margin_p99": 0.2761276662349701,
    "student_vs_teacher/n_positions": 3697,
    "student_vs_teacher/vocab_size": 151936,
    "step": 0,
    "lr": 0.0,
    "loss": NaN,
    "wall_s": 9.461095333099365
  },
  "post": {
    "student_vs_teacher/top1": 0.9637543559074402,
    "student_vs_teacher/top5": 0.9565593004226685,
    "student_vs_teacher/top10": 0.9571544528007507,
    "student_vs_teacher/logit_l1_mean": 24246.046875,
    "student_vs_teacher/logit_l1_p99": 92709.96875,
    "student_vs_teacher/logit_mae_mean": 0.15958066284656525,
    "student_vs_teacher/logit_l2_mean": 75.90176391601562,
    "student_vs_teacher/logit_l2_p99": 266.2942199707031,
    "student_vs_teacher/logit_max_err_mean": 0.9101546406745911,
    "student_vs_teacher/logit_max_err_p99": 2.7106266021728516,
    "student_vs_teacher/logit_cosine_mean": 0.9985072612762451,
    "student_vs_teacher/logit_cosine_p01": 0.9879653453826904,
    "student_vs_teacher/kl_mean": 0.007743267808109522,
    "student_vs_teacher/kl_p99": 0.08427166938781738,
    "student_vs_teacher/margin_mean": 0.006641021929681301,
    "student_vs_teacher/margin_p99": 0.23526903986930847,
    "student_vs_teacher/n_positions": 3697,
    "student_vs_teacher/vocab_size": 151936,
    "step": -1,
    "lr": 0.0,
    "loss": NaN,
    "best_step": 400,
    "wall_s": 645.9776892662048
  },
  "best_step": 400
}